ID,probability
4,0.17673016040567266
5,0.041517852112366596
6,0.11974180208657902
10,0.11540094112579176
11,0.17828335711648832
12,0.1001747246219098
17,0.6064537989019606
18,0.06240433964497763
19,0.4715087471479126
20,0.31120187744894534
21,0.07307616639011703
22,0.31095822126697464
25,0.0883544313280857
26,0.0855215357637634
30,0.075156346786619
32,0.7029522752717337
36,0.12394413690441689
37,0.08033476822763105
38,0.085991823831608
40,0.17208669282313513
44,0.06422642166378974
45,0.3069329703814567
47,0.14398588300277484
49,0.017151210254342197
51,0.467625079407283
52,0.06354929720571666
53,0.04188818950783344
55,0.5174256322326917
62,0.21931225952852804
63,0.7820622843782223
64,0.14191148400816683
66,0.15050631056899685
67,0.6549250592900576
68,0.33587545109215694
70,0.5729603118213596
72,0.6685490338669127
75,0.027978943717800735
77,0.11354698016080518
78,0.2149539366067867
80,0.4840048415418716
81,0.03063995185276162
82,0.07922700244420808
86,0.06968935334223787
88,0.06737142812359292
89,0.10405886947632437
90,0.8811539959968465
91,0.7466337978346701
93,0.1694763972469995
98,0.0669134862665854
99,0.07248651642142455
101,0.12354095259546266
102,0.09038653716391075
103,0.08643334951740349
107,0.1613193125052984
109,0.17433518580898621
110,0.6428603869270599
111,0.2270014237024301
113,0.8677191692342153
118,0.7529223826548628
121,0.7091372510794566
122,0.4114645717109723
123,0.3554225422874704
126,0.33925456873213716
127,0.06925440136521592
128,0.12289672509413438
129,0.12752400349052959
130,0.6376040323872014
134,0.13633329093574398
135,0.08677829106503587
138,0.12037731916831836
139,0.2812094441340196
140,0.19930624079013004
141,0.4090138578831891
142,0.1314285100874084
143,0.4701283083986878
144,0.01133499087794389
147,0.079309787962662
148,0.1423668563603181
149,0.48805494929844523
153,0.19772722810949706
155,0.0946592940258864
156,0.03455923153603669
157,0.04567771586350586
160,0.8012507611073411
161,0.7346586889943085
162,0.4009257022769404
163,0.24265117737410866
166,0.09973656793450052
167,0.012795025880856896
168,0.3271305766444856
171,0.03423948900693855
172,0.06564446516189495
174,0.35765847195055767
177,0.07056862044222403
179,0.06360544533679911
181,0.20144255153820056
183,0.015795774989156432
184,0.25844118495565627
186,0.45443326642488446
187,0.021670986787941608
189,0.13820262937715785
191,0.010108392371139618
192,0.7161597513117924
197,0.10858136747262233
198,0.2646482472845845
199,0.08013787796164466
200,0.39318289498140946
201,0.19278243990284713
203,0.04129394880787972
205,0.10678715071247978
207,0.2902245766478885
209,0.16474097366752388
210,0.10389083558492775
211,0.029719924756056254
212,0.10592056145884948
213,0.14422516191907866
216,0.34794517177947193
217,0.44694597600395486
219,0.07217838371208522
220,0.20815659210360674
221,0.6612229504342959
222,0.18293025624954878
226,0.04850360546831541
228,0.32584419968253536
229,0.5515069326044436
231,0.07381561484156642
232,0.3829142517062546
234,0.7015383286946811
235,0.09271990269652271
236,0.11705085177269041
241,0.488562078516293
242,0.0911093942412004
244,0.2371977920851331
245,0.5325053658759491
246,0.255433761993531
248,0.057127056136013266
249,0.058573977741028405
250,0.16923419786258423
251,0.45507043191638935
252,0.1743066987665204
253,0.08940819935357805
254,0.026435147105560892
255,0.06232761071332494
259,0.15720842221767603
260,0.7098990847797457
262,0.10740927802845512
263,0.19348006514406096
267,0.28468877675953824
273,0.4863982213498962
276,0.07023718265595927
278,0.39472394345154005
279,0.22963294685998645
280,0.046596085342163134
282,0.032816776017091154
283,0.06178991299518544
285,0.030003483770135536
286,0.044331516006823626
287,0.6167875989638075
288,0.0404542922067969
290,0.10442637176160394
291,0.15548432896762535
293,0.7125371370132397
296,0.10235955568204937
298,0.04834594655243976
299,0.04564412036336521
300,0.13284677943747905
301,0.20913400507020377
303,0.16080172914256066
309,0.692825246448994
312,0.049484836708345525
315,0.09798171879221475
316,0.12959872553754248
317,0.09223687893409135
319,0.7051320659408441
321,0.35898674181886037
325,0.01226776298016484
328,0.8102612980691385
329,0.06778222546562639
331,0.2004002645738423
333,0.33211002594908173
335,0.15647313760074777
336,0.05649558173027669
338,0.16516736766688636
339,0.14164621497482413
344,0.05185084936622059
345,0.059743927577376114
348,0.16481835500050832
352,0.2735206375739172
356,0.20796053981916593
357,0.04298168428069237
359,0.08114183208174701
360,0.030695638896778277
361,0.6648710245427951
365,0.04065356333786252
366,0.2888584927061451
367,0.20573464926694202
368,0.6134233804664124
369,0.39830888832881894
370,0.6495290147089349
371,0.7918418447351836
372,0.10243920863860623
373,0.37716103230894144
374,0.12328213746426786
375,0.1875526564880218
377,0.6331210477653038
378,0.03885836065400702
379,0.02873204025451007
380,0.05492982836305629
381,0.0864473202023317
382,0.6593323902067979
383,0.0719265634243514
384,0.24634469215444565
385,0.05190298602603034
386,0.0511192611310564
389,0.09076856039609933
390,0.3052599029377842
391,0.5277166473097488
392,0.08080658091095093
396,0.0724537627978595
397,0.10135160122500418
398,0.09371442310824803
399,0.04720161288888488
400,0.6923623028621213
401,0.05529436265589433
402,0.08901481138247018
403,0.29160593733965584
404,0.14155409350546788
406,0.13243265935263387
408,0.468525195341616
409,0.009498064704616734
411,0.464141512915897
412,0.30683775086088977
413,0.1630647707607215
414,0.15418232293878364
415,0.020098573772570218
417,0.11052863410083391
420,0.36996336548474706
421,0.6176446290994614
423,0.07485292951049133
425,0.04748938344188671
426,0.20791743047394862
427,0.6746523647437375
429,0.24662042335681927
430,0.11428244094427581
431,0.14123401192766322
435,0.05100535396803211
436,0.7036396648503465
440,0.11538682999802242
441,0.16179236986533774
442,0.27862224393463136
446,0.06145475483723909
447,0.08625232191004711
450,0.12016191464600692
453,0.0835536556378029
455,0.11188334518560814
456,0.13736024528801546
459,0.04108463459150806
463,0.05403581506355437
464,0.024263729643579625
465,0.2749572204633545
468,0.06932978536579644
469,0.024639238153238437
472,0.11900313812289039
473,0.08265368858719527
474,0.6570435702851835
475,0.13269185981345494
479,0.31586180204826786
480,0.2808700813996945
484,0.5671307040581521
485,0.16106168406475158
488,0.028794627825777498
489,0.3561778231141499
492,0.846581158057341
495,0.1376747208327478
498,0.36548029412403904
499,0.24487020246567626
500,0.2144611380656546
501,0.42377488517563017
507,0.1105660130900228
508,0.07232924018646038
513,0.053188694338844135
514,0.8104154717247658
516,0.05632847981584259
517,0.10373315853641753
519,0.37950869952662647
520,0.015363049568396216
521,0.2081213527690088
524,0.054547684345421434
525,0.04283076077536498
530,0.22669619981043723
533,0.6833715329494132
534,0.7446138114452099
535,0.15459575193244232
536,0.15259026746681997
537,0.1187112334506409
538,0.06388566930672211
539,0.14789169849823422
540,0.538569744757798
542,0.2383878864009468
543,0.7118288056803307
549,0.06423411251110295
551,0.4353882078000173
554,0.23434743388671997
555,0.12142912736433303
557,0.06600762910378091
560,0.039524751735764495
561,0.028849516368476727
562,0.12176332621278815
563,0.24377037977627933
564,0.039021951602403675
567,0.045978169638592754
571,0.08976561761257125
572,0.2029076627989606
573,0.1350797110851453
575,0.025948558393447892
576,0.6835802334324059
578,0.2731091908927007
580,0.21027304926553098
581,0.2961837292564047
583,0.13092315565301405
585,0.17659877265683516
590,0.021011807291045667
591,0.04008240554947182
592,0.04189450101720499
594,0.06540979027186491
595,0.10551434024411928
598,0.3305839224275297
599,0.7804919759929703
601,0.06253798448841465
604,0.7304069048088695
606,0.7162834986149729
607,0.1312696443731268
609,0.05335127847054893
610,0.2766313325304121
611,0.07390389323481039
612,0.12363687436732444
614,0.6505461687572709
617,0.13756882936030632
618,0.06579021350741669
619,0.1008798630648178
620,0.07344621602466174
621,0.04976877084031634
624,0.18315194415892513
625,0.25814210438846363
626,0.31192083906943713
629,0.0980461609191768
630,0.11585199986559244
633,0.21232038986746513
635,0.03678009749784811
636,0.32564535679446893
638,0.05668052358534111
639,0.07356126038164405
640,0.04877353129841937
641,0.03135143608049143
642,0.12110008370925554
645,0.22601869937817978
646,0.24433413108146365
647,0.6227619602010298
648,0.14766280612235708
656,0.03699808308861402
660,0.14733901557171833
661,0.023659675137917606
662,0.13850484696116727
663,0.28166236402069683
666,0.21841184605920455
667,0.17790479144648702
668,0.08561803643700518
669,0.5328842176498801
673,0.6656082992516913
674,0.8420546364658248
675,0.05017783018276961
676,0.6290302914124158
677,0.5042060068037408
678,0.01977796897192116
682,0.17752178520716339
683,0.13532205954736493
684,0.021065505874231623
685,0.08500445516885424
689,0.09682991854479157
693,0.6777439367732434
694,0.13730521147743294
695,0.045921376591533954
699,0.024981521555978173
702,0.19694795868220094
704,0.4801568526572805
709,0.3756591335222866
711,0.06376990147359986
713,0.2554097731411008
715,0.11108005288807238
717,0.026866193707791107
719,0.34055672498876666
722,0.29483933775570076
724,0.05676740152033864
726,0.27073483467649057
729,0.048946972649496816
730,0.5685303481628384
732,0.0799601632524125
733,0.328535179472605
735,0.06871394510923733
738,0.050309261400056614
740,0.7318723579097205
741,0.06099187738153107
742,0.27209225356238625
744,0.20230154996808442
745,0.020455881584603444
746,0.07865766829909195
748,0.10462176316425749
749,0.38331152236407773
750,0.6700272233288428
751,0.17840392333026178
752,0.44456717742671403
753,0.06977897000593951
755,0.27997858746570975
756,0.03494832563339588
757,0.07906900835042069
758,0.48443390939005976
759,0.05106178759992207
761,0.3527375450766615
762,0.1760784206102239
764,0.20073465037439678
765,0.0993646363884472
767,0.05017471703170482
768,0.05627939718519525
769,0.3055676551727641
775,0.1622862051947648
778,0.2656132290121101
779,0.5117641899510911
780,0.3373758741217785
782,0.2527546416246598
785,0.08499193593759884
786,0.16176142001981897
788,0.10720144110258
792,0.39038850436382644
794,0.24917713586556012
796,0.07619265291055044
797,0.33485296002570797
801,0.20328499279620096
806,0.09052763042488406
807,0.11350315619906545
810,0.14299875079300448
811,0.2074300298127158
812,0.04856138518499499
813,0.19484635517312798
814,0.12805853517249585
816,0.1425977780580479
818,0.3427793587430929
819,0.19152256315918106
820,0.04746102304604677
821,0.279309128879353
823,0.16414578754911666
828,0.4898557510898035
829,0.2166256426193354
830,0.06494012257710581
831,0.11661504419058266
832,0.5006633450002032
833,0.11323886985830951
835,0.1657027699143058
838,0.0626776139662116
839,0.016664832923459424
840,0.4858622892038875
841,0.35103464464482076
843,0.055040750142065914
845,0.04357758616425665
847,0.06531991391095278
848,0.690676111490522
851,0.31399143072116864
853,0.2500602189256571
854,0.05613279919212032
855,0.19409858731947252
856,0.17398783786095923
860,0.15024845811020743
862,0.028042149967071522
864,0.16801385497762963
865,0.02877674293019713
867,0.10721665018004169
869,0.09386561548347887
870,0.19294974978635984
871,0.2034082782669997
873,0.0477278734925618
876,0.1320893352743142
877,0.032649403061274715
878,0.11155993750133976
879,0.10877197491618341
881,0.063428137564456
884,0.04646225381705396
890,0.03698378662371063
891,0.4139872442979959
892,0.25279674892842513
895,0.2460942677194074
896,0.12494236803814207
897,0.5804900019245082
901,0.20463041910373736
903,0.0584927322674521
907,0.7257614874314241
909,0.10159555899046574
911,0.7368113711953306
912,0.07926554065496273
913,0.049553028826948176
920,0.023997838576824856
923,0.05498406218636122
924,0.18709809877804745
925,0.1545571016499686
926,0.3264061175538457
929,0.030292237021474263
932,0.02706622135354707
935,0.23376060806713295
936,0.14371625547113398
940,0.028530871802790774
941,0.1160098708268421
943,0.10709063045056634
944,0.7522712808214387
945,0.10007783448698097
947,0.0864207738463667
948,0.2695602775032371
950,0.269959057631951
952,0.14455945565425948
954,0.08884575807217263
955,0.1253555856915319
956,0.14114176769763173
957,0.04173792117920011
958,0.22976130393614794
961,0.3408638683938241
962,0.1674944979606361
963,0.04433558549124348
964,0.11730919650102707
965,0.053979420204385516
966,0.02871798773928907
969,0.12433358343926217
970,0.0964586203849073
971,0.03699153053000091
972,0.14020716878006148
975,0.20050055937724084
976,0.18846840454090621
981,0.07966169573965529
982,0.5025622076098569
985,0.1554812484621355
990,0.3475877710025553
991,0.17812278545253485
992,0.29653915654139473
993,0.14462761940883398
997,0.13006259821908317
998,0.5632439299590413
1000,0.6390502324206621
1001,0.20351896195888894
1002,0.0959196557331809
1004,0.42355763335352664
1005,0.07625380664675915
1007,0.23527523393550084
1010,0.14978460551804976
1011,0.20866601247257865
1015,0.0598006690987109
1016,0.1191581704919761
1017,0.1327248123714384
1018,0.4870832729249269
1019,0.1440320552333704
1020,0.244230152251747
1021,0.22100825139752017
1024,0.07099797719200092
1026,0.2336387521436223
1027,0.07251942469217458
1032,0.1037864262411186
1034,0.05255253540822951
1035,0.23204369642401398
1039,0.06420898763751492
1040,0.06884763170667847
1041,0.18328464950187887
1042,0.5733111112546487
1043,0.08752488022219777
1044,0.10814382677816053
1045,0.8838099037248613
1046,0.08663925108686607
1048,0.39749321161838475
1050,0.15598221196578047
1051,0.7606006411084036
1052,0.07764199563795987
1053,0.15413453110402256
1054,0.1587388895001013
1058,0.08559113037179551
1059,0.05051206950221787
1060,0.5871842443238756
1061,0.3289199855179792
1066,0.03085693036856759
1069,0.11217144771028534
1070,0.31566330309639196
1073,0.04782734959010332
1074,0.045530958491050405
1075,0.14695315548615248
1077,0.07496320432317094
1078,0.015149753519479246
1079,0.3412300033141876
1081,0.07273613815910204
1083,0.8264930108355012
1085,0.1193104726315801
1086,0.3242629611277167
1088,0.32174301151714
1089,0.15113151376959832
1090,0.029758543635045404
1091,0.14604385495787015
1092,0.13729788481572242
1095,0.35966395897327397
1096,0.05572357723280527
1097,0.07874284417640641
1098,0.2087005326787341
1099,0.28294973702884463
1100,0.15505243872461463
1101,0.12136943784950001
1105,0.5947108364898
1106,0.14147542595901177
1112,0.18040619266861704
1114,0.030756549098257546
1115,0.16290510906313294
1116,0.09900112697132915
1118,0.38190577277622
1119,0.3266450096940263
1123,0.26509053579176417
1125,0.08688737493536267
1126,0.18761617201671688
1129,0.30962665679446705
1130,0.2934778796556096
1132,0.2242130674800543
1134,0.7814678370140921
1136,0.18011217669249965
1139,0.23317229532380884
1140,0.026852595508782606
1141,0.12425358552815083
1143,0.05097911350840421
1144,0.14429012814990255
1145,0.6261336531515648
1146,0.7275575436309736
1149,0.2967460479810781
1150,0.45897769193624244
1151,0.344535359522911
1152,0.3877508701801333
1153,0.7947698157458876
1155,0.36778697092537577
1156,0.07745580717395315
1157,0.07620681351938302
1158,0.49104173192666956
1159,0.2215478179010428
1161,0.12374382279165269
1162,0.0624980116413725
1164,0.05652286984578161
1165,0.260417100128011
1166,0.7370189185438972
1167,0.05133663893971134
1170,0.23016136644801408
1171,0.1689401913266706
1172,0.1951975480886683
1181,0.26714736220110263
1182,0.8577186151244016
1184,0.04957778475519295
1185,0.0628755894071714
1186,0.3429055319097163
1188,0.3014395705362954
1189,0.06482463190627903
1191,0.08598881280613868
1192,0.049629795031863384
1194,0.03658535700672792
1197,0.142489633072418
1198,0.34647685747372314
1200,0.294094608651846
1202,0.06451272186215785
1203,0.10682159395914528
1204,0.3539749688345817
1206,0.12891852445359747
1207,0.8266770790424441
1208,0.1718428569199668
1210,0.30580853107061456
1212,0.2639184148670674
1213,0.1781601638569912
1214,0.08769270435472891
1219,0.16591892933092145
1224,0.1541126149874465
1225,0.20768701876816473
1226,0.2033775142211791
1235,0.11057314245145462
1239,0.1013107493129148
1240,0.25278073288688846
1241,0.23756055849793928
1242,0.5545297105759261
1247,0.8630137858667969
1248,0.2702302028279182
1249,0.03303986248137861
1250,0.7939965633141803
1252,0.04783738214065634
1253,0.12880307252134113
1254,0.0646191130144714
1255,0.12324798946503976
1257,0.15444824440832255
1258,0.08591522920073921
1260,0.6199886859373138
1261,0.06160117951831129
1263,0.16303774230068965
1264,0.4727204749130989
1265,0.033425244118063246
1266,0.034842537903161164
1267,0.05527475372222715
1274,0.3608437591012106
1275,0.15983442736198833
1277,0.044347854992641045
1278,0.3736474937269524
1279,0.058649322106843156
1280,0.08558582170100865
1281,0.03897858069594938
1282,0.35899884204926075
1283,0.11861376469972715
1284,0.08625866171592608
1287,0.02583954379635885
1288,0.028717994484783984
1291,0.13599318001206276
1292,0.21372408729839035
1293,0.06948770218950055
1294,0.060275588552165624
1295,0.13714208886506257
1297,0.5678160042492542
1300,0.2833860779245459
1302,0.40681970897909037
1304,0.6630838170253631
1306,0.08464329980147746
1307,0.19264519750365783
1309,0.13281597258329428
1310,0.2276250833189386
1311,0.6673114634743457
1312,0.6394897484383648
1313,0.035066917138951
1314,0.01600614003762963
1315,0.6288101209595648
1316,0.39036798524435645
1317,0.07112615282514972
1320,0.06328921305310449
1322,0.11050807145841292
1327,0.11672082204652379
1328,0.33400840446165025
1330,0.1527506749010487
1335,0.14731730683059288
1336,0.10033903592058108
1340,0.38488008490980224
1341,0.023392118080321343
1343,0.15916006159143048
1344,0.5395860533248278
1347,0.041741071428202284
1349,0.03460050954805218
1350,0.3939563037974271
1351,0.33184618097777135
1353,0.14625146826826085
1354,0.11045360430681032
1357,0.10272490546240742
1360,0.06224670905357574
1364,0.15925191463953026
1365,0.4462656630277248
1366,0.19349855655122197
1367,0.18568096430260198
1369,0.7581803547934153
1370,0.13615002937224593
1372,0.06098795534773037
1375,0.2529305724839761
1376,0.21810407924264819
1377,0.09053247533344444
1378,0.13954756276898114
1379,0.2143390808082771
1382,0.6701369877554135
1383,0.07126984421497666
1384,0.025403597519239006
1387,0.07237177538393703
1388,0.3912341076070422
1390,0.5428022633356083
1392,0.1293856627771475
1393,0.06695986003814659
1394,0.09785070901644938
1397,0.5988057657243536
1398,0.1433919591204767
1400,0.15713771035267626
1401,0.04129579013455976
1402,0.670522346509718
1403,0.17382310173989143
1404,0.0916578873639355
1405,0.1629863313318106
1406,0.12238537318443818
1407,0.06863192226805742
1408,0.04859506123842022
1410,0.0670439801685845
1411,0.14340734949906062
1412,0.021458819079836162
1414,0.08265116737827718
1415,0.058290286500726034
1417,0.17503551465074688
1419,0.1198610752560087
1422,0.04957193761957892
1424,0.30290445502784547
1425,0.06440967075253666
1427,0.08717175217441853
1429,0.7668159714166286
1431,0.21912841679818013
1434,0.22760660482812264
1436,0.7466093650501917
1437,0.15430134965074968
1438,0.02797360217912207
1439,0.26760172631798707
1440,0.24246350313341242
1442,0.05320617844931121
1443,0.19609645281215737
1444,0.11249852011936805
1447,0.305189093495611
1450,0.21435612281905073
1451,0.11289102290672648
1453,0.14288811375961422
1455,0.1009499594413765
1457,0.0669229958370417
1461,0.7846101873712809
1462,0.27829187840658703
1463,0.05974077716394333
1464,0.03324713486439831
1468,0.21477947990363033
1472,0.3312959618059142
1473,0.05387611559395359
1475,0.03803369571638369
1476,0.06596135576185162
1477,0.07277424848334416
1478,0.14194007475983886
1482,0.2548186067392383
1483,0.06321727041589272
1484,0.13787481811809255
1485,0.14782524880875156
1486,0.837285378931005
1492,0.07313437667092736
1495,0.09171977676024787
1499,0.1833004242065005
1501,0.07066262148634969
1502,0.33456389825514765
1504,0.20464393590110377
1506,0.039727527869393015
1508,0.09313776863225057
1509,0.11893942614508018
1511,0.0870311624188724
1512,0.522478479854804
1513,0.24329900742162422
1514,0.14500271943315707
1515,0.10240042211703013
1516,0.1942849445112285
1518,0.6416419448745213
1520,0.03665422885670497
1521,0.6869407312752899
1523,0.06449555260490379
1526,0.49909937607844146
1527,0.19591844694447907
1529,0.4520412342370922
1530,0.2812459708769981
1531,0.06588847703266416
1534,0.033075218435519915
1535,0.10859541628188106
1536,0.15922259678186232
1538,0.5486520918437807
1539,0.15131193743266183
1541,0.4410235603456818
1542,0.34059061007304353
1544,0.16380252205268855
1546,0.05316130385036888
1547,0.11688012354044995
1551,0.13197412201934494
1557,0.05325764804503039
1558,0.12398403678226971
1562,0.276479824701737
1566,0.146772358558622
1568,0.19748065446162333
1571,0.2180848130855268
1572,0.5130810853990398
1573,0.24449032715360075
1575,0.193538591002339
1577,0.17109652870478406
1578,0.20185466947033456
1579,0.1830713268366918
1581,0.05796945183203566
1582,0.09871646608237387
1585,0.18042056178799223
1587,0.09902938713235022
1588,0.02144313986551833
1589,0.05871190163451365
1590,0.06424266948678624
1591,0.11601920917117342
1593,0.049347316584229126
1595,0.22968632676737263
1596,0.12304155975086147
1598,0.14269947297269533
1599,0.04567075475371991
1600,0.23319008995389592
1601,0.12679704060227812
1604,0.09558769239573965
1610,0.07452662005264281
1611,0.2696795678855366
1613,0.02644807586742515
1616,0.14300789037824943
1617,0.35442383855493725
1618,0.08249802445677136
1619,0.07051181640218084
1620,0.08495778574410207
1623,0.19183761981443043
1624,0.13346081392536668
1626,0.7005843607388167
1627,0.11815290830249839
1630,0.1259895485994868
1631,0.031955187197003423
1632,0.02291729761488984
1634,0.07647820927001313
1635,0.20092919765438266
1637,0.14259470759820014
1638,0.6730713744192971
1639,0.40164149506838026
1641,0.15856537585783828
1643,0.13496421958628643
1644,0.1875262440345544
1645,0.837669980490133
1646,0.19726871676870403
1647,0.4853223174601661
1648,0.15413402108768043
1650,0.1737515101136385
1651,0.15579400537804436
1652,0.2000838358656273
1653,0.30710873293588475
1654,0.4061525147468445
1658,0.09461974184321556
1659,0.21144993709195545
1662,0.2563609986420354
1664,0.08326932729481791
1665,0.11336593836884652
1667,0.7994877826778094
1670,0.7165529401668951
1671,0.13379101230255014
1672,0.1732270011346681
1673,0.09980908023014626
1674,0.11159993531843042
1675,0.08931576370006204
1676,0.2083559463028921
1678,0.032522347871711134
1679,0.3219771884675041
1682,0.08147475867404104
1689,0.10993895495656306
1690,0.4393443552630467
1691,0.0453832273458487
1692,0.09300764575369155
1693,0.1487665208989822
1694,0.07351649877692563
1695,0.33156265928561
1696,0.15923320749845868
1698,0.2026617108525966
1699,0.2348306774629849
1700,0.19783022573868347
1702,0.051085143058586774
1704,0.17908459475784919
1705,0.18296126116362663
1706,0.5437913322245244
1707,0.8000272459542661
1709,0.14545986675464392
1710,0.04792436866314977
1713,0.8039453352990451
1714,0.02712547458794106
1715,0.17668627802938583
1718,0.18462521333346676
1719,0.044845600757778034
1721,0.04632424784768649
1722,0.29919784882541783
1723,0.6133984759335928
1724,0.06470225273847262
1725,0.018605121480642407
1730,0.5008442869771231
1733,0.18236048460470772
1735,0.07044629188700245
1736,0.28416259805968164
1738,0.17547024261221789
1742,0.15174767642294498
1743,0.17233666530339167
1747,0.14440354875632666
1748,0.07231924241833843
1749,0.11496574158508857
1751,0.08654064708851211
1752,0.8433809207249034
1753,0.10887342250772299
1754,0.1753693966308933
1755,0.12203318321975855
1756,0.18548133367707625
1759,0.09061451480395209
1762,0.13001675760238962
1763,0.3390099990466964
1764,0.08816276455918691
1765,0.5813491384400448
1767,0.8071373301254491
1768,0.07569601916516173
1769,0.06614643307452812
1770,0.17158856741247921
1771,0.25343066874507797
1772,0.10949567442568434
1775,0.15860199173570647
1776,0.8229196612623817
1781,0.21948585312716765
1782,0.07869529526571421
1786,0.09707151591269202
1787,0.46658263189264054
1789,0.10259148147048998
1790,0.06501916238548393
1791,0.0594882844309393
1795,0.2717388184858229
1796,0.3033597717723468
1797,0.11329623895566084
1798,0.04117541508816345
1799,0.02831795527688111
1801,0.1991714228538292
1804,0.11250152037317561
1806,0.009582229625756698
1811,0.13229925254854147
1812,0.05848765571420267
1813,0.1732623501190786
1814,0.5156217690116647
1815,0.04770299658470959
1816,0.13501686993665374
1817,0.23342242497149251
1818,0.35872239444039483
1819,0.03021855326765737
1823,0.10229415378611605
1825,0.22009201574638865
1829,0.0765587065609624
1830,0.39529646899450516
1831,0.2946388958661409
1833,0.05016930488497859
1834,0.1378453582236119
1835,0.060904816541040956
1840,0.765564317065984
1843,0.08254055773283733
1844,0.08841649351362434
1845,0.19866431975179807
1846,0.6930576387576525
1848,0.48018661382308725
1849,0.11773148147523696
1850,0.5586022960151256
1852,0.025165032021101243
1853,0.05131269246781447
1856,0.16353645058480462
1859,0.04831760534984972
1860,0.5586554075394565
1864,0.3415339869541225
1867,0.09999779134569929
1868,0.2478307583978353
1870,0.7770639262236144
1871,0.1377185221243962
1873,0.0579356390427633
1876,0.16394238138935993
1877,0.2007889907388901
1881,0.19323635541263484
1882,0.7489878101923904
1883,0.04309576201904397
1884,0.16634958906654537
1891,0.10667116930464937
1895,0.34488935478051486
1896,0.050446908103530946
1897,0.1520467645668107
1898,0.04064280055890228
1899,0.02002475058867396
1900,0.13122001373750258
1901,0.11722302220059162
1903,0.06922767429514047
1905,0.05069363214914248
1910,0.06877744734058473
1911,0.2015492191616201
1913,0.2065269691287136
1914,0.08043676572749356
1915,0.12949755081851871
1916,0.04849790798131245
1919,0.06145733935962856
1920,0.11430519564729748
1921,0.48899358112334895
1922,0.14805634860478734
1925,0.11121574252961111
1926,0.03718770265100625
1928,0.09443205596534522
1930,0.06118695854789454
1931,0.15448651444820613
1932,0.3550831121705579
1937,0.31981433533929904
1938,0.1081210942851203
1939,0.03527370469516013
1940,0.08657733076724798
1942,0.46013497176027807
1943,0.09139599957418451
1946,0.24101375301296826
1949,0.24022304347105977
1950,0.10050092549670313
1952,0.07631278173090555
1953,0.25843369578185454
1955,0.05646402049622772
1956,0.5435257919204654
1959,0.032065630100602135
1963,0.07009364253258105
1964,0.07575650461945757
1969,0.6884515321139598
1970,0.061950535024341655
1976,0.11053756681412893
1977,0.07915993385418973
1978,0.07915641996685346
1982,0.7977974899108848
1983,0.04310449558826401
1985,0.026685837024749456
1986,0.46201911315801636
1988,0.5539948443665763
1991,0.06741113159471587
1994,0.013143797685162762
1995,0.19969736582662534
1996,0.061278929376641665
1997,0.058991965277836574
2000,0.05714672994391493
2003,0.1559087843193809
2004,0.7523664645856016
2005,0.029456360868187075
2006,0.1182950628576835
2007,0.11941698820899488
2008,0.1568561244363857
2011,0.3974982046882522
2014,0.2318794987453258
2017,0.6532518059966702
2018,0.029749469282377407
2019,0.09353910756611819
2020,0.7317780152457393
2022,0.06204157973803659
2024,0.027643589299522268
2027,0.07998997850583248
2029,0.23456271198959908
2034,0.14449471596562158
2037,0.02725085585947754
2039,0.09346703159670176
2042,0.3356917192568618
2043,0.17572966002389337
2044,0.14716992946059199
2045,0.09392730703569156
2046,0.8234929174607317
2048,0.09422815213494938
2050,0.11225204396447251
2053,0.4159617978750986
2055,0.10207717823913064
2056,0.17010537420299454
2058,0.11508165131153651
2064,0.04731082584774001
2065,0.15648279163174839
2066,0.09063576477155648
2069,0.10295242350689168
2070,0.10434355610799582
2073,0.17712082771884163
2076,0.3124426063676623
2077,0.33410953589160647
2078,0.4607913410245977
2079,0.0447499544132577
2080,0.6927917947592853
2081,0.1069774306508817
2082,0.07064495183047385
2083,0.3839609342266812
2084,0.24961356919820474
2086,0.3895208309943067
2089,0.15644231045642998
2091,0.25791717892667765
2094,0.18829751806812148
2095,0.7998704716741011
2096,0.3369024788162872
2099,0.07080874964826633
2100,0.7045783377308813
2102,0.7739245154132025
2103,0.4255099483666677
2104,0.04074828466270653
2105,0.08790860578787216
2108,0.16367782760867888
2110,0.04420173406257102
2115,0.8280431270186925
2118,0.5413164781256841
2121,0.06414144184582608
2123,0.3825462161722848
2124,0.03135059074964637
2125,0.760488364468753
2126,0.10982692583114054
2129,0.051875275096865466
2131,0.78151705771009
2132,0.10433093821355259
2135,0.8543977390264655
2137,0.26319141648859323
2138,0.06722745695664367
2139,0.17415390719910984
2140,0.19820425388390253
2141,0.5904516524856974
2142,0.24196675614055219
2145,0.8413290602512408
2147,0.14283152283438802
2148,0.4060969849689108
2150,0.037052092360880785
2154,0.03233897202241283
2155,0.06721285335510464
2156,0.6823410145403798
2157,0.26573095405535957
2158,0.018391326868463703
2161,0.10054947218086936
2164,0.48335027765442207
2166,0.40719618325175316
2167,0.1350060740860317
2168,0.8598366603323205
2169,0.29193984304577486
2174,0.05304790462074119
2175,0.0672992130381413
2176,0.12069901656943345
2177,0.0433681638372784
2178,0.06845493918189159
2179,0.039854466729573074
2180,0.05647099658937835
2181,0.08225373003244801
2183,0.05383790120862321
2186,0.09001563877686028
2187,0.07620458577031909
2188,0.4662066471478587
2190,0.05239813575674986
2192,0.12559852212701553
2193,0.04275325841688039
2194,0.021980881403896608
2196,0.2505076796719261
2197,0.06459638390261767
2198,0.09961224763735567
2199,0.05646272491348556
2202,0.13196960902832514
2204,0.19270205132309287
2205,0.1862638326078051
2208,0.1530929961113572
2213,0.22992055433533723
2214,0.09210079919310399
2215,0.19596602307423322
2217,0.11903514123828016
2221,0.22071692156436445
2222,0.3979613818446755
2223,0.09871176449319535
2224,0.12333224986582901
2226,0.0628957717813395
2227,0.14219706567046156
2228,0.28249501767688395
2229,0.07349635401867605
2230,0.15361982883974803
2231,0.20881000703687466
2232,0.543580228414207
2233,0.16937921978391127
2237,0.3047026518823567
2238,0.10521144553730763
2239,0.19295957378076714
2240,0.1486117717444529
2242,0.5877317250846922
2247,0.09643647793577247
2248,0.559510516354077
2250,0.049421786817812306
2252,0.6874077480603923
2254,0.3353589524781531
2256,0.6210790799807862
2261,0.09420721495638944
2266,0.18086836635941528
2267,0.03343721249097926
2269,0.731395004833336
2270,0.3069300147875136
2271,0.08907344911327354
2273,0.3632174828146185
2274,0.2265388638358208
2275,0.09613788380954384
2278,0.12790613072950607
2279,0.7637416837194164
2281,0.09562988624360652
2283,0.11410274881703565
2286,0.07710191301642984
2287,0.3833236852763492
2288,0.1434886435241089
2289,0.19066861004642655
2290,0.20630290087586015
2292,0.46937155726052116
2294,0.46438499216237367
2295,0.4113391285112643
2296,0.42995304605464235
2298,0.44298849425235154
2300,0.3318986107304714
2301,0.8056709151774696
2305,0.12409479057059698
2307,0.3369961556922583
2308,0.1620586956150451
2310,0.0542800405110775
2311,0.33081635042851293
2313,0.5885652344344925
2314,0.10519110277706441
2316,0.0636274669356851
2317,0.23549543247015597
2319,0.1295241284235465
2320,0.06338131088787007
2322,0.4801460744049641
2323,0.11278721305841358
2326,0.12754685909988137
2327,0.18108041899853125
2329,0.32430577484813755
2335,0.09951982113153249
2338,0.1449455968649922
2340,0.04904983142774376
2341,0.37747277452963496
2342,0.17338658353501907
2345,0.14549338993731883
2348,0.04055964560007766
2349,0.3782438496906618
2350,0.2520709062837147
2353,0.519196157638221
2354,0.08659816411045167
2355,0.18057356547608713
2356,0.1008068675186093
2357,0.6202482225769952
2358,0.03494774166393739
2365,0.10014424968869068
2368,0.16739699822472126
2371,0.1513605571410424
2372,0.20426758430203684
2374,0.25906092569787476
2375,0.8235731147565466
2376,0.6876247177130574
2377,0.13047950899331326
2379,0.39050192541635276
2380,0.0428494674098398
2381,0.09327174972175205
2382,0.03783226091991669
2383,0.222966986356087
2384,0.14850714117887834
2385,0.1857602713042395
2388,0.05867392814046536
2390,0.3839964366943594
2393,0.7045378796025829
2397,0.18401768110145988
2399,0.1278889698339111
2400,0.11837004127343477
2401,0.11465547886533743
2402,0.14517180011565436
2403,0.6875044003521724
2406,0.8301665855283785
2408,0.6301321654215222
2409,0.08803061745122866
2410,0.05055115345491846
2411,0.10648831104312435
2413,0.7784747419857452
2415,0.25233687412698186
2416,0.10751801315244237
2417,0.13606453259087317
2420,0.04833128584171924
2422,0.6216239188321797
2424,0.10418958673453421
2425,0.02251375161245624
2428,0.37248304639606045
2431,0.24560560574234758
2438,0.761600846585366
2439,0.04498281740525341
2441,0.2402940139110905
2442,0.2380025443245967
2443,0.04643691892033806
2444,0.43793330488351123
2445,0.33895405137456536
2446,0.09791302036484581
2451,0.17279171636643956
2453,0.12567797259597088
2457,0.1492052654155002
2458,0.6900034586591648
2460,0.14852932488268147
2462,0.7781103029777079
2464,0.5015172779880825
2467,0.08042308579812824
2468,0.14360145783494643
2469,0.03267893916363548
2471,0.8277548592804915
2472,0.8502434847940494
2473,0.17422667158709976
2474,0.11374292937959035
2475,0.1732334279138793
2476,0.35653790788305084
2477,0.14897121567487978
2479,0.11713842973600701
2480,0.1035955465588179
2482,0.02029907207023269
2484,0.13367932544220412
2488,0.16983522447779553
2490,0.2581454911157227
2491,0.07394881113962601
2493,0.20001043934360158
2495,0.32952123645588827
2496,0.09809271974387732
2499,0.2105277410737828
2500,0.07323672282956077
2501,0.029399140510624134
2502,0.010560413107145597
2503,0.05831376153651851
2505,0.1418478797077963
2506,0.5328501409991881
2507,0.0855797690686034
2508,0.6608739502997414
2511,0.6661626115079149
2512,0.1530766130525619
2513,0.12840658791875373
2514,0.3916475232173012
2515,0.03846607023378057
2516,0.18290362563448173
2517,0.20822504221074647
2518,0.1858207215391976
2523,0.09633533239310743
2524,0.13295915513654916
2525,0.05472424505589675
2528,0.3467368700744627
2529,0.27411874512704165
2531,0.42388487251450496
2533,0.057123688491534035
2534,0.07185577022668976
2535,0.21066873338342668
2536,0.32949935265551056
2538,0.2609778970937143
2539,0.09327914443368819
2540,0.4477596575329873
2544,0.12991654797372174
2547,0.04051300049504563
2548,0.1983574597413786
2549,0.04950752613235971
2550,0.5634573089928528
2552,0.09034512097074192
2555,0.14660554043821847
2556,0.0586726573305073
2557,0.0710131390289088
2558,0.7618746431419835
2559,0.1519011013338439
2560,0.23692622627261878
2562,0.14720851322997686
2563,0.8325731846031247
2564,0.18196497892809124
2566,0.11016484758554669
2567,0.19319894708907134
2568,0.06618452156619867
2569,0.35689917788248987
2570,0.23314120298679678
2571,0.2264933069335298
2573,0.21299130634605187
2575,0.06466309938168004
2578,0.08407570067625089
2580,0.5012585965557435
2581,0.18097064877370506
2583,0.27660843765763143
2584,0.08629062980135493
2585,0.36354220022325284
2587,0.20198992316657177
2590,0.7328658198181761
2592,0.32528146232634786
2594,0.18349846876200052
2595,0.09232295492215079
2597,0.11867270584128425
2599,0.07245384020066405
2601,0.39023304923532076
2602,0.029310763013985424
2605,0.18686831338230842
2606,0.3286891670006597
2607,0.40591576691431347
2610,0.036610244552601486
2611,0.04261263499894887
2612,0.14339156126208813
2613,0.08237357585863457
2615,0.019955129320702276
2617,0.10313662065041367
2620,0.11805761704004569
2623,0.18992512614172669
2625,0.08500301054619976
2626,0.10873067468784238
2627,0.1128672640675284
2630,0.6873566881184189
2631,0.11199875822102802
2633,0.07681987879086065
2635,0.28960350645019717
2636,0.28068397263796296
2637,0.47129816284176984
2639,0.07847747423450524
2640,0.07073514239541154
2642,0.4497039824117978
2644,0.14092934215144115
2646,0.05264938000630279
2647,0.646398511612041
2649,0.09396633513539543
2654,0.14673440327235465
2655,0.15234501236496123
2656,0.41814921118269055
2657,0.16683088744483437
2659,0.6753208564836388
2660,0.7921152413719559
2662,0.10069016809353691
2663,0.10213917722353022
2666,0.14212542018465488
2668,0.09804257180264332
2670,0.2788320054451732
2672,0.45515648259739405
2674,0.060499782880990984
2675,0.17741718997781614
2678,0.20219771723820493
2679,0.14194894405567723
2680,0.3325714946544992
2681,0.048361868968045264
2684,0.05074569233756778
2685,0.8201547944815564
2686,0.08829314888547292
2687,0.02034224563404618
2690,0.19897776326603844
2693,0.1254444311642234
2694,0.1765095157370124
2700,0.4987441571307614
2701,0.17880950769775653
2702,0.2091428031138044
2703,0.11894820811096421
2704,0.7048718491116992
2705,0.05362901374046868
2706,0.05947510387218302
2707,0.6823313868658025
2708,0.09877507405509597
2709,0.043222514215627034
2711,0.01923789650764716
2713,0.20111212431618528
2714,0.0709335930213577
2716,0.4687062083550483
2717,0.04988456466691892
2718,0.20219057491255346
2719,0.14914549591321752
2722,0.07705392264002087
2726,0.33555631488613025
2727,0.09263848898408185
2728,0.1228012915670952
2729,0.2916010809712349
2732,0.10545110024594503
2733,0.07733878023169215
2734,0.38356867389926247
2735,0.07302810123794391
2736,0.29031182892816915
2737,0.1821805434822863
2740,0.2086377568036537
2743,0.21641989076952148
2746,0.02718170251366968
2748,0.0522730967659669
2749,0.0473313158990386
2750,0.398141008346597
2751,0.2032204757161394
2757,0.39963832068082045
2758,0.18320924272112735
2761,0.06562706247777217
2763,0.06289002341543204
2765,0.06086540491134037
2766,0.06961117886734405
2768,0.41463452540354123
2771,0.5612234332335974
2773,0.7980664394544612
2775,0.03340151866392031
2776,0.06394237651643825
2777,0.8057958379138244
2778,0.09517747995680187
2780,0.055809025508409944
2783,0.02701281082207589
2784,0.6196072043936127
2785,0.3227525181617705
2787,0.3410310351098509
2789,0.23637069007417194
2790,0.16390696577763297
2792,0.3291932284061108
2793,0.03996792168203237
2795,0.29183912534498757
2796,0.32305396532585345
2797,0.6205779852581353
2798,0.04270024638127116
2800,0.06906414307093231
2802,0.3605850025027507
2804,0.07378106112101804
2806,0.21420085735170893
2807,0.07607946110189254
2808,0.12611191950313355
2809,0.05267422608338336
2810,0.1284137014564209
2811,0.40343389550671477
2812,0.14075503388055455
2813,0.04994716930693332
2814,0.11933456928259731
2815,0.19973420835934608
2816,0.12203143649168581
2819,0.08978623454605066
2826,0.18286401849270276
2827,0.015150366812397623
2831,0.11689817097143154
2837,0.08265294430541857
2838,0.03417372348391758
2841,0.12215648853594539
2842,0.04586836634464364
2843,0.3802658863560486
2844,0.27329547732048276
2845,0.06855958834572029
2846,0.053430135795358484
2848,0.06535009651445413
2853,0.6896900306319526
2854,0.09212507036637722
2857,0.17471183026427672
2858,0.04298375817119064
2859,0.07411847877955832
2860,0.20504878678972957
2861,0.5231939626204462
2862,0.11749657423164894
2865,0.877880400077205
2868,0.192671338600472
2869,0.20771622563585393
2871,0.10330121434787971
2873,0.0920657487674705
2874,0.01869830341564262
2875,0.23151979129854414
2877,0.29978938987347586
2879,0.09534970221629452
2880,0.2381746980089099
2882,0.14872490054838555
2884,0.1249628996645188
2885,0.09008096109963513
2887,0.03990907704689323
2889,0.17024966313886405
2890,0.24951315026697074
2893,0.01821308749193717
2894,0.45347463065390586
2896,0.44884166258320063
2897,0.3809342561817028
2899,0.1603613846736833
2902,0.4753197527149473
2904,0.40428179965262917
2907,0.016024183483974826
2909,0.492128541108072
2911,0.16116700000204462
2912,0.16375633697611497
2914,0.07094911974172124
2915,0.14730237171501717
2918,0.3078731249655663
2919,0.06944073303664092
2920,0.15474113700864417
2921,0.2188321213086297
2922,0.14012901609768835
2923,0.079129002732022
2925,0.20496002274779912
2926,0.4127291358505911
2927,0.7054668772639328
2933,0.03481781058085202
2935,0.2597116221713097
2936,0.5955809799205862
2937,0.11344630878400518
2938,0.05304183701768824
2939,0.7794172039720529
2947,0.05532544938374127
2948,0.5217648866517125
2949,0.055955100464451915
2950,0.15475233589609386
2952,0.10122114294979731
2953,0.34445169261071024
2956,0.04634179519788357
2957,0.06332921618629156
2960,0.09277153242685586
2963,0.2630310430670398
2964,0.808367872466719
2966,0.07428479473950746
2967,0.13809314660243036
2972,0.04830446762478257
2973,0.14126601957651982
2976,0.15781020321754186
2979,0.19667213623345764
2982,0.2800131807966516
2986,0.10546190966398557
2987,0.08342056127346432
2989,0.014410452696430058
2990,0.05168537688974075
2997,0.6861115118621572
2999,0.24144745242798363
3000,0.3968953099180139
3002,0.02753371150785429
3005,0.8243287279826914
3006,0.11462017705437999
3007,0.07750985230507945
3008,0.5894257550422005
3009,0.24117592242179364
3012,0.11149609356229444
3013,0.14515585822398305
3014,0.0872792290533321
3015,0.011367294109902877
3017,0.09764086863798165
3019,0.803196219704677
3020,0.5421489617946987
3028,0.14184076722256694
3035,0.09629568171211439
3037,0.23314179165794752
3038,0.04090750004546793
3039,0.026408833893640717
3041,0.8168183558165847
3042,0.10298065843633336
3043,0.10195122802264031
3044,0.841414469686765
3047,0.5182918401450108
3048,0.09921543960783054
3049,0.0563918026400394
3050,0.28777289659923516
3052,0.2321829041663523
3053,0.2529600085300409
3055,0.18717609493126472
3056,0.2328752552251128
3058,0.17557943491519698
3060,0.06354788541861052
3061,0.06906730166394674
3062,0.12102164549838486
3065,0.05105646399678148
3067,0.15258143020929746
3070,0.47414578327003293
3072,0.1350901607403088
3073,0.10494645095973282
3074,0.21120464215393628
3077,0.2359472053990846
3078,0.23925220109190648
3082,0.024140643566617485
3084,0.1341072546413858
3085,0.19331807771211554
3086,0.18643364532846776
3087,0.7432512554420545
3091,0.18570737344630453
3093,0.25844969981483445
3097,0.040066415168035184
3098,0.07637696966927561
3101,0.09599093575287392
3102,0.10230990278796212
3103,0.05767367796623016
3106,0.06299920006058264
3107,0.019751970647408162
3108,0.026118573626789727
3109,0.09630716778982212
3110,0.12319229535733903
3117,0.2152636085464759
3119,0.11828358062352821
3120,0.01549260168970276
3121,0.2955007369472905
3123,0.047210437378320015
3124,0.19000007456374904
3128,0.026116359745453014
3129,0.3586357809952583
3130,0.19775088906374486
3131,0.033874253341399485
3138,0.1272647495340061
3139,0.13313781253942314
3140,0.10942216293049392
3141,0.4545573763834802
3143,0.06315444800325767
3144,0.7983294673141774
3149,0.030607568169550247
3150,0.01446720293265386
3157,0.5422704732900868
3158,0.09763984420369673
3159,0.10389515596397254
3161,0.14348133524250492
3162,0.09893929964236503
3166,0.2768829713498076
3167,0.2713764634946061
3168,0.08873276674954152
3171,0.6052173408419222
3172,0.13424842753580774
3174,0.4547757978561215
3178,0.08230708923795989
3180,0.03714790252934183
3181,0.0694279008537893
3182,0.01641190136242662
3186,0.5721394906809044
3187,0.755191183610117
3189,0.12819233266251714
3190,0.2271738871000372
3192,0.43555142133777713
3193,0.05836494820095443
3194,0.04373405016091942
3195,0.44992140866506714
3197,0.17786588711385654
3198,0.12704145277661266
3199,0.296388686688252
3204,0.08177909973329445
3205,0.021879874255449086
3207,0.09241059457746648
3208,0.06477637320850893
3210,0.12669976554592272
3211,0.38952653331008025
3212,0.2565684200457106
3213,0.036611320760801064
3214,0.04367728140281834
3219,0.3987625595066817
3221,0.06120765822760938
3222,0.04824934596540163
3223,0.5840072205271166
3225,0.20460286654866086
3227,0.03740150285021833
3230,0.0802591755272692
3233,0.056693878806003406
3235,0.3323368799030559
3236,0.5350011644942665
3240,0.2486987530332441
3241,0.2071269099502716
3243,0.6945743385977525
3244,0.21144341999967645
3246,0.799947578414529
3249,0.1176150505147254
3253,0.26053801291407364
3255,0.33675041660539634
3258,0.5465015696589322
3259,0.05789800742787584
3261,0.081961933367295
3265,0.608039162264659
3266,0.5500232328676103
3267,0.10639978241653764
3268,0.061285785890333844
3269,0.33682798300314504
3274,0.10874928595957867
3275,0.10352305449184983
3276,0.437999341112509
3277,0.05172862888371313
3278,0.2999328532935208
3279,0.5691405951733014
3280,0.06403456786867703
3281,0.18295287317546002
3284,0.04569767426359321
3286,0.05038388520547707
3288,0.8462653112947934
3289,0.12140935397063793
3296,0.565520873986026
3298,0.3066184705105031
3302,0.14415171500239055
3304,0.039120465899798555
3305,0.03899540878988511
3306,0.08987151842258741
3307,0.16021763871171824
3314,0.14427361418618195
3318,0.09570835028987852
3319,0.5375674604086688
3323,0.09796036419871913
3326,0.05677390654027348
3328,0.0605883248491964
3329,0.033088402189399305
3332,0.16780153398403497
3333,0.0525668533291481
3336,0.12367437266517715
3337,0.49312826926342573
3340,0.06531316593836563
3342,0.11076066660975857
3344,0.2032493759403833
3345,0.6399032123873972
3347,0.5994322094691437
3350,0.4736849762073645
3351,0.6746163301237906
3353,0.1505958997574228
3354,0.44571318978829105
3360,0.23193868617795166
3361,0.10184887082237848
3362,0.12551597048264324
3364,0.11387341074596802
3365,0.17547516042467298
3366,0.4000872554662847
3367,0.2579073107085761
3370,0.47547516716425703
3375,0.07418239167450248
3377,0.06186846499079379
3379,0.7264233335507494
3380,0.03910036858918111
3385,0.16561367574726193
3388,0.11692283640844252
3389,0.2907577524421273
3390,0.6187115588690572
3391,0.567086174786496
3392,0.15812684973425342
3395,0.14117276744609522
3396,0.039175080491254365
3398,0.41791948004124685
3399,0.13770876979607935
3400,0.11493541900473274
3405,0.24673805731552925
3407,0.04153896317358254
3408,0.10010365228599491
3411,0.17266809207857928
3413,0.0673014183914969
3414,0.6583056076332974
3415,0.10363050689742388
3417,0.09560960901637922
3418,0.022059107054605714
3419,0.7673398045303902
3421,0.03243950827037957
3422,0.2506267073253429
3424,0.16898055992984046
3425,0.12694367186206093
3426,0.06703954830036593
3427,0.014256593135845035
3429,0.23593787607963423
3432,0.0946060764407707
3436,0.39580258666118073
3438,0.11783674616645491
3440,0.08222602709835254
3442,0.31771801482778256
3445,0.24467426717767504
3446,0.19561092082064607
3447,0.18744194617993584
3448,0.13237774890184792
3449,0.13263334185451137
3451,0.215103524016567
3452,0.34708848503444467
3453,0.1744983420105407
3454,0.1923005709399553
3455,0.7459746270927615
3456,0.1296355791223648
3458,0.8170197461255397
3459,0.0834500016595311
3461,0.06454511654087063
3462,0.17266096590082064
3463,0.1289426313648504
3465,0.032432483223053796
3468,0.08866196893327907
3470,0.03724822100877516
3472,0.3351335057022636
3473,0.044032007504179294
3474,0.017668940781264866
3475,0.04399113304861995
3476,0.11550768799795982
3479,0.06638114859115433
3480,0.04906884907906234
3483,0.09840216007211523
3484,0.19216101138150055
3485,0.19792961004950116
3487,0.13955363013457764
3489,0.2521697167167541
3490,0.05730249687693636
3492,0.016235983190686785
3494,0.14055976938241274
3496,0.13048348469282692
3498,0.08011927896717708
3501,0.7267864975135315
3503,0.04680034093649775
3504,0.13071506452509826
3505,0.2536600981110289
3507,0.0106941580872028
3508,0.10883761074449216
3511,0.05879336291622714
3513,0.7238548970557228
3515,0.05172865094490139
3516,0.2239403975810895
3518,0.17405977031680947
3519,0.2599707216363635
3522,0.015111731918150023
3524,0.14693418410170284
3528,0.6678989496308153
3529,0.07325771944164162
3531,0.19934200853133408
3532,0.28842673161375737
3533,0.08826905896515655
3534,0.217391724737203
3535,0.05827256017068725
3536,0.5383273889663629
3537,0.5956524000847063
3539,0.05554240420427775
3540,0.7765825219373452
3541,0.4232280620162738
3544,0.06953019848778286
3545,0.32305396532585345
3546,0.15952988727172301
3547,0.040133512206480974
3550,0.0547262269490499
3551,0.6656449346675931
3552,0.04340909042171792
3554,0.10440258840105529
3555,0.22926368626348867
3557,0.06543101456963021
3560,0.1291835666073851
3562,0.7997899909818385
3565,0.38586977874576966
3566,0.28155053573108196
3569,0.4832159557107435
3571,0.02575235516124126
3572,0.10161740023248239
3573,0.395350157905905
3575,0.1875445803555779
3578,0.39922630767584955
3582,0.19015945167088308
3584,0.8510978512247448
3585,0.030252177780994673
3587,0.15457366028220462
3591,0.21397774174870024
3593,0.6815112096224872
3594,0.8739357778373896
3597,0.5927114832131899
3599,0.2745561307374974
3600,0.15997492646786174
3606,0.5048247110213863
3607,0.023173613459625122
3610,0.0361421762778046
3611,0.09113145320643738
3612,0.011176524643187719
3615,0.022380697122033135
3618,0.019181010603962604
3619,0.38416924290910376
3620,0.06603619812812826
3624,0.08138012313938867
3625,0.09314475884847091
3627,0.19953049113343133
3628,0.14107893991318365
3630,0.07913921952340572
3631,0.044632277715882185
3634,0.09616882063220866
3635,0.05886325832594172
3639,0.06952026339553408
3642,0.11806563354199795
3644,0.09430425580144827
3645,0.6211636977761918
3646,0.07739490506225014
3647,0.024675052359740393
3648,0.10771584692062525
3650,0.3787236523867656
3653,0.21350439060885357
3656,0.10713881248105211
3657,0.7973374520985417
3658,0.10797812885377982
3659,0.12497536552974962
3661,0.031610383591665035
3663,0.1591806319631835
3667,0.10940212203520576
3671,0.39382210579308247
3672,0.23653531305244993
3673,0.21029683531353424
3675,0.09939231616942668
3676,0.24990977421061064
3679,0.0806270685607318
3680,0.08498830272187304
3682,0.6485539377560274
3683,0.40177696886689
3684,0.043061348107865445
3685,0.08590297205769229
3686,0.024665674784666785
3688,0.06282637150318734
3692,0.013425526213021647
3693,0.4174854782950101
3694,0.19779655676766977
3697,0.07880229650751958
3699,0.4243357192571171
3702,0.09873809007774945
3708,0.19060966089542453
3711,0.04220546356215469
3712,0.04606015521200763
3715,0.3172515783570204
3717,0.3272335360905182
3718,0.3381515896740943
3719,0.13227752499639384
3720,0.32341631713466423
3721,0.27535917145352123
3722,0.16632347469568795
3725,0.17664321630413246
3726,0.3696678806706338
3728,0.21229468157257772
3730,0.21337993873563313
3731,0.5841698324842732
3732,0.03571700438779315
3733,0.09785047202823671
3735,0.11355784439205166
3737,0.029062939627795475
3738,0.039859480712234996
3741,0.04177915415340199
3743,0.08328501400918877
3744,0.7983822623329481
3746,0.09322324304205074
3747,0.0632627497013074
3749,0.24569763129578778
3750,0.040862887578831115
3751,0.10571334977860447
3754,0.27496559147282096
3757,0.11289034751971146
3758,0.2978544784644099
3759,0.08382971581722776
3761,0.06397495770485159
3764,0.18905622081285767
3767,0.8265658493150941
3768,0.07447491386246134
3770,0.12921444592677797
3773,0.12345696809561156
3776,0.0692966856944907
3777,0.37945509620438367
3782,0.20875450681671018
3785,0.2576088261496265
3789,0.09498115336160572
3791,0.20264805106595324
3794,0.12822953101371684
3795,0.05874719494087324
3798,0.13560892440217406
3800,0.2770239806430946
3801,0.16370408068709627
3802,0.06990498191845923
3806,0.37417304489404046
3808,0.07721330676699553
3809,0.10936834516019572
3813,0.3391598980389345
3815,0.19876043598725998
3816,0.3304119192920441
3817,0.17932837263136137
3819,0.29953599754803395
3820,0.5232080493205241
3821,0.28485961130572296
3824,0.05673644464355079
3826,0.08795455785126075
3831,0.42611588186098254
3832,0.2469426022898455
3833,0.23680334485377452
3834,0.0699977265104665
3837,0.1792107336996378
3839,0.14163599490869486
3840,0.7125739837340592
3841,0.07098356396412818
3842,0.11290317757776286
3844,0.08276727348004843
3845,0.0494470643551186
3846,0.22663594629711034
3847,0.11428121770718447
3849,0.5540208409585247
3851,0.32388449595447794
3852,0.24576356104957145
3854,0.7575040457665678
3857,0.044950797046136914
3859,0.1603543710438323
3862,0.129518096926459
3864,0.4388321727380207
3866,0.08261393914594804
3867,0.6975795741300544
3868,0.21784722790074584
3869,0.2309273559730082
3870,0.3976260731500083
3871,0.34279364077988456
3872,0.6012253601687696
3873,0.688459540611565
3874,0.400291288608711
3877,0.04677073997769721
3878,0.26483731947749933
3882,0.04778212807307042
3883,0.18537619438603328
3884,0.0750715757045199
3887,0.10430789830796824
3892,0.16445764637795554
3893,0.11722501556338438
3897,0.15347989418448646
3898,0.10775836209641582
3901,0.041926299558193506
3903,0.20273176027695658
3904,0.3131157203920829
3909,0.17928340459855363
3912,0.31257744475048604
3914,0.03992583590160945
3916,0.041175471117231584
3917,0.6228820613999416
3921,0.19212849743959956
3922,0.03053395796889336
3923,0.18956903064623967
3925,0.06288933632393832
3928,0.03732517242880884
3931,0.24580053743954414
3934,0.13346568022651592
3936,0.8237678651337471
3937,0.1750337091774761
3938,0.5929320851415558
3940,0.06871047375203955
3943,0.5296574459511115
3945,0.2164269321988921
3946,0.3874461992789029
3947,0.176871053704144
3948,0.43319951014840496
3950,0.20086941954460874
3954,0.1835736502841335
3955,0.053259607247073314
3956,0.018390931916191594
3959,0.4496180581655589
3960,0.3364707572031655
3962,0.15397536104935794
3963,0.265838343941752
3964,0.814268287811131
3965,0.0927833118657826
3967,0.47571725265739806
3969,0.13136383902917712
3975,0.03516407502212228
3976,0.025734877932230994
3977,0.6020430168408983
3979,0.13113419541376176
3980,0.0480823583212903
3981,0.03906270942993354
3984,0.15931373895584125
3987,0.09010523296802525
3988,0.057520054239593055
3989,0.216936801079541
3990,0.06861407576403991
3991,0.5368395046218402
3992,0.038065116048198566
3994,0.10402695078575729
3996,0.12179864166088536
3997,0.091767034569339
3998,0.09228292317338108
3999,0.8289061891398664
4000,0.20419368908835067
4001,0.5272239894124723
4003,0.2102522017175267
4007,0.9012047045181303
4008,0.1813470567550057
4009,0.3328226509108743
4011,0.07275945383814011
4013,0.07580501000056865
4014,0.7075090223289484
4017,0.13518027079061914
4018,0.07478153357710904
4019,0.4322843218025955
4020,0.6991643957281559
4021,0.18988243930218643
4024,0.07295945952675482
4027,0.12908427107375142
4029,0.09083173055476645
4030,0.38618042296685096
4031,0.10635593250231336
4034,0.031562383149444394
4035,0.4417316070843601
4038,0.056894577143582224
4039,0.11939274658880504
4040,0.7892759489195146
4042,0.705564783646358
4043,0.09691129711342306
4045,0.04306031674207931
4046,0.08724133781370233
4047,0.2677285248557783
4048,0.76815690455884
4049,0.35816801776842644
4050,0.22999224133583074
4052,0.03698029140462203
4054,0.14850440289713362
4056,0.10855737738295904
4057,0.3656028059326146
4058,0.3712827062451513
4059,0.06459337624892429
4060,0.06899776488008498
4063,0.1913743996517339
4064,0.3895208309943067
4065,0.6335686115618892
4066,0.6673431954607122
4068,0.1165884924144885
4069,0.3312504852008418
4071,0.08398369371536735
4075,0.13017610272990296
4076,0.16589990675912883
4077,0.7095052017309328
4080,0.06059831361809568
4081,0.0401500101742788
4085,0.42741672232408623
4087,0.6610325326274971
4088,0.1539242670840603
4089,0.07223464230396753
4092,0.16034898796327368
4093,0.5961660947311144
4094,0.6556042865956574
4095,0.1295472746021094
4096,0.2522554198567086
4097,0.1767658313899862
4098,0.14189104529348567
4099,0.7848943192402764
4101,0.22715893458748343
4102,0.16176047171021773
4103,0.2980274928825755
4105,0.6160253862496102
4106,0.16726742497003635
4109,0.08226127074596983
4110,0.11829382284267681
4111,0.10482822165417122
4112,0.1814700952479743
4114,0.34527908709927174
4115,0.3020173365450492
4117,0.12439755968838066
4118,0.13246555001180324
4121,0.08508311794710417
4125,0.4910165375476157
4126,0.20047347465099322
4127,0.038793006806214614
4128,0.22603332841964047
4129,0.07834971680517103
4130,0.104009532641745
4131,0.2660003591815508
4132,0.023224178130045712
4133,0.03235075472014528
4135,0.04682288484116158
4137,0.11519440087901205
4139,0.0760415596281767
4140,0.0817459705750003
4141,0.12655258068139302
4142,0.5763474763937876
4144,0.49299212655948454
4146,0.5843803786070613
4148,0.8440224679869233
4150,0.1639263603588109
4151,0.05521372410403441
4152,0.040061159792597265
4153,0.058877264275311515
4156,0.41875128645594367
4157,0.09063921881900874
4159,0.21074612417886562
4160,0.054549306314889114
4161,0.7383620919025261
4162,0.4916993527458621
4166,0.2318809843687654
4167,0.042931207602208074
4168,0.07023700878373278
4170,0.4436805506939693
4171,0.04321982053036052
4172,0.03669976582641667
4173,0.033985482608111496
4175,0.09434905659133487
4176,0.037223337095320545
4177,0.019460592296025085
4179,0.009966815046309686
4180,0.020232736047759572
4182,0.1352338319221205
4183,0.06266568927168348
4186,0.1896483477611549
4187,0.0464551147496132
4188,0.33504260152892795
4189,0.6082258325669593
4190,0.6070639440381066
4192,0.14919923025838008
4193,0.8172346384309743
4195,0.2674309820901366
4196,0.12847347291597416
4197,0.29820272202744863
4198,0.01956804735029955
4200,0.3616232264647749
4203,0.22508287282264738
4205,0.22374444527105294
4207,0.1637739452578361
4208,0.06899291432406038
4209,0.5760728843755154
4215,0.10973872067572642
4217,0.13355181504051578
4221,0.14097383714830752
4222,0.21410912774966087
4223,0.581410288088926
4224,0.031400842205790785
4225,0.36489107089002687
4226,0.15770994215879908
4227,0.15345896082826663
4228,0.1733150646632711
4229,0.057503451877011495
4231,0.1655535443941006
4232,0.23145467833886016
4234,0.2496944016645993
4236,0.17288016126037223
4238,0.3164268283224998
4239,0.1564101785966265
4241,0.1450715840115697
4243,0.21871792371686627
4244,0.05205923771305914
4247,0.11779931184620189
4251,0.25255309089427797
4253,0.11256479899304295
4255,0.0721463674718913
4256,0.1522595334061449
4257,0.22087114517282405
4258,0.05441282062625939
4259,0.1432214742942501
4261,0.23851202375104424
4263,0.40907919007800886
4264,0.4885277272366945
4265,0.1667023488311104
4266,0.033850387604947685
4268,0.25182211506625435
4269,0.041381836237981154
4270,0.18473263946255986
4273,0.44349650875800367
4274,0.20946173245822186
4276,0.77979362222355
4277,0.1070543541164523
4278,0.18985312280475172
4279,0.07119910044043147
4280,0.13359744562195153
4281,0.08095406031636303
4282,0.41663852088193354
4284,0.0808261847631174
4286,0.5092015811385214
4287,0.07817450592397314
4289,0.11669072914355978
4290,0.11510999064728637
4294,0.039185700477825734
4295,0.2586959899000655
4297,0.11178106436952596
4299,0.21367670026574673
4302,0.4278155998482783
4304,0.0731858519540031
4308,0.04573646862918572
4310,0.2237831853897136
4311,0.235716081398977
4312,0.33990447071726004
4316,0.21265904452366063
4317,0.11447955550346221
4319,0.10056151829587585
4320,0.08606999844638852
4321,0.04600480660814081
4322,0.13823315408976555
4327,0.36733853915322684
4332,0.10431131922753072
4333,0.23323423266502105
4334,0.1824356353535323
4335,0.06509400282760422
4336,0.19466261825263312
4337,0.6441951239389037
4338,0.07141346461697369
4340,0.2470948843467618
4341,0.5598690718723964
4342,0.22612005863755408
4344,0.07430442976161843
4347,0.5219400754233674
4348,0.37048654802183417
4349,0.19371551421607758
4353,0.06587782882660448
4355,0.17444534263466122
4357,0.1350502278353904
4358,0.33567137546452364
4359,0.31412066684095225
4362,0.409786632752685
4364,0.21248051637362905
4365,0.11187112302832057
4368,0.1611827007983013
4370,0.04667441984066481
4372,0.07912648175902492
4373,0.049889224962754095
4374,0.14893730250004994
4375,0.5698941013967369
4378,0.5729889275757405
4380,0.27765963307270075
4381,0.21711836255130895
4382,0.24299753295810209
4384,0.042785601033434366
4385,0.17197162940809035
4386,0.2302295110979014
4389,0.0401867873786338
4390,0.15002488198628272
4393,0.14212737342794982
4398,0.05115266167691406
4399,0.022485604547376383
4400,0.022584668085956168
4401,0.3578661131637224
4402,0.2078097962313769
4404,0.17747346847294132
4405,0.4659376843724735
4407,0.09519074411745285
4414,0.029982567053798426
4418,0.06597142696127174
4422,0.06693248200495164
4423,0.08171533130146635
4424,0.1254504270696804
4425,0.39612926314232105
4430,0.11983435862417875
4433,0.7569994251228168
4434,0.1267935130611172
4437,0.4231650968509331
4440,0.08625644508402386
4441,0.08764093360578593
4442,0.11014241748877764
4444,0.08219346909846112
4446,0.1215808843886476
4448,0.7267743255337333
4449,0.17061362691430038
4451,0.15998898026439382
4455,0.2845777441807531
4457,0.28964167824179377
4459,0.05561400866981298
4464,0.10851600993316782
4465,0.12838900966435637
4466,0.3651086678585626
4467,0.1484418358058054
4470,0.03597355630340615
4471,0.8587358441947822
4472,0.06918284234667592
4478,0.05552333773895148
4479,0.045727402677377155
4480,0.09714937918483706
4481,0.4818859093378076
4482,0.12536573601108
4485,0.04539783604324937
4486,0.06576373283686265
4487,0.033213862999820334
4491,0.11144290480230148
4492,0.07844162565297218
4493,0.861980626889139
4494,0.26121827872315545
4496,0.14059435918515956
4497,0.43633081676409513
4501,0.03342121670661964
4507,0.048586192747220064
4513,0.013985283155869875
4516,0.09106705865299174
4518,0.36819194897266516
4519,0.17504788135759553
4521,0.24345973707013602
4523,0.738670408170533
4528,0.48418767258715034
4530,0.06723728444406392
4531,0.06859168690965692
4532,0.23675475195599616
4533,0.1150472418566814
4535,0.1763221848901198
4538,0.3569528229461457
4540,0.14078636874710135
4544,0.18146917311743538
4545,0.20360401331346964
4547,0.6421361611606582
4548,0.028850488711110966
4549,0.05112794396862946
4551,0.8369804792930233
4554,0.06088593297310498
4556,0.6708547762725995
4557,0.3462336378669818
4558,0.10056967192965433
4559,0.39573422893023674
4560,0.09027424748606364
4563,0.04756852033559412
4564,0.062385091265180784
4567,0.214511560643405
4569,0.041639632795588306
4571,0.1922467283461652
4572,0.012936849010739942
4573,0.6347560922948092
4574,0.02097136168023808
4576,0.12103450657391204
4579,0.2250686488758939
4580,0.4559021831205206
4581,0.06833036938920566
4582,0.4170845917773883
4583,0.4968755204084399
4584,0.8262897450283688
4587,0.2537040792263888
4588,0.08952493605072201
4590,0.10742168144750076
4591,0.31161635653842934
4592,0.21939121371742365
4593,0.8096633159364984
4594,0.3145629195701462
4596,0.07985060082725938
4598,0.07987078599237273
4603,0.1181780841363917
4604,0.015214520538450686
4606,0.0808382155762217
4607,0.21622976460127852
4608,0.1267745610125418
4609,0.7860402765251783
4610,0.12468334200888855
4612,0.2913524414128494
4618,0.6799555416768704
4619,0.08554251637989224
4621,0.1592645066873351
4622,0.24796554090132067
4624,0.3128915518926608
4628,0.27512395362009473
4630,0.03656650773154261
4634,0.07382454528832104
4637,0.1988765499684133
4641,0.7593161240670915
4642,0.09071377536894658
4643,0.1458143133916856
4645,0.09081636163581518
4646,0.04243761927342694
4647,0.07576923230375028
4648,0.07131050958615803
4651,0.2373761820724953
4653,0.1472390027802711
4654,0.727818283436132
4657,0.08875428744620963
4658,0.1599055181286205
4659,0.05447059797693818
4661,0.06803815326309301
4663,0.09318595532928856
4664,0.1505263643723589
4665,0.13543257635772699
4667,0.07563425587358442
4668,0.25286523869544086
4671,0.11543040636129388
4672,0.1031283407864508
4674,0.6634950852322697
4676,0.09931941887766901
4677,0.05831643060853529
4683,0.1714305127519666
4685,0.324224269893473
4687,0.1354459622597444
4688,0.14926397300830235
4689,0.7423101650476919
4698,0.7925222478554953
4699,0.23012918074488214
4700,0.043291641000430515
4702,0.05722918583898634
4703,0.23337295784637185
4704,0.6728155868141861
4705,0.41301312210166574
4706,0.15391746667238984
4707,0.28083120881106743
4708,0.5120377866346099
4710,0.0979136122721122
4711,0.09828788594401176
4713,0.09803596503269138
4718,0.08553658691977387
4719,0.05891267109351036
4720,0.6908329028048649
4723,0.7528932211360108
4724,0.098749673073954
4726,0.08922484428359999
4727,0.057694578879737154
4728,0.1205506542544771
4729,0.3946522938462599
4730,0.1382558537469451
4731,0.02320939768327189
4734,0.10627088113748258
4736,0.01365993184924261
4738,0.1376943028935293
4741,0.47414702908276074
4742,0.03835331107271923
4743,0.2818721047895362
4744,0.04719015458132766
4745,0.18614592622866438
4747,0.6906800102047518
4750,0.11902721695934837
4752,0.10012817469662598
4753,0.5271226492449299
4754,0.22741731450260513
4755,0.027309578424829874
4758,0.28066572586323885
4759,0.019476065377356952
4760,0.2500861850989976
4762,0.11226711812594906
4764,0.11696046802120086
4765,0.5933045601508197
4766,0.0077554804070152725
4767,0.09126222958052847
4768,0.33204625739957944
4769,0.15199666811095475
4771,0.18021435211475947
4772,0.17555203862732577
4774,0.09556324111570182
4776,0.09381199539189265
4777,0.058103077531065174
4778,0.31162263191912615
4785,0.09481249802659668
4787,0.18838089816499337
4794,0.03858264763652552
4795,0.049521123572758736
4796,0.17227530376829614
4797,0.09302929020070316
4801,0.09978817856878115
4802,0.5574714084963771
4803,0.20810653593227596
4805,0.06109955895348374
4806,0.025291151688450392
4807,0.2946019110053177
4809,0.07436319150631979
4810,0.08277762021889648
4812,0.12801036125154383
4814,0.02973544256439777
4815,0.2710626514719508
4816,0.08576193379473065
4817,0.10287015869310676
4820,0.1140700502254873
4823,0.12150123525479162
4824,0.035699999814590315
4825,0.1522881116618771
4826,0.07659335906575562
4828,0.07756099291508671
4829,0.06470027938118794
4830,0.30834926691724074
4832,0.08934668773055861
4833,0.09407523506884077
4834,0.09510966703698877
4835,0.0487809151334217
4836,0.08475784344487712
4837,0.06711922274422527
4839,0.7731824132048046
4840,0.0880631948894704
4843,0.023907588800634396
4845,0.0535273859408903
4846,0.22633700421656625
4847,0.060932675486394236
4849,0.1263780476097389
4852,0.4642642531193059
4854,0.07915370555616748
4858,0.4988830668899363
4859,0.12910624177702626
4860,0.03125437127377416
4863,0.738592992721373
4865,0.30963432360892196
4866,0.06058155913559036
4867,0.6980122192873723
4870,0.042764074826102935
4872,0.12811784215077213
4873,0.1366791786723892
4875,0.17098225241633608
4876,0.618592868931219
4877,0.20789601050821993
4880,0.08188219364008917
4881,0.05109405139406122
4883,0.8023502605709909
4884,0.5728790204920616
4887,0.13513017556713994
4888,0.09835412877756729
4889,0.13421598572283897
4890,0.0697642401174875
4891,0.18168267273017735
4894,0.7626705681933028
4896,0.18783688458140482
4897,0.09296175029497962
4899,0.041543362072951104
4900,0.14080603498955704
4902,0.3059481071723276
4904,0.06964153182037836
4906,0.2356328686289875
4907,0.4264707432237578
4908,0.20067169087654074
4909,0.03003514361540826
4910,0.7051456235736087
4911,0.5571910473737586
4912,0.07463001812974655
4913,0.21155404458944863
4914,0.3297575762668922
4917,0.3518809713767865
4920,0.36109492869077087
4922,0.4279624473301487
4923,0.16600641004143368
4927,0.4406966943999665
4928,0.2253291099254708
4930,0.12367162874026578
4932,0.6571436662055621
4934,0.031566859856405775
4935,0.6129502302483584
4937,0.2369108527769996
4939,0.21921396057297732
4942,0.05777095944672091
4943,0.09665822961194714
4945,0.04760559975041586
4946,0.0425774449437783
4947,0.1923438929761339
4949,0.12532390912845295
4950,0.08588904862614609
4952,0.17005489666401596
4955,0.1007912724617251
4959,0.7266471820650628
4962,0.17633371763424596
4963,0.2760409430660999
4965,0.09388581909418328
4967,0.20307368706892348
4969,0.1679790981222798
4970,0.06518687555312655
4972,0.1879642845346137
4973,0.16921427460667723
4974,0.5769991808097303
4976,0.07628442965410277
4977,0.2658172916668431
4979,0.14788229218681403
4980,0.03202645415917208
4983,0.22926642011787685
4984,0.10854064641731369
4986,0.7628622898049888
4987,0.15587257700228732
4988,0.08941185490776783
4989,0.516721533071559
4990,0.07634011997465903
4991,0.2585636217279979
4994,0.050471335192310264
4998,0.07925376278585305
4999,0.12282298141649961
5000,0.1795334658520416
5002,0.027569700109189334
5003,0.25948748349582296
5009,0.12086486649217179
5011,0.21746150747045564
5014,0.17303186457803105
5015,0.13570244688774416
5017,0.046803972183372115
5020,0.4308738995774103
5021,0.04593528435720387
5023,0.14248042793051058
5025,0.08358936765183973
5026,0.08275283881004795
5030,0.015100802607962927
5032,0.6511605822378127
5034,0.07134898364064167
5039,0.12429860922405708
5043,0.07107527436161641
5044,0.17463542358172934
5045,0.047177210020565734
5047,0.01922275733123843
5049,0.8125226817467514
5050,0.25717928149499464
5051,0.09016442334247987
5052,0.17462806832904207
5055,0.12347704405502342
5057,0.8554860491007538
5060,0.18204449750379706
5061,0.616902030828355
5062,0.42249475339267123
5063,0.1114777135594908
5064,0.20010485609700795
5065,0.41100645873992275
5066,0.22519466159567147
5067,0.20203718675874713
5071,0.04285813023196295
5072,0.17768053480859006
5076,0.5941058013840972
5077,0.5925218819859905
5078,0.019086554879036363
5080,0.7285835976288216
5081,0.3327480033468693
5082,0.13811617219698602
5086,0.04606654135873735
5087,0.056457745552236795
5092,0.178733585827849
5093,0.04658758164367649
5097,0.6112869794874872
5098,0.18907009920694282
5099,0.06403891221558262
5103,0.3167819385543383
5105,0.031436092872188175
5113,0.38523579897709376
5114,0.731975188040288
5116,0.6020656471900906
5118,0.1144852173010077
5120,0.0467723538062708
5122,0.3194962115349496
5124,0.21316086864653983
5125,0.1883784429800935
5126,0.14949411826595277
5127,0.21056672640025184
5129,0.4801613694537854
5132,0.06793517753767057
5134,0.29557199600546663
5135,0.6292531719926366
5137,0.6023741725658642
5139,0.03236204537525064
5142,0.07423701651483552
5143,0.14851506115589622
5144,0.23614561208803395
5146,0.17998529552992906
5149,0.30623744917807894
5150,0.283878626995454
5151,0.4218506314075413
5152,0.16051102748189366
5153,0.049652869989657546
5154,0.14076959943079684
5155,0.021514020830816615
5156,0.38543522096672966
5159,0.061894235732973375
5160,0.09910030681421458
5164,0.7120738873031651
5165,0.06435230655362087
5166,0.03058871750826209
5167,0.20737951999869958
5168,0.16363344065979438
5169,0.10614178714230196
5172,0.8739626059709171
5175,0.10067114084503297
5177,0.02398651168826161
5180,0.24164556635734144
5182,0.23920720191057523
5183,0.02832812580280993
5184,0.12525371581477163
5185,0.24616688146038337
5186,0.033790120320919534
5187,0.040801614342536506
5188,0.15143584101886376
5189,0.7171957908097529
5192,0.48004059595188375
5193,0.2133708193902967
5194,0.7170530451020458
5195,0.05524632641712705
5197,0.09252820012930776
5198,0.12561101537626215
5199,0.2726005566129535
5200,0.3183213947376975
5202,0.06592614306177857
5205,0.08889718617957201
5206,0.17706402012353567
5209,0.22984568497354235
5212,0.4310115803895206
5214,0.0648668883576998
5217,0.10268592960753334
5219,0.6087507499781211
5220,0.21211847110532547
5222,0.06818406490711042
5224,0.5256525246835845
5225,0.801684485016294
5226,0.09659474844286631
5228,0.07526855647905996
5229,0.06866066422201765
5232,0.062427664742401336
5234,0.5813226057155743
5238,0.31207819605817616
5242,0.17192378431115504
5244,0.06937799861717012
5245,0.07074753813088609
5250,0.04677621186536263
5252,0.06721101244648145
5253,0.038615419199969324
5254,0.31496925193027203
5255,0.1643270212525192
5258,0.17328655157090742
5260,0.18614411727860758
5264,0.0367583850551894
5265,0.14290426303608472
5269,0.1297480205448007
5270,0.04338562916304736
5273,0.21865874754461204
5275,0.220499890633727
5280,0.09019484609135311
5283,0.09227599349395671
5284,0.2563217488945284
5285,0.6628717787069897
5287,0.03107030904036597
5288,0.02443625335603771
5291,0.2728949162567647
5295,0.12589285209396686
5298,0.11447726826866368
5300,0.23031764251116582
5302,0.35342245049813786
5303,0.2584016089052434
5305,0.08410567362894517
5306,0.33334737297745526
5310,0.13510356352032316
5312,0.08991345039770764
5313,0.13476889250739713
5317,0.6973468748403315
5320,0.2531003496017355
5321,0.11753283783604213
5326,0.2806161990025516
5328,0.05402840812325553
5329,0.17485906679698002
5330,0.046212523652133096
5331,0.21065445421577944
5332,0.5213813625106358
5334,0.08854409681851773
5335,0.129692742135378
5336,0.10461063021849551
5337,0.47350479523283684
5338,0.12721968726610514
5339,0.8288228307540801
5340,0.6256509194388803
5341,0.16941722044736962
5343,0.4365865992712368
5345,0.044932267716894195
5346,0.43418329745344686
5347,0.0935177192134569
5349,0.425467953563107
5353,0.4589233702778103
5356,0.11955724802363672
5361,0.2010544789898463
5362,0.11143198923455158
5366,0.08923026015446991
5369,0.20433895520295284
5371,0.09626400536915851
5375,0.12867969338931384
5376,0.02027122302688572
5377,0.0711191284093382
5378,0.14470850667258656
5379,0.1661548976792108
5380,0.0747250381766231
5381,0.28643734157681444
5382,0.1757709619531874
5383,0.12357395049315956
5384,0.5745547663234568
5385,0.30963432360892196
5387,0.04605449988445403
5391,0.8535851954611456
5392,0.14372481282969926
5395,0.20297807500466783
5397,0.08071033140803625
5398,0.05859653860160705
5400,0.18808449009652764
5401,0.04495326525366471
5403,0.1740717889211948
5412,0.3077577922628436
5415,0.1323803959183637
5417,0.15039076358690473
5418,0.11684662271271326
5420,0.626388809712214
5421,0.06528552738870033
5422,0.10295941883301599
5423,0.18786952673445625
5424,0.12372734919902577
5425,0.429039837497382
5429,0.4204463161996557
5430,0.07181791909909545
5431,0.03469401033084894
5434,0.036228696438943365
5437,0.17239405107983066
5440,0.8114869331346248
5441,0.19703650908051287
5442,0.03726446726293036
5444,0.14741106135304333
5446,0.16409208208603382
5447,0.5160134577314979
5448,0.01641471395909298
5449,0.224761795236315
5450,0.05095441193612086
5451,0.17445862620373861
5452,0.39577437392862386
5453,0.1644846458842331
5455,0.2774362360798175
5456,0.3783808834799711
5457,0.12976298285891816
5458,0.6866270658204975
5460,0.028697616473348304
5461,0.2352870342544248
5467,0.5744714486961009
5468,0.17694446606683029
5470,0.2933394278844932
5473,0.37611008810590196
5474,0.07344376798232947
5475,0.5348703092019838
5477,0.8468134868945878
5482,0.007991027573554837
5485,0.05910969176295345
5486,0.6411158421075924
5489,0.14292786091200343
5491,0.1674126724259803
5492,0.20793461499746607
5493,0.09614125967579418
5495,0.05782427764266788
5496,0.25545168930026857
5497,0.11957626780564959
5498,0.5434114989572947
5499,0.17085735313596473
5506,0.27454222448943305
5507,0.07960416086177857
5512,0.4563122906721906
5513,0.8060791886002802
5516,0.11177824284303521
5521,0.1165306470630808
5523,0.14792107574964072
5524,0.061626064426203386
5525,0.19435015104360304
5526,0.0910360857172456
5528,0.2932721188610986
5529,0.14037482275232557
5530,0.04647614675773157
5534,0.06131034931772101
5535,0.1629572844253883
5536,0.02674844197210726
5537,0.47461599816320293
5538,0.023163634635142948
5539,0.18749868023930474
5541,0.22405624477040054
5544,0.22441031885834997
5545,0.11977055365096605
5547,0.21502171253021055
5548,0.09577697951470704
5549,0.07797948650266535
5550,0.19411487048630438
5551,0.07712693451853445
5553,0.11198260334766226
5554,0.1768178267189239
5556,0.1002078484598331
5560,0.1715908052604751
5562,0.09609530653739709
5564,0.03941927847696062
5566,0.0811952005008286
5567,0.0500469436285408
5568,0.11616583684451315
5569,0.09243481245106307
5573,0.17799080698419986
5576,0.03517000781276738
5579,0.06340820941665117
5580,0.42022742570332605
5582,0.04507704723482079
5584,0.11554060689275875
5585,0.10775355486734273
5586,0.04510374721178412
5588,0.16958987084883106
5590,0.1135488287882305
5591,0.21118587731986826
5592,0.19595109940003258
5593,0.6189350847165124
5596,0.16231983283731566
5597,0.02904320656283482
5602,0.27089610974556827
5603,0.051315872889282556
5604,0.03425701822506476
5606,0.09246490423957213
5609,0.1774272967062359
5611,0.7138623550536948
5614,0.1942620220200635
5616,0.013114714727320722
5620,0.05200258228720518
5622,0.2175963407815506
5623,0.2141761116644537
5624,0.2963690409518419
5626,0.1267080710658424
5630,0.3395657124544989
5635,0.02156808371887931
5639,0.33938292753228355
5640,0.1746558291548378
5641,0.06165910003187387
5643,0.5171127355262591
5645,0.05132466980979761
5648,0.7150534206333041
5649,0.20021215974474518
5651,0.4659481070205495
5657,0.05753639938908213
5658,0.1350209498613915
5659,0.6385021552369995
5662,0.09560206602592204
5664,0.07417782577771626
5666,0.1534877153647461
5668,0.019837656271992327
5669,0.10050083088236703
5673,0.17211017356535804
5675,0.7998518195569371
5678,0.13022065505805766
5680,0.344604137089737
5681,0.0481798113328477
5682,0.7778041571107563
5683,0.7066709469570028
5685,0.13471628804457125
5686,0.08612939403759118
5688,0.022756664661544024
5690,0.13833823066672582
5691,0.2010125086497449
5696,0.1727769953454162
5697,0.06050365926465931
5700,0.1703625923872571
5701,0.20585116856947563
5704,0.17128250296751377
5705,0.14863869496982504
5707,0.03348050076334574
5708,0.3033678494352818
5710,0.20588824764482017
5712,0.14404427524504834
5714,0.5927839645311347
5715,0.16448011948449645
5718,0.4329181055840911
5719,0.19721429836631768
5720,0.08425001294475949
5721,0.3781157345497922
5722,0.7946609350302732
5724,0.6563705043568347
5725,0.7356072924731254
5733,0.06564912493625244
5735,0.18459728293460342
5739,0.5277816231770401
5740,0.05250092440482234
5742,0.08588555369853684
5744,0.2517031978536437
5749,0.16609976053989398
5753,0.1009915449852249
5754,0.323751735590789
5758,0.22492835851269477
5760,0.05665073348918842
5762,0.18836912731480024
5763,0.230026344077351
5765,0.12426572548881072
5766,0.2721002570016651
5769,0.07695753139470671
5770,0.8060538886681445
5771,0.4555368954340574
5772,0.06310666874205487
5774,0.05933595642180278
5776,0.04923690060335138
5777,0.08482551832805964
5779,0.06590433940312186
5780,0.21854097556804047
5781,0.20030641286368583
5783,0.14109830205072058
5784,0.13086417496748068
5785,0.19984649871599125
5787,0.7125221686582703
5788,0.27402323540691215
5790,0.1109240761130688
5793,0.008450360728798813
5795,0.09212351084456187
5796,0.046224078100864284
5797,0.12844238051498572
5799,0.13213812869832073
5800,0.5451614445153691
5801,0.2476961553849578
5803,0.08951263270566191
5806,0.09548808399737824
5811,0.19295383427289428
5813,0.7814322031677586
5814,0.2620006955762223
5815,0.3433649230520013
5818,0.6161294910412108
5820,0.6128945267407829
5821,0.26451157656579327
5823,0.08373508467428344
5828,0.03815179881825181
5829,0.7371651281647393
5831,0.09256085096014462
5832,0.7929186966348714
5836,0.013203771902109031
5837,0.1305536368931855
5838,0.8533967176001237
5839,0.6555288106669415
5840,0.24575641642282067
5843,0.16179657138848422
5844,0.285776981197505
5846,0.6441831519041229
5848,0.24657536316868844
5849,0.16843580211125458
5850,0.046136749705226854
5851,0.30367130984424956
5852,0.0642259752769389
5855,0.26066077016644335
5857,0.28251246467773405
5858,0.06945167093436574
5859,0.14339715218821225
5861,0.13079351973415793
5864,0.05829430172416288
5865,0.48973254509478953
5866,0.06553740904675438
5869,0.2651688167082578
5870,0.1594471140760764
5871,0.09788593169846473
5872,0.0551477990258622
5877,0.16629500920317575
5879,0.04465929584575571
5880,0.05490469730348359
5881,0.04923385658671116
5883,0.18247760186524814
5884,0.7423763441564322
5885,0.6706246644805438
5886,0.6039939912065507
5888,0.029081901713711954
5889,0.0496577619210889
5890,0.10645661585678609
5892,0.0559003253415595
5895,0.25587102197751943
5896,0.04248943438303351
5897,0.04917948019591189
5898,0.10435867187138172
5899,0.0662954652257325
5900,0.22633502349552342
5902,0.5899628866869392
5903,0.13369033479118872
5904,0.175352157040298
5905,0.21388268679256955
5907,0.07306228720387095
5908,0.5504414351957843
5913,0.12805037642303935
5914,0.027879016964739045
5919,0.30655265239752166
5920,0.15232117840039522
5921,0.1878059745717134
5924,0.1841122279329347
5926,0.10812270563823297
5928,0.09269106866984733
5929,0.0774283965394861
5930,0.06592103487465027
5931,0.5514378613163057
5934,0.2893468306129344
5940,0.07418523355088058
5941,0.1914742803058922
5946,0.09380458979643866
5947,0.03256651254783741
5953,0.14689733985339942
5954,0.28888885879324716
5956,0.055581496422678144
5961,0.2735715826239355
5962,0.09024153110889406
5963,0.1351735472723224
5965,0.03827927259245529
5966,0.155993583260313
5968,0.04382430097665637
5969,0.10021191380807974
5970,0.06573584457414022
5972,0.205175684514398
5973,0.10052366254835209
5978,0.7752488159104032
5980,0.5789639041969196
5981,0.03792099576993703
5982,0.027528008896663295
5983,0.1393146406717381
5985,0.09644206925196191
5986,0.8085785054500793
5988,0.4169337196654246
5989,0.5631097945622472
5991,0.42647821816975623
5992,0.21693922710550845
5993,0.12681586383363555
5994,0.20038025411809443
5997,0.13386434668756525
5998,0.09591690324345727
6000,0.774242168707223
6004,0.09999013594630544
6006,0.0325796278101946
6009,0.021390765057329893
6012,0.32935275342706377
6014,0.09663845644407269
6015,0.13093966040219837
6016,0.42769179345968117
6017,0.07715819451340655
6018,0.19135885948445416
6019,0.2825402739408851
6020,0.736653327739027
6021,0.29023310815154635
6022,0.21660280029791978
6025,0.14038977514275536
6030,0.1877898054654058
6033,0.1678687961180472
6035,0.2924326636977222
6037,0.09014293593779703
6038,0.05308874286276259
6039,0.6789912601217516
6041,0.8302052570158411
6042,0.041547560498452256
6045,0.8627996446600029
6047,0.017093258516451344
6050,0.5327955445295999
6051,0.12352825448666106
6053,0.4485810833873876
6055,0.2218495150091578
6056,0.8333873980524522
6057,0.060278576175913014
6058,0.23867129082568717
6059,0.05114734722736397
6060,0.15960196235093602
6061,0.42317171400585196
6063,0.05481957354375535
6064,0.10148060090449318
6065,0.16319533547191886
6068,0.08588805620917091
6069,0.07392341410799759
6070,0.07541761464744268
6072,0.05572612921906251
6074,0.02792012411801529
6076,0.1232051085583636
6077,0.682248309840135
6079,0.6136094696761311
6080,0.034362306803655956
6081,0.02881757234490328
6082,0.15072680888473558
6083,0.5017562855122205
6084,0.7251842169955267
6086,0.159306074213771
6087,0.07394055520172763
6089,0.3204311799920097
6091,0.034129798444409325
6092,0.05360101700565606
6093,0.03423933984119478
6094,0.27025341897247124
6095,0.4584875595270171
6096,0.05033185773570656
6097,0.07308116309718748
6103,0.08304473671761649
6105,0.23928997575635846
6107,0.4313537893060498
6108,0.335844836627702
6111,0.10901945893678598
6113,0.11172607212893625
6114,0.07945039604012404
6115,0.022026977517435573
6116,0.03323254185180986
6117,0.3679021355589442
6122,0.7656384497720771
6123,0.3730955967356307
6125,0.3280671028254824
6126,0.06338971206358783
6127,0.28171993543295554
6129,0.16033473055952102
6133,0.524930472378062
6134,0.04518273788026307
6135,0.2682006555667642
6136,0.04485208258872834
6139,0.2381856587966139
6141,0.07422949165281974
6142,0.06939300805486769
6143,0.05883123846272617
6145,0.145853512723187
6148,0.07857667654888172
6149,0.2336086159193791
6150,0.14886782124326695
6151,0.10130575633541346
6153,0.22234523345207122
6154,0.16052578237520054
6158,0.2097282945298245
6159,0.13391221856641589
6160,0.578614918564987
6161,0.41564812279310426
6164,0.1266749940989099
6166,0.15028083712503934
6167,0.5932592709835455
6169,0.06267359235588885
6171,0.13957095199513167
6172,0.1697401940168226
6173,0.209769558504286
6175,0.6862730515683194
6176,0.625333278101411
6177,0.7148321219442573
6178,0.19467809190163732
6179,0.11918451803467144
6181,0.09783871854826383
6184,0.1151657124391433
6185,0.019550446054074903
6186,0.07680064391020856
6187,0.22002747579395748
6188,0.04550161706566235
6189,0.1210909403287328
6190,0.020091722030493787
6191,0.08595088574027329
6192,0.3245757055322606
6194,0.38704765659518814
6196,0.07857563117027813
6198,0.12860421096767238
6200,0.21033848017431028
6201,0.2923177141204612
6202,0.0652196808038553
6203,0.10052960752634917
6204,0.10471361206789297
6205,0.171285454329482
6206,0.037773041509741596
6211,0.8488340714537908
6214,0.04100001316067233
6217,0.29791775471009846
6218,0.5024465023156021
6219,0.40459549999071603
6220,0.17824407435660503
6221,0.32997225978662387
6223,0.07946431248704011
6225,0.3402945918873179
6226,0.03751807903566128
6227,0.10661173529577879
6228,0.33972505262031527
6230,0.1884886006172325
6232,0.02154950925114342
6233,0.7431172127898426
6234,0.08507179390052252
6235,0.10559397634506962
6238,0.07411802529583315
6240,0.04338585941633413
6241,0.5528841356694986
6243,0.04348832398140602
6246,0.04090254949440484
6248,0.19659310075218867
6251,0.20603906328572988
6252,0.2340533172114259
6253,0.31122254373715336
6254,0.22459886413370367
6255,0.3365920717389914
6257,0.13935292608745134
6259,0.026667904025721938
6262,0.16427774944625412
6264,0.06922088226320706
6265,0.2838516782701185
6266,0.14523682586980938
6267,0.2318217933154876
6270,0.25035666859344347
6272,0.8591671275958465
6273,0.17661221791326737
6277,0.25137038013392976
6278,0.25391868545861274
6280,0.07045452180241768
6281,0.12411841745162817
6282,0.6181434968547395
6287,0.15493685370063198
6289,0.2303365217644063
6290,0.7540460099553697
6292,0.0884077925523642
6296,0.0373702152570081
6301,0.5790390238183746
6302,0.14286242945689046
6303,0.018768551760617293
6304,0.052997741731362784
6305,0.1376818708771127
6306,0.5508816392972342
6307,0.008803487770171701
6308,0.017456702021435642
6312,0.05773848906523743
6314,0.4327617257160426
6316,0.2720700838893535
6317,0.054750933317136194
6318,0.13201437828870358
6321,0.7368469953937694
6323,0.11233053019119556
6324,0.045993811497635394
6325,0.0788810395842535
6326,0.19331928829905237
6328,0.8188829531798627
6331,0.08905122722411081
6332,0.5587018930180567
6333,0.2134729263869382
6339,0.171720792622846
6341,0.16847170743037468
6342,0.5989639456575414
6343,0.10655658098777832
6345,0.6591816458647741
6347,0.1999496612071027
6348,0.3883668551718812
6349,0.6759478409593315
6350,0.435031467953339
6354,0.42763976048102054
6355,0.12158226630691063
6356,0.14430243090404493
6357,0.11780114795375332
6358,0.5371832931795095
6359,0.13614575990276234
6360,0.16926223890698722
6362,0.7311078576937432
6364,0.15212539534339115
6367,0.18700141804613998
6369,0.1201246059180748
6371,0.6808619850043095
6372,0.21155339057628858
6373,0.29781440419672744
6375,0.28368090062253126
6379,0.3342421195916604
6380,0.7526549137182421
6381,0.2039838223736112
6382,0.09255437246286649
6383,0.3353406527864618
6385,0.33802053402922344
6391,0.08367506267557366
6392,0.06520925903581708
6393,0.07888295567071296
6397,0.08499903264643191
6400,0.8023337326709238
6401,0.0817191403085712
6402,0.18494307634367044
6403,0.1270846838632351
6404,0.09387889163257365
6406,0.08578980594918689
6407,0.15814414788169612
6414,0.1292153968309671
6415,0.21077359337774282
6417,0.7060938402947441
6425,0.03417434794988807
6429,0.6374564915440739
6430,0.2015247363224238
6432,0.10387358749363089
6434,0.14703350251645728
6435,0.47478045330338925
6436,0.5130555244342574
6439,0.23224084175581813
6440,0.1000330326419093
6442,0.16338024353115999
6443,0.14083261892715265
6444,0.20030459569696699
6445,0.07681187411094592
6446,0.09265738661993975
6447,0.04796886154297976
6449,0.09332460002081873
6451,0.07091134897005945
6452,0.21234042638360154
6453,0.05017004451662172
6455,0.05995909285660611
6458,0.1000299798717626
6459,0.10395357848682152
6460,0.11080570187247037
6461,0.16129092194517805
6463,0.28329853934176397
6464,0.03130471472948406
6465,0.1518045241502031
6466,0.038638435743783645
6468,0.09554404563846232
6469,0.05354249728751876
6471,0.3153181761250886
6473,0.17469013312585316
6475,0.3712324060846382
6476,0.5712790459224037
6478,0.022089330434091684
6480,0.2447931186764422
6481,0.056608222553266446
6482,0.3350404633988769
6484,0.16877870903146494
6485,0.09105553428671095
6488,0.07525472072441827
6489,0.23458466866871217
6490,0.29220984896246294
6491,0.054432646504584695
6492,0.21114958617744764
6493,0.7665707594030171
6496,0.06557174051112057
6497,0.242534597702337
6498,0.32429362998189354
6499,0.06717237755062004
6500,0.08620759693950625
6501,0.5862232163786705
6503,0.09992789378442743
6505,0.020458949922337665
6506,0.29388593074075725
6507,0.4752985927177265
6508,0.12651830760630156
6509,0.06708895788827815
6513,0.4626606082233363
6514,0.4432692275818487
6517,0.18771446862866503
6518,0.5860754464778658
6519,0.05185604244351811
6521,0.24016413292900193
6524,0.15803284879619714
6528,0.3635297342848258
6529,0.03097041774142197
6530,0.21961782518297632
6531,0.5182358251965627
6533,0.16877150779206304
6535,0.060735151281716755
6536,0.09609540484253132
6537,0.26226489885682636
6539,0.1754574772606017
6540,0.2616349680763609
6542,0.16122716807754228
6545,0.04977301609477341
6546,0.22280341969438688
6549,0.06790503126887557
6550,0.180038096933131
6552,0.02998719496520566
6553,0.08502740350635721
6556,0.5314857839846991
6557,0.7888497945796417
6559,0.10357888771738753
6560,0.03146996655948847
6562,0.3673328917878723
6563,0.026301177946274734
6564,0.1229553974273388
6566,0.051651452156469935
6567,0.12019232138507904
6568,0.08880987741296009
6572,0.16386860861682323
6573,0.08563791620069063
6574,0.10280631777631356
6576,0.35605918680304316
6578,0.07105578723508103
6581,0.05629305724998203
6582,0.8037122740649957
6583,0.7187141892988703
6584,0.2776617781542675
6585,0.037860330359527725
6586,0.38874307476647496
6588,0.13732348232828967
6589,0.023261935994756847
6590,0.17620579361577698
6591,0.20489446967315983
6592,0.4560935792064551
6594,0.1097100525472876
6595,0.24968205439038793
6596,0.72223096479374
6598,0.01873335671545977
6599,0.061972674339735294
6600,0.06263321211187933
6603,0.07626313619638962
6605,0.3769971074579754
6606,0.07587219768183652
6608,0.6026629776696425
6611,0.042578917925148785
6612,0.03847102549433083
6613,0.2535524562856593
6616,0.20164036107817832
6618,0.6655376022989101
6622,0.6526300090864536
6623,0.1434161729694295
6624,0.28250241038060975
6625,0.06911575345422805
6627,0.02487272154519327
6628,0.6913494309329253
6629,0.06092334144175575
6630,0.707022182854987
6632,0.025557492265322692
6634,0.12153582481507338
6635,0.27891695329863275
6637,0.8108544790644236
6638,0.0484510015846057
6639,0.12443561338822393
6640,0.3926625697008567
6648,0.5671083018180973
6649,0.19424750775906427
6650,0.0827254970215715
6652,0.2045907985150282
6653,0.029967860278652773
6658,0.77478273325098
6663,0.1789857166419639
6665,0.13926543413632506
6668,0.5623718382771797
6670,0.08456916604757106
6671,0.1020458505525788
6674,0.5475697760749993
6676,0.2426380405469363
6678,0.34641995585937446
6682,0.16061661366228128
6683,0.5332525100177747
6684,0.39883639906747803
6685,0.023033891846181313
6687,0.6973758746570666
6691,0.04054394741119695
6692,0.033471501291263424
6694,0.04051292078858631
6695,0.18379309734793242
6696,0.20107941887197825
6700,0.355372048707904
6704,0.10742815332095738
6706,0.11557815172053869
6708,0.18609703089506166
6709,0.7048593568054761
6711,0.1563313705727571
6714,0.02388507386152056
6721,0.10068201276833198
6722,0.19035170558626763
6726,0.4223422178254941
6728,0.08667714184791148
6730,0.6023501491400917
6731,0.06938398002164763
6735,0.08571552102969308
6738,0.24141929890033367
6740,0.2089445525356174
6741,0.3157723479941791
6744,0.12150039605734238
6746,0.03947319527180313
6747,0.10934261850842847
6749,0.1276137989998419
6750,0.16500074369113574
6751,0.7553326773838068
6755,0.15848200557994718
6756,0.1257334466803573
6758,0.18904192133012976
6760,0.10200126616722344
6762,0.1168929624804475
6763,0.43698467945793334
6765,0.24119043336391388
6767,0.08817671532880231
6768,0.05591528801023433
6770,0.10348511177955165
6773,0.0617781462631946
6775,0.23859125967310127
6780,0.09916051658308653
6781,0.1643002475044278
6782,0.033032198823825604
6783,0.03626145723341206
6784,0.5474821776843634
6786,0.3327941231103123
6790,0.20264695931688723
6791,0.20383865402000909
6792,0.1655106201563596
6793,0.6420737659035468
6794,0.083275737399804
6796,0.20206783653024463
6797,0.28631432142962265
6798,0.04712579468186666
6802,0.18713641316337684
6805,0.31668140779296433
6806,0.08205950076670289
6807,0.6216352036431552
6809,0.060204447865053745
6810,0.07682824911613503
6811,0.21179804307798378
6814,0.08999093211514235
6815,0.07694903063006162
6816,0.2032272431116517
6817,0.0533319922460143
6818,0.02843047604549942
6820,0.06619498653622607
6823,0.0813265696464584
6826,0.08807465618700126
6827,0.24333886586222686
6829,0.5875156791955424
6830,0.067047206699142
6831,0.09403151200385787
6833,0.7453300212267583
6835,0.15921681418082254
6836,0.33081726276050805
6837,0.1273098626751507
6839,0.7660617943498609
6844,0.20702038197080352
6845,0.12803128680225956
6848,0.026531733615273893
6849,0.0438304367118245
6850,0.08498605048853584
6853,0.12211079574007491
6856,0.48589844869319926
6859,0.2498782949454533
6863,0.04672812686012885
6865,0.009610813396044145
6866,0.1568681081011641
6867,0.04385978730306968
6872,0.05146781840980594
6875,0.2385353923552374
6879,0.15464209491386793
6881,0.18751448860581546
6884,0.10278884535624397
6885,0.6483180122496224
6886,0.10193416070197153
6889,0.4013060864102416
6892,0.09197295450061378
6893,0.038793242676153514
6896,0.2104130316353739
6898,0.601108624322052
6899,0.1442845138059742
6901,0.11811949308546366
6903,0.028940335176108393
6904,0.1062876648097419
6906,0.7143408095940948
6907,0.2642647824293904
6908,0.08724838065714308
6909,0.18435632984701417
6910,0.6880140267383906
6911,0.06966576264563487
6915,0.7714809533020158
6916,0.029321507359056684
6917,0.8161026357484176
6918,0.6918125735358288
6920,0.06841415096278836
6921,0.11716440431697545
6922,0.11267393153975741
6925,0.12236230974170711
6926,0.43123484630789916
6927,0.8782270979258127
6931,0.1967029272144653
6932,0.031133217599796773
6933,0.017796809395614246
6934,0.09026976570958258
6937,0.026443442442685112
6940,0.035945672989746255
6941,0.031601059246325315
6944,0.05062499118667103
6945,0.30749531186515955
6948,0.05157818504913077
6949,0.07857511078609579
6950,0.16465545479802604
6951,0.3800653595243652
6956,0.02494008180188019
6959,0.17174396628080146
6960,0.09874920503533027
6961,0.06946193966488634
6963,0.23311008512844636
6966,0.1095654218137564
6967,0.2788456997777427
6970,0.1163765261984592
6971,0.10290544853830877
6972,0.05900246544358819
6973,0.20246177965758938
6975,0.009285501253294576
6978,0.09477957746397811
6979,0.5762158608632811
6980,0.09179715509282693
6981,0.08080201821284323
6982,0.28225509153692663
6983,0.07210008574660234
6984,0.23679545122611234
6985,0.19873751113953914
6987,0.2503960276243261
6989,0.24026789937980272
6990,0.449456684275529
6991,0.7652238219479046
6992,0.28590172567846134
6993,0.04367283346337133
6994,0.31120187744894534
6995,0.7509271791212059
7000,0.5335596463067048
7002,0.09564181818830753
7007,0.21086804305631143
7008,0.03499499845427614
7010,0.2789032334351472
7012,0.06747095484816718
7015,0.21416351774569875
7016,0.01093553442020936
7019,0.028255653472600555
7021,0.034509227458435474
7022,0.09221084451867792
7023,0.8528071412045218
7025,0.05441228030199925
7026,0.09075455232109368
7027,0.15120075985176434
7030,0.1348070812538264
7031,0.10555809023365341
7032,0.09794889681989655
7033,0.19719856006960831
7035,0.18809529703283212
7038,0.7541659270841569
7039,0.11991997715813288
7040,0.2295353078605999
7044,0.2513977507535177
7045,0.2035414986538617
7048,0.23765126718698681
7052,0.3155519424969742
7053,0.14766499746542042
7054,0.6329935386725942
7055,0.09313963408758913
7059,0.069844331068884
7062,0.5093283055878337
7066,0.15356505708560864
7067,0.20331241556089535
7070,0.08368123267689055
7073,0.07446898935979804
7075,0.04814796833559469
7076,0.078252644209206
7078,0.07117700249140067
7079,0.13488999848838792
7080,0.2302401245072139
7083,0.4096678194299424
7087,0.38640411073961806
7088,0.15775063686980945
7090,0.024293566639269317
7091,0.04537263941738309
7092,0.2196103287543733
7093,0.03855140995425358
7094,0.7186366274345356
7095,0.13083077760853132
7097,0.13751521530831948
7099,0.0908891497692557
7100,0.0673082401635628
7101,0.09452771553841997
7103,0.10802910710908835
7105,0.021685496214054654
7106,0.27450773926997446
7107,0.4093796333826081
7109,0.2602227035138209
7111,0.012359582591103192
7114,0.04075449314741789
7115,0.05728048762889066
7116,0.12130607734884781
7117,0.09804859121926644
7118,0.3787814358369269
7120,0.12751796233531393
7122,0.08390946323773497
7125,0.10538232092453727
7126,0.038375742752623544
7127,0.18828761506296898
7130,0.1798099449124701
7131,0.7766087872233156
7133,0.24567273443217058
7134,0.23973206932753346
7135,0.8530765503696184
7139,0.24508023029297762
7140,0.14243535801154603
7143,0.07517460584574602
7144,0.3589464405591612
7148,0.09763081481161189
7149,0.3359684260470011
7157,0.23206107980642407
7158,0.3209212653008358
7159,0.1023169633114741
7160,0.02264649940271353
7165,0.19905550430557825
7167,0.028352052671071964
7168,0.14905951673593915
7169,0.7354574918612126
7170,0.3395183248865659
7171,0.32305396532585345
7172,0.24032915003656738
7173,0.05954863392993327
7174,0.17508903513160343
7175,0.6970161936207396
7176,0.08102270021276996
7177,0.17177466964301638
7178,0.5465015696589322
7187,0.030866267531722922
7188,0.6245094124757924
7190,0.07336971067831996
7192,0.08921509071222052
7194,0.13042156583296177
7197,0.07625374354791162
7198,0.04981769686862406
7199,0.2970376163237939
7201,0.18042296558816517
7202,0.08477554534530901
7204,0.40512955283428137
7206,0.2800849324190052
7207,0.2285283726322217
7208,0.0616520507676613
7210,0.036178962751495194
7213,0.24553385031385744
7215,0.4783898351368247
7216,0.692073960329202
7218,0.18581865693121247
7220,0.19500493614580583
7222,0.15804200197227053
7224,0.49344824746882193
7225,0.28995729649131585
7226,0.027162378437339076
7228,0.09435686860603754
7230,0.14971386643680004
7231,0.06913445211216064
7233,0.4076242385707107
7235,0.21537829388417565
7236,0.2398418709026066
7238,0.08715617871191027
7241,0.06281068455296711
7242,0.07142576257898312
7245,0.3544207751026577
7246,0.1508023210331933
7247,0.2233616265873793
7249,0.8159427552015519
7250,0.22151454799703374
7253,0.04304427572485406
7256,0.035714309798048675
7257,0.2310570234354745
7259,0.11598025967573188
7260,0.11473578100048423
7262,0.5746339556061189
7269,0.8312476950203967
7270,0.09102777549923877
7272,0.022619437666326698
7273,0.4653209618686966
7275,0.14387389213472104
7284,0.5469327247846025
7286,0.16099186791426273
7287,0.10728012315004563
7289,0.14506550070725627
7290,0.2709909616821232
7291,0.0988434515749179
7294,0.138280380753706
7296,0.3050106999280102
7297,0.11558085350798178
7302,0.19289183317471056
7303,0.11405206910750378
7304,0.22152033706324029
7306,0.15429070186108557
7307,0.12008657196899969
7308,0.4888971837369884
7309,0.15055299947983028
7310,0.2410029811937944
7311,0.8184797385894355
7313,0.03804690177475566
7314,0.1655465939966675
7317,0.09941078351275964
7319,0.022929671759378156
7320,0.4858622892038875
7321,0.0742007055029099
7322,0.014472028943286405
7323,0.7536211000091565
7326,0.09038642138167588
7327,0.1274989306525462
7328,0.12995810528888577
7330,0.2908595100498083
7331,0.04407354974992365
7333,0.03812089069288855
7334,0.27385443577844426
7338,0.05801202192564787
7340,0.7835922293023095
7342,0.3198627161014133
7344,0.05680148792453659
7346,0.048032293822750025
7350,0.7162531437859255
7353,0.12137358624962447
7354,0.15809157493679776
7358,0.10640684506657538
7361,0.44044290157709104
7362,0.24834343114015725
7364,0.09829484668027724
7365,0.10571885796385598
7367,0.2359760996826511
7368,0.11102713917555394
7369,0.7284939195807437
7370,0.23814987941491436
7371,0.15463130809586625
7372,0.31152410668443997
7374,0.448376591305119
7378,0.7840956805725139
7379,0.051216973025398495
7380,0.15029891338796805
7382,0.07102732866193556
7383,0.21717577243001182
7385,0.11916260799882099
7386,0.2003479247912731
7388,0.03678422151649608
7390,0.05435327767411893
7392,0.1495102371110497
7394,0.26165176532234175
7396,0.04845850447891675
7398,0.4885567141875265
7401,0.1029337773087039
7402,0.07015955200441772
7404,0.13863052568766626
7407,0.23766973237297892
7408,0.1711950208822103
7412,0.06795197283172431
7414,0.11494094434039931
7416,0.42195726444521203
7420,0.1973389504445451
7423,0.4582541421176882
7424,0.15783666638427066
7425,0.1050057902251725
7427,0.0631485404754143
7430,0.3622883119371541
7433,0.11623864660558678
7434,0.09366693571499073
7436,0.07982415054326504
7437,0.6649383493031455
7443,0.23153897555629452
7445,0.1257877876989428
7446,0.06115922602288296
7448,0.6323079889010943
7451,0.06981765158109758
7454,0.3226214742043924
7457,0.045156452122889566
7462,0.10031509967141503
7463,0.17204721851079874
7464,0.1676534188471462
7467,0.03560128599156343
7468,0.026795773619514057
7470,0.06578937725321897
7471,0.22994134592062906
7472,0.0729810571207797
7474,0.29972959021091977
7475,0.6083615336484239
7477,0.24978333766030728
7478,0.09658259462472733
7481,0.77920075898706
7482,0.2468028380536722
7484,0.10705335147544505
7488,0.10480507136335596
7492,0.23684045485749108
7493,0.11440407832534036
7494,0.035421957699789265
7496,0.1357885908780702
7497,0.07683647663922219
7498,0.09158462013835122
7500,0.7562339582874957
7501,0.15370801320262875
7504,0.7693427735368027
7506,0.2664849107099234
7507,0.381616998901534
7510,0.053106359075423895
7512,0.13120460970550285
7513,0.021697548839771968
7514,0.04198643590827145
7517,0.43469097122211786
7518,0.10449255291930015
7520,0.17442312531246482
7522,0.3711648619183924
7523,0.11607324739363577
7524,0.045533348655147
7526,0.1551042879961528
7528,0.5736880302346115
7529,0.329139790815538
7530,0.13347145540209004
7534,0.08531442605804163
7536,0.8482573834166719
7538,0.21732655134030235
7540,0.17550525152053956
7541,0.04206634262017979
7543,0.22892912390563755
7544,0.0440656505536323
7545,0.08728686544494957
7547,0.45757542684802593
7548,0.06881321061530776
7549,0.7163413867192616
7551,0.18730595100752995
7552,0.09150324438047762
7554,0.20187608716633287
7557,0.13122059218224993
7562,0.19396318076519387
7564,0.06203431525086599
7565,0.16782593980803132
7566,0.05416339064185392
7568,0.030942747014036088
7569,0.7592508856981129
7570,0.09274517553610981
7571,0.11086394899580664
7573,0.5135456059619121
7574,0.12231667960301607
7575,0.22173260782831336
7576,0.043535771531973966
7578,0.03229578280981292
7580,0.46171407995745384
7584,0.0721513714185558
7585,0.44004653961657964
7587,0.12310944495849672
7589,0.23408177464185204
7591,0.06961843061297153
7592,0.8206315906063272
7594,0.2241820618403258
7596,0.3149576853270157
7597,0.03525394751515535
7598,0.2617452567496802
7599,0.5782320442778058
7601,0.2856869630815312
7603,0.287747808003854
7606,0.10658884653380643
7609,0.397085729294256
7610,0.17249522377012186
7615,0.10073471543227336
7616,0.2118538541357301
7622,0.12849420183905763
7623,0.10922818058379327
7625,0.1690848561524139
7626,0.1248814111881729
7628,0.19398051609867037
7629,0.5074203933212164
7636,0.2281107775026056
7637,0.13786506266321263
7638,0.27446178644432856
7640,0.13363053214383552
7641,0.13337624339254284
7643,0.07583189930503693
7644,0.26112068920596904
7645,0.1118358663451939
7646,0.07152220274648158
7649,0.04935637154922611
7650,0.032388217870985836
7651,0.0772432826543742
7654,0.13634482505895598
7655,0.1357683571709498
7656,0.061590473572071834
7657,0.31880621302044454
7659,0.536891307560065
7661,0.5998840884568168
7662,0.10088897803961337
7663,0.8691771892325473
7664,0.03125478054219659
7668,0.20977843753415412
7669,0.0958747817869388
7673,0.2233771793502003
7676,0.06254001778285016
7678,0.13697728367455042
7679,0.0736191103481943
7680,0.7429452570191097
7681,0.08629378927559742
7683,0.06199053298535406
7684,0.5500232328676103
7685,0.2157089026184023
7686,0.22843381547027514
7689,0.21950400401883677
7690,0.10022318056797315
7692,0.13418331770352115
7693,0.6524444002338629
7694,0.21012113313580422
7695,0.18568387978158696
7697,0.1611483698996553
7698,0.037804908377576246
7700,0.13740699910437926
7703,0.11565405423887956
7704,0.08242869524752315
7705,0.3799953064975577
7706,0.6551342892554187
7707,0.1893449685084513
7711,0.08016818308767608
7713,0.18174365428755082
7714,0.030794028236261303
7715,0.2959157980827369
7716,0.1289378292039102
7717,0.18718949836998416
7718,0.1551819348136269
7719,0.15535108932282074
7720,0.037543371938839436
7723,0.1942043111820995
7725,0.3026659589176824
7726,0.3502714115190881
7727,0.3895208309943067
7728,0.2165822201973489
7729,0.021791105092486825
7731,0.02617030895354023
7732,0.03129448517499426
7733,0.5939118856694983
7734,0.09612597426593532
7735,0.8355779471449971
7737,0.3177393783567128
7741,0.0790076616920694
7742,0.143060586760921
7744,0.7518075238399214
7745,0.11301707316763211
7747,0.29023642606933875
7749,0.05212899848373039
7751,0.11145659872362797
7754,0.08961355586200405
7755,0.12134923342067465
7756,0.4568034833460422
7758,0.143072339688435
7760,0.4901945627501741
7761,0.5429128872031993
7763,0.10326545210544674
7764,0.11902603893381451
7766,0.06195085466947398
7768,0.340042019209428
7769,0.4975234132961961
7770,0.13591011165424496
7771,0.05987841973254602
7772,0.03741631590501264
7774,0.20258386450324598
7776,0.47824443442124753
7777,0.4667558517533164
7778,0.04752456928874562
7779,0.059869018063001864
7782,0.12500710349009203
7784,0.24819766339031774
7785,0.36616661729859235
7789,0.8446914457991489
7790,0.041313689164970545
7794,0.11349058428801027
7795,0.0630535774611094
7796,0.13892182455676022
7797,0.1766308228252532
7800,0.1550076132560773
7801,0.06865118459467233
7802,0.09477625598095761
7803,0.827648345326929
7805,0.11796862459069635
7806,0.17797881164578389
7807,0.04710961557097711
7810,0.06680884679733436
7811,0.8072622309771291
7813,0.09968849814417642
7814,0.0628342879731374
7816,0.10633813584240721
7820,0.18993530983325926
7823,0.05410684778670713
7824,0.11681710906474498
7828,0.0710311220018533
7829,0.10146162633769014
7831,0.27164322900584664
7832,0.13742741726960572
7834,0.1056111681397413
7835,0.06592351867039035
7836,0.4457374701030191
7837,0.09514002733435248
7843,0.3322741298402275
7844,0.07519236372119893
7845,0.09076861982137939
7847,0.46535674230520957
7849,0.2315951854592257
7853,0.5284535205505608
7854,0.04684934503611586
7858,0.45342090814361574
7859,0.199489517343762
7862,0.019932620292842797
7865,0.052696011260807134
7868,0.14597260067328502
7869,0.32102474922322677
7872,0.05422620503721302
7873,0.08254476038202914
7874,0.14532482104031558
7875,0.1155747416759361
7876,0.07678569077387312
7877,0.8022833639596922
7878,0.0287912090977464
7880,0.11552317268182026
7884,0.08108686755019502
7885,0.13690855005419683
7887,0.06921457157388429
7888,0.31992110033164195
7890,0.17306556327155173
7891,0.05418396106827702
7894,0.06801754950389262
7897,0.2511744068038672
7900,0.09525764994643793
7901,0.10590135037471124
7905,0.08664627608846404
7907,0.07284818707133198
7910,0.14968963203388147
7914,0.05281122297143487
7915,0.032339162709889444
7916,0.026309038308882253
7918,0.14767181601877216
7919,0.11596309297634311
7923,0.18697172017936675
7924,0.2534270494929479
7925,0.09314302032655143
7926,0.857503794564506
7927,0.14820126948150553
7929,0.1364177473356457
7933,0.43075864907255307
7935,0.28238107824625236
7936,0.21829788509229386
7937,0.0830092508991731
7938,0.12453318775763822
7940,0.2315331449649691
7942,0.1391426727085814
7943,0.050026932211640306
7945,0.7192750550814941
7946,0.4305313146289663
7947,0.5271370982559384
7948,0.3898937386538988
7951,0.20597843877446215
7952,0.16412588190660563
7953,0.0775440072751125
7954,0.18605173258315263
7955,0.08153938435484603
7956,0.6805059263035342
7958,0.2602089979689673
7960,0.5951016814435448
7961,0.06568112484519584
7962,0.727109359174307
7963,0.09756713503410994
7964,0.17602096548288843
7965,0.08308209184297188
7966,0.04610341663365145
7968,0.1978395559929166
7969,0.6286151986853358
7970,0.1282008672124829
7971,0.08403228146415322
7973,0.04064526920681721
7975,0.14467382616741453
7981,0.07719560803195412
7982,0.13465058453939585
7983,0.31231816970100135
7984,0.08421101557729803
7988,0.8338797051179666
7989,0.18951715409324205
7995,0.2529827062746686
7996,0.07925578791077122
7999,0.056987618702459074
8001,0.2434406557927901
8002,0.08784943012674508
8003,0.01356742971174592
8004,0.22130660681647313
8005,0.044896732201478974
8007,0.09033517337323083
8010,0.2714139411300082
8012,0.028394133365948645
8015,0.2748728447930796
8017,0.7704412428671047
8018,0.26641923444901167
8020,0.1663245435566957
8022,0.714345041768188
8025,0.28282833764133875
8026,0.2776537872877792
8027,0.30842133384464504
8030,0.048260261099535955
8031,0.08872088257680467
8032,0.2295423892137093
8033,0.465860047131959
8034,0.08582848272948224
8038,0.09128193867278682
8041,0.12614214835552023
8043,0.7539928880588554
8045,0.0624927195988908
8046,0.236258667308565
8049,0.8789085547190864
8052,0.48255681441860643
8053,0.09040889283774357
8055,0.0911030439569385
8056,0.09503859446806139
8057,0.2066459032983556
8059,0.07434037490985368
8060,0.0515244414536226
8061,0.11484358937500964
8062,0.1738177479323398
8063,0.2856752568883517
8064,0.4197537363834293
8066,0.07328737773271218
8068,0.20902693515226814
8069,0.06252549231799384
8070,0.0744084744335351
8072,0.1618268541351413
8074,0.22090655780073307
8076,0.4779134983919446
8078,0.022836778641740503
8081,0.0680089478435317
8082,0.1466410532255085
8083,0.6177374913788908
8085,0.4861777611939277
8088,0.0686650578959373
8089,0.134820278208854
8090,0.8460726639942983
8091,0.7258715944045047
8092,0.3947483681098036
8093,0.04119009170859721
8095,0.1486692098809326
8096,0.1256764988700505
8098,0.04955877139813221
8099,0.25338648216190685
8100,0.10294617617761333
8101,0.04866321445202554
8105,0.8608956747309033
8106,0.26997633735496707
8108,0.11186747672091381
8116,0.14235231523713782
8119,0.1944658021564714
8121,0.12359938047835585
8124,0.0547413670107403
8125,0.837650614439831
8127,0.06473382822090155
8131,0.21118803000110678
8132,0.025241891719384422
8133,0.15817666607920167
8134,0.14126656091146708
8136,0.2276451986107198
8139,0.5691447764006624
8140,0.459178043100789
8142,0.20809521567628472
8143,0.3977081032842189
8144,0.3712899975952929
8146,0.12308035246962058
8149,0.5821449791467775
8153,0.049628197446446844
8156,0.031216626535356208
8157,0.4749312839071275
8161,0.2183631376660001
8162,0.529087334348109
8166,0.22524093563744843
8169,0.11535995594475322
8172,0.157890006159069
8174,0.13671272722918038
8176,0.0664133624826788
8177,0.05604874263997809
8178,0.8377777764941967
8179,0.6313572479677725
8180,0.05907140130009533
8184,0.2593506855428976
8186,0.2538909230362866
8188,0.12721126800653754
8189,0.2032239800403003
8194,0.11360649780317204
8196,0.3931263596566305
8199,0.43073434139758837
8200,0.0680169538775256
8202,0.03593129687374224
8206,0.03897035771668568
8207,0.1118808446774903
8208,0.09679740950128035
8210,0.21453907993819712
8211,0.04111528289049103
8212,0.02654659222310049
8214,0.17054733479312809
8215,0.26355131687525946
8217,0.4931215315321103
8218,0.23762034978028582
8219,0.1171975034554459
8220,0.2104673572929868
8222,0.7573107276117299
8223,0.1449795926016947
8226,0.6187132640956923
8228,0.21644171426276484
8229,0.1567641134604352
8234,0.08315065550664556
8235,0.16692258596361775
8237,0.060734169724478475
8243,0.44349650875800367
8247,0.1428639135286752
8249,0.3719684122117018
8252,0.26150556673329034
8253,0.0258505885759421
8255,0.3736327862447056
8256,0.12193890942491667
8257,0.30012573028590805
8259,0.02981755825864718
8260,0.19441265515083517
8263,0.17234143376996078
8265,0.11519765999131379
8266,0.2468269630988064
8267,0.014197855653953293
8268,0.2942397557286648
8269,0.14496212622116633
8271,0.05092847955828727
8272,0.06392050345963615
8273,0.07841504802724296
8274,0.1009837814406425
8275,0.41572839288980623
8276,0.47769213214809125
8277,0.2825751831721252
8281,0.28278628660223604
8282,0.2218927129768608
8284,0.1251518233509558
8285,0.3275068022065978
8286,0.38114605789658745
8288,0.0989300273721292
8289,0.0767744667256851
8290,0.09363500220056678
8291,0.13278501401185014
8292,0.07862128031813484
8293,0.16702945016198362
8295,0.20690382460523976
8296,0.7684456686848712
8299,0.32342301724349326
8301,0.07385128948639548
8305,0.10066708305178865
8306,0.46944783015450087
8307,0.08276280440465214
8308,0.12868472953442386
8309,0.2737014654824307
8314,0.037922035057232704
8317,0.07041941309907322
8319,0.1070982200838261
8320,0.07897569911115919
8322,0.10655777403240134
8323,0.1368953336098584
8324,0.6738196742212983
8325,0.0292475234556679
8326,0.0448661965049836
8328,0.05813746915110276
8329,0.08844747545092355
8331,0.06229611759285022
8333,0.09192012020450206
8339,0.03214270144650603
8340,0.22450848305269405
8341,0.7097989235126998
8343,0.12179541448232506
8344,0.2698076910958133
8345,0.04250451040431462
8347,0.07480956211626072
8348,0.06507074439167666
8349,0.16357996171536426
8350,0.2609878056920622
8351,0.36043191010742154
8352,0.0908116312848562
8353,0.08358026395798888
8356,0.04434762572599171
8357,0.23002656914064315
8358,0.09724436407517924
8359,0.04857699113941444
8363,0.18364130567790038
8364,0.09506262016334285
8365,0.17890199955761746
8367,0.10380738679283086
8370,0.058259295911039996
8371,0.7551968316786138
8373,0.03813823917027899
8375,0.12946114629851554
8376,0.23182974506059792
8379,0.13070426994944773
8380,0.10277519249431029
8382,0.28709421283952274
8384,0.14120153654506984
8386,0.21963643832566077
8387,0.05018766226212506
8388,0.12802118269438165
8389,0.2808085615404807
8390,0.521167955137555
8392,0.040026579998536614
8393,0.2147627497947221
8395,0.1111148310731806
8396,0.0213862834635634
8399,0.4070893922673759
8402,0.34417958769887774
8403,0.25898254406596266
8406,0.40031016270259545
8407,0.07311211537420077
8408,0.8145256510234824
8409,0.10050093036085464
8410,0.16107969589789106
8411,0.060240890300108305
8414,0.20387254907672792
8417,0.20966305779958916
8418,0.0793888522301313
8420,0.13368156627100763
8421,0.06478117899431973
8422,0.1452081935244187
8423,0.04327642673792172
8425,0.07074460030321014
8426,0.5806608771055062
8429,0.513589570399666
8430,0.05055290808399328
8431,0.8382695604018809
8437,0.04034694458254507
8438,0.4351930300206735
8440,0.29129202648847874
8441,0.13305122177616532
8442,0.21040515517631678
8445,0.09005620810086687
8447,0.28873788840805115
8449,0.05244892757555303
8451,0.026114852222316028
8453,0.554695394325592
8454,0.07955656309541514
8456,0.7113439807740654
8457,0.027820976126739533
8458,0.22558905966481613
8459,0.22873513292002234
8460,0.17020807952599568
8462,0.14914652988128385
8471,0.770209707574076
8472,0.6823141055734847
8473,0.09307964837261352
8480,0.17216237079936758
8481,0.1805556061446856
8482,0.12661520263517448
8483,0.10191949781209869
8489,0.03663152027976837
8493,0.629148433363343
8495,0.7581615142734309
8496,0.15557422692865192
8497,0.2968893301356553
8498,0.13154457368982414
8499,0.11270460072093048
8500,0.29073544842862087
8504,0.07106687564235803
8506,0.38717824913378845
8507,0.21202058452952272
8511,0.04605312085882264
8515,0.6268814792161318
8516,0.01969587446165438
8517,0.1244284290046463
8523,0.28606351102710004
8524,0.7317216746900345
8525,0.049121512094653624
8526,0.1937913254986189
8529,0.03992426815943571
8530,0.07703043733716657
8533,0.19918695627151428
8535,0.49972987705471555
8537,0.01947622583156517
8538,0.7309750704865663
8541,0.07809517908949669
8543,0.5438115711950833
8545,0.2104486638836951
8546,0.6139089969641298
8547,0.4160321636574085
8548,0.07961941870371017
8551,0.0864203427387087
8553,0.16444418905294442
8558,0.01985711917740427
8559,0.02909019956700726
8561,0.3898819835084566
8565,0.06702376026086651
8567,0.1800579642902242
8568,0.11440506414054254
8570,0.11175254409188126
8571,0.1226602238375124
8573,0.16350021771253354
8575,0.3157723479941791
8576,0.3598769087099254
8578,0.7455093424391981
8584,0.1918071345767018
8585,0.19888351395150283
8586,0.15204845956079363
8587,0.0373062097398853
8589,0.40690637161857857
8592,0.7280934224056044
8593,0.691267513068955
8594,0.11056653048165131
8595,0.33778827376093784
8597,0.08594457207050371
8598,0.124527101625649
8599,0.34084491871399625
8600,0.5756789923057755
8601,0.3012004850998
8602,0.1705624830706113
8605,0.0735774738708312
8607,0.14929620123962906
8608,0.732632695110284
8609,0.6199040832729755
8612,0.40760180164586324
8614,0.13829747973267725
8615,0.1044673561974033
8617,0.1354350453721277
8619,0.056814352484222286
8621,0.14917643667871386
8622,0.202654722919025
8624,0.32624213863487916
8626,0.03890119677924062
8629,0.038125118208928464
8630,0.04349674198885139
8631,0.5066336860949442
8632,0.08616148651680201
8633,0.6330242465941545
8634,0.0743972166889039
8636,0.6993084079928582
8638,0.10490434337155202
8639,0.06163073134535997
8640,0.23176653984869208
8643,0.06953524973315338
8644,0.1472858591935486
8647,0.05038131684481333
8648,0.059245291332500956
8649,0.07369208878070185
8652,0.1794475683261219
8653,0.13408718868617064
8655,0.7936521002357706
8658,0.0689650255946813
8660,0.33925456873213716
8661,0.055080738216160656
8662,0.20845665435898741
8663,0.04389965521767532
8664,0.21287358274462245
8665,0.029074196883580063
8666,0.11600674118035435
8667,0.12869222098473473
8668,0.25307595247977355
8669,0.0784376050146208
8671,0.029243182964928546
8673,0.12749351962432695
8674,0.11278231175453705
8675,0.29511567330219796
8676,0.017479553539079512
8679,0.032894043157675495
8680,0.19492257015323974
8681,0.07985834867239874
8683,0.7222598861762529
8686,0.06776529459258694
8687,0.3256899084327121
8688,0.14172578035981429
8691,0.07758484579949664
8694,0.36801218091253524
8695,0.12635217566168952
8697,0.6827592705133256
8700,0.5428660553624156
8701,0.031172799845594613
8703,0.05096136331830336
8704,0.015604062475577182
8705,0.20022583471699046
8708,0.552019197590047
8711,0.16547225843902336
8712,0.17735802363965855
8715,0.1493488874162106
8716,0.041760416583632026
8717,0.6046904969817855
8720,0.09505204037328509
8721,0.24593704209800488
8722,0.02729154882069741
8725,0.10865697054969323
8727,0.14478702691084927
8729,0.15290029612208594
8730,0.19147506379562357
8734,0.04358879930521634
8735,0.1629937234217199
8736,0.29421786426586216
8737,0.04429296843389631
8743,0.041784118595903065
8746,0.11990930985272069
8748,0.19811437030123927
8750,0.23454516808071046
8753,0.1385132265046194
8755,0.10946045852531265
8756,0.4873375134678965
8760,0.09325529022097553
8761,0.05390049101431285
8762,0.210569488386628
8763,0.03006500251630445
8766,0.22099548367538385
8768,0.31019905060013636
8769,0.6731024234973968
8771,0.19328276704252131
8774,0.11957981341950939
8776,0.009024213963815765
8778,0.058661418930540804
8781,0.7215514267228166
8787,0.06402822849578771
8788,0.041762263016534205
8790,0.034520759015867555
8791,0.13708357007338293
8793,0.26082310896787353
8795,0.33563322285033753
8796,0.12809750755431404
8799,0.06327723403477421
8800,0.10937445610120315
8801,0.20048065495985382
8804,0.5661516654872476
8806,0.30967636060483045
8808,0.20532566517674466
8811,0.18721712736918222
8816,0.18868932005847988
8818,0.23602059621002755
8819,0.037719379419865806
8820,0.09100602164938587
8822,0.7313976790800424
8823,0.06077522653471165
8825,0.2968624400239792
8826,0.23643010351103133
8828,0.11123302742398786
8829,0.23749857373519598
8832,0.44584110074146205
8834,0.39855432621608294
8837,0.031134650903004168
8838,0.05880212777584082
8840,0.11012667962557175
8841,0.12466599198394264
8845,0.3710173148164784
8850,0.02931237550202759
8853,0.37987372065350056
8854,0.09143004715353084
8855,0.11632386635446736
8856,0.08948887171930064
8858,0.5526664871900616
8861,0.12299938626693804
8863,0.12150358620085376
8865,0.43050374620952414
8868,0.7841771141335226
8869,0.3651916430287806
8870,0.1831312230925693
8875,0.06520511405571244
8876,0.07268426609269993
8878,0.5526768885381604
8879,0.039914987832247645
8882,0.15981312944871992
8884,0.5770405569568687
8886,0.12128371966353474
8888,0.16412829158909423
8889,0.1622383972362549
8891,0.06717487136560424
8892,0.2208313481151094
8894,0.07812210918650751
8898,0.3648043615550144
8900,0.04073957424592152
8901,0.1707331841616735
8902,0.18453607312122208
8903,0.06838188640429871
8904,0.029119303925682367
8905,0.08547618466522013
8906,0.8114551440971145
8908,0.1528579154254622
8909,0.26946221235526674
8910,0.08584601680658331
8911,0.6407847850020365
8913,0.07348092078388496
8914,0.2378489131825011
8917,0.12754991163749416
8921,0.07083961247001382
8923,0.04475202155192408
8924,0.053192742672542856
8925,0.06202132887899135
8928,0.06573020455087078
8929,0.056491629657197506
8930,0.6860753510491235
8933,0.3008613884383008
8934,0.06716650942202786
8935,0.2442787035243497
8937,0.572493720123792
8939,0.17795370366887267
8942,0.041923678843004
8944,0.09631061475149938
8946,0.1897762488923841
8948,0.3348575091564758
8949,0.08072609966101396
8951,0.007467852008978725
8952,0.3753343114836232
8956,0.04839796915569471
8958,0.11221471699708487
8959,0.029875903252313152
8960,0.4320836332591415
8961,0.10721047820973499
8962,0.03059752473817036
8963,0.011598850394505063
8964,0.012978431717915897
8965,0.09845656952306497
8966,0.31494581359397195
8968,0.09770731835863421
8969,0.08594962613350493
8970,0.038790493657216575
8971,0.03471610295037269
8977,0.3098878039790416
8979,0.09563700859703599
8981,0.06648017156763611
8983,0.07876937858677878
8987,0.22933372838963278
8988,0.25895292429140654
8990,0.13364413921246288
8991,0.0719509758070019
8997,0.1153177795641879
8999,0.6356094952481981
9003,0.323895654677201
9006,0.15985891325130833
9007,0.6343973454155538
9010,0.42941275424961295
9011,0.09376682911930362
9013,0.5453778221709883
9017,0.7448345259689975
9020,0.7707726793320413
9021,0.08923572999640159
9022,0.03860643373815893
9023,0.2401004297206186
9024,0.43112703179514916
9025,0.12329622592603577
9028,0.06603598122070016
9033,0.07927115712748414
9035,0.44981989320323246
9036,0.18878566307240663
9037,0.14509925065538673
9038,0.4942884176571595
9039,0.07426623932649223
9041,0.42219654839776655
9044,0.22546456592508124
9047,0.05518571994801149
9049,0.19667332391331038
9050,0.04135043066559421
9051,0.3162490492536288
9054,0.34431535666561863
9056,0.02770829828062634
9057,0.21436820207705337
9059,0.09617041170285402
9060,0.11124918411013573
9061,0.1432944798433615
9065,0.07663806274866915
9067,0.5250171468351037
9068,0.14042704507622528
9069,0.04073996330396149
9070,0.10978454442822234
9073,0.11173083837003651
9074,0.35727562581347316
9076,0.1753546385900131
9078,0.05887810446977714
9082,0.19081123384898954
9084,0.11671011470984792
9085,0.7044899223934991
9086,0.1972922583752499
9092,0.15743872871620931
9094,0.675129764656428
9095,0.2007676697239066
9096,0.3997037902596688
9098,0.27052882382252796
9100,0.17703120723535146
9102,0.09357479812269129
9104,0.0497170843565189
9105,0.06422177668341196
9106,0.09461642372959654
9107,0.3844466478709253
9108,0.6903468462282417
9109,0.0723123037097484
9111,0.7665844036270609
9112,0.07801415860605196
9114,0.027996039651805464
9116,0.11895059132084347
9118,0.024298204171555433
9120,0.21966705173029585
9122,0.10717160663314577
9124,0.7497303380095437
9125,0.06958293082702803
9126,0.07142791911480877
9127,0.05530454204867471
9128,0.17481680976526753
9129,0.1616114940653368
9131,0.7441342631104622
9133,0.08007540660693956
9134,0.29482835866647134
9139,0.017070844451311934
9140,0.1957957887588512
9143,0.5515986833344865
9148,0.45022969687687575
9150,0.1411700446944915
9151,0.06833797250694293
9152,0.3790513623179933
9154,0.22148212401705733
9155,0.03437363540170995
9157,0.052917501048511686
9158,0.06140610908458168
9159,0.3140298042151103
9160,0.08526854964367567
9161,0.05294927807524381
9164,0.19975386063415004
9165,0.793585315377287
9166,0.17251387011928704
9167,0.7490470855156947
9169,0.1102543784587752
9170,0.05515786639209509
9172,0.31681194413382574
9174,0.1961655432621327
9175,0.47101726412504474
9177,0.1993382377376912
9178,0.06162111712373039
9181,0.16364641204489894
9182,0.18277803112082625
9183,0.08289824363496905
9184,0.07789074519397264
9187,0.3825259420551668
9188,0.8239901670321732
9190,0.46914457978227564
9191,0.7192604490304785
9195,0.8488652544088249
9197,0.11983419478593853
9198,0.7238639438449727
9199,0.07726902864708805
9200,0.03035875745539689
9201,0.28203652129595574
9203,0.05356084794969761
9206,0.16614195025283218
9207,0.03260507200951781
9208,0.15030220863130506
9209,0.1695745421140521
9210,0.11954865549611864
9211,0.21623820955505652
9212,0.05770923324648406
9213,0.5965471174032612
9214,0.06081743848567048
9215,0.6026408941560915
9217,0.11361143602884512
9222,0.3727115561514593
9226,0.10662742517329743
9227,0.21073614609944094
9229,0.2682907453258037
9233,0.12752368192533636
9236,0.24647006713366734
9237,0.26282116254881693
9239,0.02722479364997998
9240,0.14548137237569012
9242,0.11883134592892519
9243,0.0357802491139142
9248,0.03579413401884791
9251,0.0730030927539225
9254,0.08188961132611479
9258,0.13614705506823402
9261,0.14566174418272987
9262,0.03146379391497425
9263,0.15862971655912694
9264,0.16104962883010962
9267,0.0660715439621452
9269,0.07292615345821415
9270,0.06639634733617958
9271,0.14576019453127237
9272,0.8117937488728247
9273,0.8206760185177104
9276,0.07004283056796455
9277,0.05547105158101606
9278,0.18369140343783127
9279,0.17176677617311734
9284,0.6351921704139999
9285,0.16708355186043786
9286,0.08127346534785315
9289,0.14185410640813612
9290,0.2100043044164999
9291,0.049034886803775025
9292,0.08663303102711305
9295,0.34724286124149933
9296,0.5726530101483355
9298,0.11201513141473726
9299,0.13211426381664185
9301,0.04970171608413689
9302,0.40058715740078277
9303,0.1767670786872797
9306,0.5419874340552173
9310,0.03178837652138847
9311,0.05141574467138955
9312,0.00945235742342591
9313,0.04285130449778699
9314,0.4136787271770438
9315,0.1242399707643081
9316,0.15353587299809102
9317,0.20277025346633876
9318,0.14361735103888032
9319,0.6520218353424482
9320,0.023135674604708948
9323,0.22349328736203436
9326,0.1438101116402905
9328,0.06782288435444792
9329,0.741347225211225
9332,0.03087597235481099
9334,0.022053519907556992
9335,0.1325908493366934
9338,0.11997819505404576
9341,0.6663256885675763
9343,0.12688070494744566
9345,0.36460600709464097
9346,0.022520644345919553
9347,0.18086058839226585
9348,0.10339698427023658
9349,0.16632124861084657
9350,0.09792423819592444
9351,0.05932208533349262
9353,0.12634196940441433
9355,0.2741962999862129
9356,0.02404702925488705
9358,0.11843627394640201
9359,0.08084263948226302
9360,0.012080691570078435
9361,0.11072298760871511
9362,0.20146479615650084
9363,0.045370368609402294
9366,0.14257977322001458
9367,0.05115759929938094
9368,0.07488004496614954
9369,0.05828112081395483
9370,0.032722984231251175
9372,0.038057511796836814
9374,0.39350783826190244
9377,0.1435452636387586
9381,0.09376784339190426
9382,0.4161190649911752
9386,0.5059200287617882
9388,0.07894691437566446
9389,0.05178487447994134
9392,0.40383980899122857
9398,0.12999071998138
9399,0.035959641111370094
9401,0.1422859698658159
9403,0.12403144009824021
9405,0.12729636262369654
9406,0.22883470154780172
9407,0.3044655645057944
9408,0.2968624400239792
9409,0.4496412337218242
9410,0.14808675595660475
9411,0.06412819880475634
9414,0.7788962659158056
9415,0.04206238545342612
9416,0.4421358536563104
9418,0.13234010371197064
9419,0.23630541669930857
9427,0.12671785917714198
9428,0.16140350106494925
9431,0.2659018699527503
9434,0.14057980569591405
9435,0.20787429546200045
9436,0.6526937918237465
9437,0.05894203435347014
9438,0.6264365853328683
9442,0.0834121701805145
9443,0.062365098166248835
9445,0.24499867261140623
9446,0.4205138785671865
9447,0.2931686434850046
9448,0.22328891584857863
9450,0.16098039877893475
9453,0.21693532770339993
9457,0.024009168886362075
9458,0.6014042999944285
9459,0.06403888095949695
9463,0.6706249048260534
9464,0.3574574425688185
9465,0.06634418770684698
9466,0.13214389979814284
9469,0.284152595826338
9470,0.0724295565636031
9472,0.03542486449868041
9473,0.7388010470395208
9475,0.03459521398395935
9476,0.31680232085370874
9480,0.3447957889509557
9481,0.1112575833902524
9482,0.2210828203410628
9487,0.01924546772325015
9492,0.20300557359028545
9495,0.7450060999697643
9496,0.142258301797222
9498,0.0280032666370884
9499,0.1328854756754414
9500,0.25676063483004236
9501,0.06352391810310402
9502,0.08734989498450002
9505,0.14536158200168384
9506,0.13109327789219885
9507,0.14410581616036502
9508,0.3927185878147854
9509,0.28146968680999884
9510,0.09743854348086137
9513,0.039529941638366074
9515,0.11105629085800857
9516,0.050462059161203034
9517,0.06354003472329207
9518,0.5048943764626297
9524,0.33566849855473396
9528,0.12119476886377771
9529,0.22753564244610347
9532,0.26714680947620867
9534,0.33974965694507303
9536,0.10299952860808921
9539,0.0681140090894682
9541,0.11323355538755489
9542,0.26346727901530154
9543,0.17340936714370697
9544,0.09328006204124946
9546,0.04454213491057276
9548,0.007902878117204627
9549,0.14799084513625516
9552,0.2110862287972795
9553,0.17968704184014175
9554,0.2586854657817068
9555,0.3440524866863636
9556,0.04360812479435057
9564,0.12745161051806242
9567,0.49389724377214034
9568,0.1030572868879183
9569,0.1213419065775491
9570,0.5911054432412375
9575,0.13465799818437973
9579,0.18904309521796456
9580,0.18168216459893732
9584,0.8174298956071744
9589,0.05478765305926833
9592,0.19941929919224324
9593,0.03299515822972025
9595,0.08078554520963714
9597,0.5432884350723713
9601,0.30354963546405206
9602,0.08188579183564793
9603,0.06491959205828694
9604,0.29161943008447
9605,0.12698167443186056
9606,0.024522508520095923
9607,0.047081182797960856
9615,0.2562505156630084
9616,0.21850215562817818
9617,0.4599803747805599
9622,0.09619722599106191
9623,0.18679206113418592
9624,0.08344918459503886
9625,0.4625514214265319
9626,0.5410396779567915
9628,0.03258158629971601
9629,0.1163220696977685
9630,0.1656523081552673
9631,0.6999251937526149
9632,0.0193209926041551
9633,0.5366224503142727
9635,0.203935245375946
9636,0.0488412573398179
9637,0.20371073505987938
9638,0.2103010289378053
9639,0.10502619378328774
9640,0.01869810243064373
9641,0.48027750140157044
9642,0.054766528453058634
9643,0.12024317470049298
9645,0.17696360628164587
9646,0.06500607623359006
9647,0.44656823190370576
9650,0.13138571510081853
9651,0.7220165725123943
9654,0.21719812845222122
9655,0.07105334393221925
9656,0.060179282563818
9658,0.08500448085306431
9659,0.2406691692036333
9660,0.33365957236102706
9663,0.1516166333608105
9664,0.09608608949185281
9665,0.4006682767273301
9666,0.10334970681161058
9667,0.07952645509515113
9668,0.4094046252451589
9671,0.18702097203084128
9672,0.8586533982082283
9674,0.1740460823333688
9675,0.40317929118106277
9679,0.057942396890712636
9680,0.11240824768891719
9685,0.6420385274176014
9690,0.405280031442976
9692,0.5126460195905816
9693,0.10438558008758814
9695,0.7072557806607163
9696,0.08566712644602041
9697,0.49059618838310926
9698,0.08277777025141561
9699,0.292080428365266
9700,0.3193152122540822
9704,0.24248406281601576
9706,0.17183412649645832
9707,0.8067025610625596
9709,0.21273871975159384
9710,0.14238896268382925
9711,0.2606518564448103
9712,0.21706254233582675
9713,0.07582236284326552
9715,0.7563205155642162
9716,0.27293185481790827
9717,0.14009697023360554
9718,0.09495677469904984
9719,0.28829501681239056
9720,0.05716500402902874
9724,0.046586929406567924
9725,0.2115975761398583
9728,0.10324567125547314
9729,0.056269424989140684
9730,0.025929479520254685
9733,0.49188366981463
9734,0.13169262359720163
9736,0.17312858708977527
9737,0.10186158634596788
9739,0.08382200331930789
9740,0.31550942775132274
9743,0.12097677357283412
9744,0.19016211926967064
9746,0.12830639288000065
9747,0.05735105504239646
9748,0.17769911632000293
9749,0.0967349098045596
9750,0.24452292643801163
9752,0.018564696701043833
9753,0.10726589975528575
9754,0.10811069933210951
9758,0.045870805974669006
9759,0.07667929997857202
9760,0.16240024776220022
9761,0.09903422091781716
9762,0.4976906875704213
9763,0.09849225448558847
9764,0.044794978420289684
9765,0.6241849305068234
9768,0.07158389067349265
9769,0.3923510218160468
9771,0.23697595839555288
9773,0.5151328663786849
9774,0.14783714795793504
9775,0.02570423878494178
9776,0.05273170046798943
9777,0.06374108746338829
9778,0.1529785238047958
9781,0.23493439679511297
9783,0.17974562446061132
9784,0.18136431202892175
9786,0.37301260714038215
9788,0.8516461856427829
9791,0.184049859954349
9792,0.43876590844069474
9796,0.06733183163362454
9799,0.34864898896983726
9800,0.12375211227381122
9801,0.06858763566894047
9802,0.04737937229076185
9803,0.4596688437597785
9805,0.057023126347231105
9807,0.04625309735573358
9809,0.24868022689367328
9810,0.1280269033834303
9811,0.22264554247552173
9812,0.738315022605703
9813,0.3127587425747414
9814,0.05100767028660874
9816,0.4724579342281908
9817,0.4318238413741815
9818,0.29174727689063473
9820,0.25078908195994665
9822,0.5825735373000474
9824,0.3129361744732887
9825,0.18594021737121957
9826,0.12600395863291738
9828,0.11108273435996735
9830,0.08805709796921239
9838,0.08235837050088131
9839,0.8081946035373248
9840,0.13376591568980567
9842,0.15508435575574847
9845,0.02128594203827366
9846,0.09992138718522596
9851,0.07460220635900291
9852,0.04999565807196415
9853,0.15606650559594024
9856,0.29076991591765833
9857,0.3969924170555473
9858,0.8024555929904611
9860,0.1827728770158835
9861,0.019327099166382325
9862,0.15062552288722586
9863,0.07688789926878196
9868,0.12482060943392444
9869,0.597614565173767
9871,0.7897229968129952
9872,0.03143649620872856
9876,0.10311810507168305
9877,0.37632971344678584
9878,0.0347769840858804
9879,0.19277482828274012
9881,0.7051970929056868
9883,0.22590540255122493
9885,0.3117371723775658
9886,0.06257836117857694
9887,0.11725586659583262
9890,0.4197510156830556
9891,0.22736941596729104
9893,0.2535332254782649
9894,0.07191047528886767
9896,0.11937288414632861
9900,0.08175449019332633
9901,0.5346829635954418
9902,0.5456202660309767
9905,0.16654633018944862
9907,0.03768467499768538
9908,0.12782613854029937
9909,0.13755901373905566
9910,0.7341587890166023
9911,0.14637597503085822
9912,0.09181740965882712
9914,0.7428624313249614
9915,0.6798588624618779
9918,0.3525614310831953
9919,0.7443276180096468
9920,0.11788618308329168
9921,0.28804529415478897
9924,0.18199993552100235
9926,0.0618115170971512
9927,0.11824973013273696
9929,0.03127602401897712
9930,0.31779856054548433
9931,0.12498125975304347
9932,0.014013045884572677
9933,0.5654326425617882
9935,0.1538155466868489
9940,0.17800812378749412
9941,0.37826645491901123
9942,0.09190084451602588
9944,0.13117655712805293
9945,0.3588962213132112
9946,0.07846860844880899
9947,0.7462858131228522
9953,0.8539124787031891
9958,0.6531159163656907
9959,0.16678445391288968
9962,0.19276510981340272
9963,0.8078847795612727
9965,0.09443913979900513
9966,0.06976051589740109
9969,0.1862628116858229
9971,0.17156135101194211
9972,0.06411107308637312
9973,0.10735872066642616
9974,0.11443237127581428
9975,0.012569534717901773
9978,0.053016903302535764
9979,0.21845064141916132
9982,0.16349554161969582
9983,0.25605062936641665
9984,0.09569803287591942
9985,0.2680793027444102
9987,0.08577608287120742
9988,0.2355179850018984
9992,0.43979535289263955
9993,0.7174438549532103
9995,0.10142199222083809
9997,0.20768859717100643
9998,0.08720274510929728
10001,0.15017542593954894
10003,0.5079237644249718
10005,0.14716283132039076
10007,0.15487903655234517
10010,0.06771476561396021
10011,0.18337678511593983
10013,0.07121244937354072
10014,0.36872033404884147
10016,0.026199054466956643
10017,0.16540734193262405
10020,0.24218653677608387
10023,0.21871362783567444
10031,0.0375771938852642
10032,0.19201324040594808
10033,0.15979519848224655
10041,0.05494648057480586
10042,0.017040012516411705
10043,0.777159917876024
10045,0.38868034750514013
10046,0.195117839185461
10047,0.07932634882263638
10050,0.21717003751126468
10051,0.0347606413400851
10052,0.08043830394547026
10054,0.12653759051813696
10055,0.2653646063344465
10056,0.03649273118828454
10057,0.09386547830415988
10059,0.3141826211673651
10064,0.13661117988330815
10066,0.13109940942527756
10067,0.5552986028064021
10068,0.18207531451805598
10070,0.583254469218337
10076,0.24414003914375487
10077,0.17118115575510012
10078,0.10797804792278996
10079,0.119870931566684
10081,0.11253533193458337
10082,0.06495227015759784
10083,0.17946762536684296
10084,0.725611320556115
10086,0.04501851234027596
10087,0.32800032604924445
10088,0.0537086849169371
10090,0.06438125188844883
10091,0.034406452637386384
10092,0.6610157010587202
10096,0.4147289263029733
10099,0.7480796843781771
10100,0.15884868597867827
10104,0.2811534566383155
10105,0.26253389896399515
10107,0.44505909029018936
10108,0.21582716243429587
10109,0.05874080852665844
10110,0.04053724574499933
10111,0.4464688680689542
10112,0.405393246788408
10113,0.1215730785822391
10118,0.21594590692492766
10120,0.15500199032672235
10121,0.6149015831844399
10124,0.23320426713071654
10127,0.028679665399546368
10129,0.5773037960020285
10131,0.034444387553035034
10134,0.2679120310242163
10136,0.35957807007603104
10137,0.08838097271170794
10139,0.3204304030023975
10140,0.04839305540378443
10141,0.2835526576700407
10142,0.06885921842176755
10143,0.8029189716445746
10146,0.09675260405144474
10147,0.07240137369739309
10148,0.3654802949330618
10149,0.21051182160314413
10150,0.08709745281279714
10151,0.1264616068150685
10152,0.6718921734726584
10153,0.1362657522095736
10154,0.19392147858004039
10156,0.23872067906349637
10157,0.09561643637430718
10159,0.02352107691212854
10161,0.10421745971858498
10163,0.5141497876063623
10165,0.1900772212968002
10167,0.24950771139168706
10168,0.22868739890059164
10174,0.18539008480205324
10178,0.11522388458787251
10181,0.6963933599463027
10182,0.05414660521440954
10186,0.048806737560832196
10190,0.0420178857049917
10193,0.2448974325197067
10194,0.09817834802057303
10196,0.18689142289162824
10197,0.7156255153918052
10199,0.06633165652832995
10200,0.3071122959320669
10201,0.11890455984783886
10202,0.5740781861745285
10205,0.1772518934192836
10206,0.028859301396961263
10208,0.08102781024322078
10210,0.5438086856353908
10214,0.2095910318092413
10220,0.1654888838118537
10221,0.025547700689580125
10222,0.22033142768146888
10223,0.15108258782551148
10225,0.11083080144480974
10226,0.2203719158008893
10228,0.5573987444995899
10231,0.6225868774480766
10232,0.11623538914469328
10234,0.05578558770101093
10237,0.02865519608627168
10243,0.20207654678796952
10244,0.24481002869425453
10245,0.25118582329236255
10246,0.1307498058689576
10248,0.20961734044365216
10249,0.12878952025764154
10250,0.14773426421654276
10252,0.1681699141371134
10259,0.07083938719312811
10260,0.16125196395996244
10261,0.08416532857478722
10262,0.10463734836327399
10264,0.20297067078081588
10265,0.319679374846238
10266,0.20076511963184013
10270,0.2899671427645807
10272,0.1558467563310245
10275,0.18509577441134467
10276,0.04295163946460253
10278,0.055132892360567023
10279,0.21331966477083691
10281,0.022273067196489627
10283,0.16437732365231594
10285,0.10918562136505378
10288,0.18989649622496796
10289,0.06039089739605615
10293,0.25416954489509996
10295,0.27330941599256037
10299,0.12745761843385076
10300,0.2574783603968856
10301,0.04974897321555028
10303,0.2733824982801903
10304,0.23955259493529144
10308,0.06613723457673307
10310,0.30644361371101736
10312,0.1331909720389854
10313,0.05470087110591819
10315,0.5003572706873639
10318,0.23802338641552337
10319,0.1019890810985147
10320,0.058704619218448835
10321,0.09574780896820449
10323,0.38742664802950744
10324,0.427731646874557
10325,0.10872859079367829
10327,0.21107184349458386
10329,0.2925539298836112
10332,0.1531250727854299
10333,0.08969422205670619
10335,0.0514663274430297
10341,0.14998709141353458
10345,0.12309950731613757
10348,0.21867558670521042
10350,0.1868463916563892
10351,0.14361351672762024
10352,0.08997712090516813
10353,0.10875411141786206
10354,0.7611546919295927
10355,0.7146357221515209
10357,0.5604065091405414
10358,0.09634776090105002
10361,0.7559619942013718
10362,0.08489070303219007
10363,0.06142526009664913
10364,0.4037412857214005
10365,0.6787878652072779
10366,0.2683895209434657
10367,0.27375978900488895
10368,0.11809598691649412
10369,0.25120776903280834
10370,0.6354280907295272
10371,0.1891763905623466
10372,0.0765935757065498
10377,0.2003257732538328
10378,0.15307513564111586
10379,0.11637652418570771
10381,0.162284470745294
10383,0.055420141939831614
10384,0.06562272178346952
10385,0.283896536651486
10389,0.3768033171478099
10390,0.7887206408086664
10392,0.35433544979724896
10393,0.12074839901799048
10395,0.13387463132385766
10396,0.41487928878557834
10402,0.18830228673161298
10403,0.6235203178015255
10407,0.046116478042386125
10408,0.09930780070130597
10409,0.5495912884315306
10410,0.25969504649534303
10411,0.5040382500732332
10412,0.12478985944038641
10415,0.28851777108650334
10416,0.03331867806662166
10419,0.40009096804023764
10420,0.7799131701200405
10421,0.15339245106420207
10425,0.868154082043505
10426,0.020662696249767364
10427,0.13402987523245488
10428,0.18382053045943086
10430,0.07356861139352006
10432,0.08772428379915227
10434,0.18699231189973964
10435,0.14437455223276136
10436,0.22456365799675654
10437,0.08149383167723281
10438,0.17633178144313982
10439,0.13166601540885106
10441,0.21259107177606346
10442,0.30348577957840595
10443,0.02230733397618956
10444,0.07436315593139599
10446,0.35134402137908594
10447,0.1839278177978899
10451,0.10657842667368717
10453,0.12290792557705703
10454,0.15634604864708987
10455,0.018188057437166887
10456,0.07169241551035127
10457,0.3805998213051913
10465,0.1581462598371399
10466,0.05283467830026927
10470,0.07955842781748379
10472,0.055675625142510135
10474,0.023115926821339273
10476,0.13872949553991104
10478,0.2990727232809205
10479,0.10843070629282436
10480,0.4919585100656853
10482,0.04661055242056508
10483,0.11688564141048527
10484,0.05303749711517603
10485,0.3328226509108743
10486,0.3066012407909561
10487,0.30921130328694085
10488,0.07183173346350992
10491,0.6482583831406151
10492,0.12847226872055462
10493,0.21412898923331702
10495,0.15220161471823415
10496,0.04533399131591803
10498,0.7877218262036754
10500,0.4667558517533164
10501,0.10279630981676093
10502,0.23856564385016973
10504,0.13506761198953857
10506,0.07714075079963897
10507,0.4448090100901507
10509,0.06879617743765941
10510,0.7541351273266912
10511,0.1774154716372735
10514,0.08708901544182594
10516,0.07344720418790017
10517,0.06893415699453534
10518,0.0586077680687618
10519,0.08828113276185928
10522,0.78619590375196
10523,0.10949143994112652
10524,0.19210013893884673
10525,0.6458083630997539
10527,0.16956053034439367
10528,0.11384600243370398
10530,0.07491573589753545
10531,0.24544441153191496
10533,0.10193233998678988
10534,0.8760762545888527
10535,0.07646627888510332
10536,0.18755566992309966
10537,0.6527859547953209
10541,0.034312829166674906
10542,0.12644286215919665
10543,0.09244057978398451
10544,0.5156783158591169
10545,0.06994096193972217
10546,0.276735256162213
10547,0.7106854792950967
10548,0.738055121519602
10549,0.0646420508796855
10550,0.10716853675055903
10551,0.05544557015978112
10552,0.22384670631986647
10554,0.7024574179655778
10557,0.030200364692614168
10560,0.19980503864143656
10561,0.21309732811966464
10563,0.08852607021817245
10564,0.13588077164435008
10565,0.1751737410789701
10566,0.10996933430131028
10567,0.19082958822409396
10568,0.20393041603442488
10569,0.19448455279684532
10570,0.3614397713770579
10571,0.10133425858742304
10572,0.13148130898232324
10573,0.15884710124306337
10574,0.1646027257110265
10575,0.3253270011314719
10576,0.7097701551080337
10577,0.12117183693988395
10578,0.31859816000290564
10579,0.1397133205625877
10580,0.03416720121846066
10581,0.06029422362838219
10583,0.0952631887858014
10587,0.7883678010502313
10588,0.032910136802425397
10589,0.0807034360476486
10590,0.13342782605403794
10591,0.2540163741103641
10592,0.29397442558325376
10593,0.18040836583178646
10596,0.09249382913940504
10597,0.10190914899551592
10598,0.8270206318304065
10601,0.3201451534749548
10602,0.1414083434469139
10604,0.19568591173490063
10605,0.08679066814039946
10606,0.22917665582191601
10607,0.07516076664953734
10608,0.3280705048452753
10610,0.05515003165360519
10611,0.1526653389835989
10615,0.18660514813131138
10618,0.04264890196605971
10620,0.1801564428721248
10621,0.1979496649271965
10622,0.07669634854948912
10625,0.21850968614720645
10627,0.023256698245062664
10631,0.5921091146676151
10633,0.43770505674591975
10635,0.11279433610081725
10638,0.10926200467717936
10645,0.025426347148187072
10646,0.16290191027998033
10647,0.3312807463032247
10648,0.031746225112973044
10654,0.0702985418924092
10658,0.1397485489007768
10660,0.2818721047895362
10665,0.15906343536038894
10666,0.041231249058526404
10667,0.82521166426843
10671,0.029333471275110937
10672,0.25900053551393254
10675,0.24228934555644105
10677,0.0440391562088871
10680,0.06898907773762425
10681,0.25252275576848104
10682,0.18620524848412284
10683,0.013409434852252456
10684,0.1959790874362954
10685,0.3458429731890451
10688,0.1501410705104375
10690,0.10051773501364106
10693,0.15026244866440888
10694,0.016459511828698734
10695,0.08507878063029203
10696,0.7481168638035672
10697,0.2742008133907816
10698,0.622099695957773
10703,0.11403130283058316
10704,0.3147330845342509
10705,0.03329289737779583
10708,0.7121681453000999
10709,0.03944455124657456
10710,0.39525302866873985
10712,0.09261746990385795
10716,0.6134864493689516
10717,0.0629194429999242
10718,0.1336719931176876
10719,0.23625481870870196
10720,0.11277097818817652
10722,0.09031887709497634
10723,0.5253422322001586
10724,0.036440352310729625
10725,0.1691024474562479
10726,0.04463288630194689
10727,0.11295920794017938
10729,0.7762390496174031
10730,0.20747132430531645
10732,0.09273500837526413
10734,0.04043720209173687
10735,0.0769731597327619
10736,0.0820661845359078
10738,0.2594264858880703
10739,0.16718931234912474
10740,0.6771381093387163
10745,0.8889745421069388
10747,0.2572362487722343
10748,0.06885668838726892
10749,0.25049340806207293
10751,0.3071971005846493
10752,0.08359581335231357
10754,0.08615604889859226
10756,0.19674954621594942
10758,0.1918114333567486
10760,0.44182910015638066
10763,0.15802110939393638
10766,0.504281159203898
10769,0.6206633060740099
10770,0.10107182604725735
10771,0.33492636861931424
10772,0.7991345341799042
10773,0.34733511429065844
10776,0.7420652935818384
10777,0.4957069019281379
10779,0.08307302569886924
10780,0.15880034959588443
10783,0.2820439300419369
10784,0.0365709922847697
10789,0.1418410638097115
10790,0.2431391149660129
10791,0.16660566125271473
10792,0.3180479464869687
10793,0.12139582286632825
10794,0.15517946742696073
10795,0.43793391448947716
10796,0.1377440835777105
10799,0.12217100702769162
10800,0.24423282601255558
10801,0.08484116793107811
10804,0.8672197007229276
10809,0.08872197646615473
10810,0.20809245707266494
10811,0.055879576777476965
10813,0.10842756596485571
10816,0.5906524767405068
10818,0.770244470754862
10819,0.7542438106266581
10822,0.2918573469210888
10823,0.8228364176250114
10826,0.06457999521780088
10827,0.30501275655662463
10828,0.20728130993942012
10829,0.09318805297372963
10832,0.22997580966322492
10833,0.07118453452899873
10835,0.12925332114561436
10836,0.3372078301892498
10838,0.11438761689858505
10839,0.3964170298027421
10840,0.07847092668772171
10843,0.7221119609925473
10848,0.19243320623493246
10851,0.11301377252966083
10852,0.08722741644816004
10854,0.1412356155178629
10856,0.05704611590800645
10859,0.04540831409179962
10860,0.4307196368292216
10864,0.10387926582217223
10865,0.060193581662285396
10868,0.18255953858881419
10869,0.10480308962571362
10870,0.227011495098535
10872,0.06442172343330392
10873,0.15218922526101122
10876,0.13036970604877227
10877,0.20227775552852054
10879,0.37088680715310957
10880,0.06186840848948631
10881,0.24176059288385793
10885,0.19202097939250332
10886,0.4530082298156242
10889,0.040855727751467674
10890,0.03433835352454427
10891,0.1787324239523869
10892,0.059575728438979916
10893,0.11795128628085501
10895,0.21925117770570532
10896,0.10370117010083715
10897,0.10790355665151787
10898,0.10496997822466995
10899,0.14722313976106566
10900,0.7332405699137065
10902,0.11452263386229314
10903,0.17355155428232957
10909,0.5139901731307555
10911,0.161942394863955
10912,0.06267675699850797
10914,0.16021725744697587
10915,0.13206562475664568
10916,0.03861373284223994
10919,0.03901086106821908
10921,0.06838840762575481
10923,0.08299409516384776
10924,0.2063550522455691
10925,0.07476581449416873
10932,0.04991357428379936
10933,0.2824192099663303
10937,0.8220848741978588
10939,0.09461286622974939
10941,0.17689198666398484
10943,0.27619066051688496
10945,0.6437111073976562
10946,0.029941997923100414
10947,0.08018594675664609
10948,0.1239545166882423
10949,0.17319380277384402
10952,0.49321857112168577
10954,0.1989001539212572
10957,0.13183490230578768
10959,0.732378268243096
10960,0.0757042737581303
10961,0.05449843205002318
10962,0.06282141660597772
10963,0.14695190720887555
10964,0.7966578121936626
10965,0.05628223928481731
10967,0.08191466203098918
10968,0.29308014590983
10971,0.2126826091492055
10972,0.0518690402320949
10975,0.7940673479600083
10976,0.05244365495547954
10977,0.2881032246530388
10979,0.1623575163193873
10980,0.6938625079824823
10983,0.5043310891302382
10984,0.2304473038517525
10986,0.22052767137576554
10989,0.23694176331711891
10990,0.45095750558438213
10995,0.5956447469031678
10996,0.05864137812535095
10997,0.11497877437919879
10999,0.09472143443282394
11001,0.21782394472816183
11002,0.23404609783341132
11004,0.3667144237450156
11005,0.07246130571168831
11007,0.5360786602236082
11008,0.045503330072794945
11009,0.6947007273981398
11010,0.07377019258198243
11011,0.11325094240161834
11012,0.1872123549830026
11013,0.23332092476739746
11014,0.06670929949405123
11018,0.19978061925141752
11020,0.16207627909865324
11021,0.12292560771063032
11022,0.042610284577578976
11028,0.060711755685110835
11031,0.3629728887804087
11032,0.22774050837935092
11033,0.010005728603726557
11034,0.43265770353719796
11036,0.08812809863416873
11038,0.46684188157382395
11040,0.4231650968509331
11041,0.308616152574667
11042,0.2559371472444048
11043,0.29845855566539137
11046,0.129186070247162
11049,0.10908579323663299
11050,0.837083706719326
11052,0.16129220243216624
11053,0.6536750953651497
11058,0.08595697586085854
11059,0.08388960337047034
11061,0.5632439299590413
11062,0.12495502961434572
11063,0.36666122440343263
11069,0.10302021876062604
11071,0.1626290690171032
11072,0.16903968578785983
11073,0.6215993300278035
11074,0.14898570350172707
11076,0.10275471759718999
11077,0.03379909891315625
11078,0.08620823622828475
11080,0.17053011578355007
11081,0.1908334348608342
11083,0.08855506436595692
11085,0.11438665275678067
11086,0.05169009593107441
11087,0.2921302714214167
11088,0.03194245376730764
11089,0.24028869907270764
11090,0.04099677464619668
11091,0.08471925841614258
11093,0.20861994452814128
11095,0.12529336610460715
11096,0.2616453224640881
11099,0.6730185972587808
11100,0.052776616324095055
11103,0.25112814962136243
11105,0.6574827959667942
11108,0.05179645181189331
11109,0.26552615111917044
11114,0.11241823611103921
11115,0.37312106090634733
11116,0.10102234239956247
11117,0.11738643218545766
11119,0.3741795426407658
11120,0.28015582937073913
11127,0.21450105685212598
11129,0.2466225327627288
11130,0.2471172601238037
11132,0.2062777459888356
11133,0.21982195710956431
11134,0.06887585507644955
11138,0.0903221676559904
11139,0.4084101060812539
11140,0.3013700543156786
11141,0.03389105946214196
11148,0.19401672942463777
11150,0.39598532867042857
11152,0.7089229560745267
11156,0.08013320237625307
11157,0.043357884521684244
11158,0.08621493672536758
11159,0.10064061920148559
11160,0.04713002455861077
11162,0.030066657609752207
11164,0.1381662188862098
11170,0.023635895781888402
11171,0.505895151271358
11174,0.06330985294263965
11175,0.1345574931194174
11177,0.12018947821279692
11180,0.048864212892993975
11182,0.06905817790744075
11185,0.31624993922353234
11187,0.09391761382090412
11189,0.027636217296049
11190,0.34832360532962714
11191,0.3142978448797912
11192,0.18664814414429678
11194,0.09756656860239903
11197,0.20203575050088804
11198,0.7152341578841283
11201,0.12736229995983264
11202,0.0558389121655613
11203,0.11879596581435532
11208,0.12968522846246686
11211,0.1609310989043042
11212,0.7007596002979654
11213,0.10815421488193784
11216,0.08703707987766802
11217,0.41878694050951965
11219,0.19926958920858584
11220,0.555189881407583
11221,0.25688808249439715
11222,0.184540759425177
11223,0.3253717048585893
11227,0.02376020234308225
11228,0.050356134966370196
11229,0.11362501616835166
11230,0.1794382534039679
11233,0.00873746965811477
11234,0.6479191220395251
11235,0.30853997960264884
11236,0.08142368036352267
11237,0.1695550605830597
11238,0.3828922969356359
11239,0.11407972198370389
11240,0.6964230108264262
11241,0.6248490318614005
11242,0.1202696491034818
11243,0.3838995941287699
11244,0.7022451938634379
11245,0.0946336634857557
11246,0.8190360095164959
11247,0.43623301220144634
11248,0.0725022802617059
11249,0.23831478756362537
11250,0.2207964344765876
11255,0.15054549152586427
11256,0.0594295410051578
11258,0.03446299501963548
11263,0.3156531151104167
11264,0.37138347814005473
11265,0.4756443198526461
11266,0.2647044159186639
11267,0.8075044877457602
11268,0.04448859195261856
11270,0.02026545675512583
11271,0.27023132421527973
11274,0.10095000606861522
11275,0.10219140535940922
11278,0.18734362294848922
11279,0.04826580817565501
11280,0.22304940554960107
11282,0.18742356962483378
11284,0.5320809305747383
11285,0.19607759882820264
11286,0.715049836009232
11287,0.1271850216797911
11288,0.0669777336727275
11289,0.13168501477921554
11290,0.11128929036719805
11292,0.09554920856976495
11295,0.10963835685251433
11297,0.11759500338016356
11305,0.0673873835851952
11310,0.05486818629331566
11311,0.15360394412494513
11312,0.04971571297030624
11313,0.017779453794667187
11314,0.1058896082277316
11315,0.40951404234540073
11316,0.05449137294574647
11317,0.09254943391915761
11321,0.0879105258530938
11322,0.24422832555942006
11324,0.024129503754698602
11327,0.07009821673491731
11329,0.04520777092069313
11331,0.03877120340242163
11336,0.06469967352100232
11337,0.09833313841872512
11338,0.08105147444024621
11340,0.24753298473024254
11341,0.10084913807639444
11342,0.0998519187318708
11347,0.11493493570817684
11348,0.12845173513031152
11349,0.121093676023318
11350,0.027111998464255813
11352,0.0931104652429303
11353,0.13136369480765
11354,0.024498031829782718
11355,0.16211453015649616
11356,0.11600049043621842
11357,0.5150032494333118
11358,0.22069644923888104
11359,0.14764728690357898
11362,0.4761429044949807
11364,0.044499828986753795
11365,0.24098906119027833
11366,0.2003451991072388
11367,0.03871393499629264
11368,0.2828159354463867
11369,0.21906964134458912
11370,0.25447076927226725
11371,0.24722202889777195
11376,0.03196439430424156
11377,0.06226664296607055
11378,0.15626668784036424
11379,0.08156354086783493
11380,0.365343494212542
11383,0.1593846552444062
11386,0.1736022175249559
11388,0.24887598142792083
11390,0.016690628222943614
11391,0.0651195388462497
11392,0.07006100321029057
11394,0.1447186440605774
11395,0.65311596961449
11399,0.06458366747630562
11400,0.06933083879796434
11402,0.0531872988811365
11403,0.07904053686484828
11406,0.03997230260387419
11407,0.09730227814178918
11408,0.15506041783049396
11409,0.6004728175548001
11410,0.03160871583222766
11412,0.22410229875640814
11413,0.08724750849065538
11414,0.04732973932745749
11415,0.04647875881400619
11416,0.050299077244492424
11420,0.2656481378227556
11421,0.05811195980327203
11426,0.4581095208460381
11427,0.1969484880374878
11432,0.17305839053656946
11433,0.15964097828707277
11434,0.1343915668508651
11435,0.05504418530455886
11436,0.556244004460152
11438,0.0922125438590276
11441,0.7582333666583585
11442,0.18031306790642004
11448,0.05913697100135279
11449,0.07501588126555038
11453,0.3850228291439778
11458,0.5272478511310738
11459,0.05065999880208625
11460,0.1198898383808053
11462,0.03905012660285422
11464,0.21350949366368968
11468,0.5411440611497047
11469,0.12068858082545708
11471,0.47579753538782393
11474,0.072467294217192
11475,0.20822071357569033
11477,0.04296563651070698
11479,0.1093096092979373
11483,0.09941240411046309
11485,0.7756994510514251
11486,0.6201827897073096
11489,0.1759694969987014
11492,0.0437409978449919
11493,0.06794164090390888
11494,0.33819492164098525
11495,0.09822845799632739
11496,0.040170207199788775
11498,0.4063131834803976
11499,0.22511366607621822
11501,0.16424431479648557
11503,0.11219928161810314
11505,0.21356962488875783
11506,0.21057273268198398
11507,0.1821560119938727
11508,0.3845859134934995
11509,0.17650071701893097
11510,0.053765560270548435
11511,0.8588436890362994
11512,0.25037458532119455
11513,0.04758907244108096
11514,0.04295144329100329
11515,0.08072524089756579
11516,0.16216135309562038
11517,0.6811804213720164
11518,0.035842289127211095
11519,0.14335732846948088
11523,0.19945839680853847
11527,0.05051150058449122
11529,0.05176599765907928
11531,0.06752875507546242
11533,0.11807791279099931
11534,0.050230933310636744
11535,0.12309174204732194
11537,0.0727777442644943
11539,0.3118892520450431
11540,0.37227276427391226
11542,0.03263421305219044
11543,0.22153259923382224
11544,0.0715395238723331
11545,0.10277709999890358
11546,0.07343518990907782
11549,0.07826689860922195
11551,0.41564812279310426
11552,0.2362492751070436
11553,0.3015005382800473
11556,0.1240685238249769
11557,0.1137068123316477
11559,0.7710841601478046
11561,0.10659418145031536
11562,0.3766511647461389
11563,0.14006484901632946
11564,0.048097416335645085
11568,0.014162848938702573
11570,0.09027115539850958
11571,0.01938888409762837
11574,0.33658486494249956
11575,0.07804452444309662
11577,0.2823698135673524
11578,0.4563002659434
11579,0.036960738679450184
11582,0.604770312513907
11583,0.058631196982864446
11585,0.6150958710264489
11589,0.1376801076779451
11591,0.6539681167858815
11592,0.38479553483641377
11593,0.23380199299292476
11595,0.11247868119805726
11596,0.14095028186139544
11597,0.20258428669355175
11601,0.0923739361679098
11604,0.06168901852303737
11609,0.47686379684254154
11610,0.12647493790561815
11613,0.056941074369888094
11614,0.17219384310545519
11615,0.265734423597102
11616,0.19264207994346494
11618,0.28213349048731295
11620,0.19815066073716142
11621,0.15860507493655548
11622,0.23013704747270755
11623,0.28370791035228604
11625,0.011031061511001966
11626,0.832343816403981
11630,0.23661488512309495
11633,0.05083846837848912
11634,0.05212309843144462
11635,0.037920682760227135
11639,0.1600180884859927
11641,0.06594364169966707
11642,0.7019697941787778
11643,0.371755803122563
11645,0.05805116402422332
11646,0.11744387761566588
11648,0.04966387721367859
11649,0.12129451991764113
11652,0.30522049416024055
11653,0.30582395036180215
11655,0.036023250056183356
11656,0.1286728185602022
11659,0.516751786617518
11660,0.047675894477426956
11665,0.021154831740947583
11667,0.5301923658555543
11668,0.16804607356194048
11669,0.07371706026626523
11673,0.04454436397653043
11674,0.08719602248039639
11675,0.07550039902811338
11677,0.20142316525936968
11678,0.20821511266753398
11679,0.07130938077114816
11680,0.012649616496945789
11681,0.16547285580518076
11682,0.6746288720300714
11684,0.13855946980345019
11685,0.22086552351168368
11686,0.07796404051464799
11688,0.11896150790870402
11689,0.12103631102109144
11691,0.19462457107344605
11693,0.45333976206689736
11694,0.09014886007687857
11695,0.25264838743857104
11696,0.19553038179355736
11698,0.208920323234595
11699,0.03470650993414081
11702,0.7962735178740475
11703,0.05914392886047879
11704,0.35391360845495595
11706,0.868542443842684
11707,0.26139935635180134
11710,0.034353373763645216
11715,0.26251450822470507
11716,0.17923430151713962
11717,0.8148170154306215
11718,0.0664753317738669
11720,0.7901675294692342
11721,0.8498474464743286
11724,0.11874991161527189
11727,0.08340803365255474
11729,0.04493775237023174
11732,0.12791713889679965
11734,0.014053203665304161
11735,0.4490360202905202
11736,0.10710831292667204
11738,0.057356502407083156
11739,0.7317487091883378
11740,0.8780909347114411
11741,0.2700588038234862
11743,0.10340462314940489
11744,0.5644319076204729
11746,0.10808608597672818
11748,0.02446544901463572
11753,0.058423618186121344
11754,0.029174177912732708
11755,0.24386401195791604
11756,0.2886744002964068
11758,0.3751484717996386
11760,0.0540707486039116
11761,0.4733968046076275
11763,0.05560936827478645
11766,0.015095864165126467
11769,0.07178431353201316
11772,0.5038016201439612
11774,0.26092845192998493
11775,0.14944267003611306
11776,0.4013651871103928
11777,0.7310369626432771
11778,0.0518723504867133
11779,0.10437674934355
11783,0.047238991283469846
11784,0.09573162442138816
11785,0.43065860921358884
11789,0.07153020579298609
11790,0.21142784266163556
11791,0.19143919449970706
11794,0.27533233391742706
11795,0.31614936055589826
11796,0.03604571551565258
11797,0.1655087535234667
11798,0.04476772101964586
11799,0.04497192641600148
11806,0.09502390146825317
11807,0.04021168633997923
11808,0.03380400543068379
11809,0.16528282647864884
11810,0.10019625721274314
11811,0.09246835312495008
11812,0.10952756647040796
11813,0.07595020244410251
11814,0.4853757912874068
11820,0.04371502765813109
11824,0.18089289780485457
11825,0.4862062062844849
11827,0.7116083306493046
11828,0.48614753929870513
11830,0.8633618365522364
11836,0.19863353001419937
11839,0.017918398360521184
11840,0.14316626830421897
11841,0.09545544729084096
11842,0.2829048956476243
11843,0.1497374892303448
11844,0.06371393314640254
11845,0.847805851128259
11847,0.24817453613125584
11848,0.0706180121403864
11849,0.17467051093748653
11850,0.24375523817000236
11851,0.3559811515832768
11855,0.7329698029950439
11858,0.06888818268401034
11860,0.04260126829890016
11861,0.14129746965960582
11868,0.6860758036313083
11870,0.2683661625923883
11873,0.05171252698807279
11874,0.6827034184848146
11876,0.056123229364269285
11878,0.05084262464846212
11880,0.07760523898136593
11882,0.050234261532320336
11883,0.1867759650562116
11884,0.03877745081760928
11888,0.3467766756500556
11889,0.17577813485038313
11890,0.2724338552413657
11892,0.5133817661093443
11893,0.4353362629400743
11904,0.03327315773370635
11907,0.3007668306037283
11908,0.7404584345322498
11909,0.08006720172650769
11910,0.12567653813643806
11911,0.25146168163484384
11914,0.3569322980874681
11916,0.037478613831785225
11917,0.046181162023521245
11919,0.08466308894725177
11920,0.19742957757841398
11923,0.06635038016280358
11924,0.11010727718866956
11925,0.06881004867836017
11929,0.19517058355103098
11932,0.03837879373302137
11933,0.19210450802708276
11934,0.20619434994691055
11935,0.07805782876597978
11936,0.31175878018022024
11938,0.29659574806904454
11941,0.02967020521033385
11942,0.16306036963584133
11943,0.5725930915656496
11944,0.12120218436911918
11946,0.2256576924722817
11949,0.09042888680066866
11950,0.12613822757976995
11951,0.07799297164182828
11952,0.029311030055432445
11954,0.26813196490073116
11956,0.10756759139616026
11957,0.10631103809361932
11958,0.2844841612430041
11960,0.682329247305227
11961,0.026270432262673032
11963,0.42183951985806534
11971,0.2531973140316198
11972,0.2624167786346736
11973,0.10836031416637193
11975,0.024309663868890892
11976,0.14471144717927564
11978,0.5988542756090397
11982,0.05514659157155938
11983,0.16011444175869363
11984,0.5488011650388992
11985,0.06007662315425609
11986,0.1141302517764489
11993,0.08047722970766284
11995,0.2348329207754785
11997,0.10770418297507185
12002,0.0613276852581072
12004,0.5388669017922938
12005,0.14702795897228266
12006,0.563182760255135
12009,0.13847454583153415
12011,0.6932201458623224
12012,0.19530607999385413
12014,0.08403172818809776
12015,0.12905278188898991
12016,0.58744640441457
12017,0.14074005644077567
12018,0.8333665978914093
12019,0.8546820162251952
12020,0.16757173574194104
12021,0.1094211240579347
12023,0.21506762791949893
12024,0.08971789155243846
12025,0.6993586384756022
12029,0.3497500425679294
12030,0.5031195761013553
12031,0.11824179536549118
12033,0.08353909539792957
12034,0.046292073420376945
12035,0.22647414012657266
12037,0.08594121257289164
12038,0.058147709493266364
12041,0.05238046758090292
12043,0.17178221688739478
12044,0.3294319558910926
12045,0.14472553798916546
12047,0.08764115816190791
12049,0.323064524677648
12050,0.1935654398039026
12051,0.08615928732043392
12052,0.5136418229021611
12053,0.12989268034908896
12056,0.07127393056016591
12057,0.09061542555385364
12059,0.09740154696625217
12060,0.055816044308338815
12061,0.12821343311643232
12063,0.3454898276352376
12064,0.025656937477547492
12066,0.13599029766734672
12067,0.7698928456272267
12068,0.3162094478759833
12069,0.2684547784598163
12070,0.07634646423431635
12071,0.11989952891317295
12074,0.052935692290747516
12075,0.22005162341223483
12076,0.26539757717299656
12079,0.7055504784123159
12080,0.02021184820405609
12081,0.2366441842573282
12082,0.033006492002414255
12083,0.136342630653852
12084,0.5238819634897772
12085,0.15482294980199315
12090,0.5182168286008704
12094,0.7484911159000286
12095,0.19735341025572434
12097,0.7379929058621654
12098,0.03503036421244827
12099,0.433973837609473
12103,0.15715906367571117
12104,0.02039759943828403
12105,0.1545358246967185
12106,0.03738148546671525
12107,0.09748962853560993
12108,0.04555465133367169
12110,0.03709235899413865
12112,0.014447082270268594
12113,0.058292465071003795
12114,0.05728139847911443
12115,0.1552754968587899
12116,0.1104358373881305
12119,0.04319946765255515
12121,0.6411251978850214
12122,0.47932242387052154
12125,0.03957185901903059
12128,0.05080783823157575
12135,0.020385054343681007
12136,0.22060416583425746
12137,0.06070422398735591
12141,0.360402897348549
12142,0.23999803622183652
12143,0.6521198068569336
12144,0.18184433918084872
12146,0.1936850829756987
12147,0.10914776206752717
12148,0.033084943805160735
12151,0.11642513564148187
12152,0.19645315721577644
12153,0.16161751459387597
12155,0.7247752938686987
12156,0.5279897999123505
12158,0.455520118508058
12159,0.24181128553661624
12163,0.8445104422484762
12164,0.6725822513912174
12165,0.19865462629709343
12167,0.05804985484857164
12169,0.15676179305951707
12172,0.05689110535751643
12173,0.1024601395161674
12174,0.08860052912356212
12175,0.3489901602393502
12178,0.06530566952570294
12179,0.06311456092735453
12180,0.12039557445116668
12181,0.14832654008161736
12182,0.03965356444596955
12183,0.033979001673841394
12184,0.0245144974356148
12186,0.06377259190140037
12187,0.20651038747113346
12188,0.0950568944603503
12189,0.14322088861706284
12191,0.16829387440545882
12192,0.7942222016423387
12193,0.34398140005392996
12195,0.057295340792269216
12196,0.5299901260759909
12197,0.7418807927207952
12199,0.06831933559220317
12201,0.23864099940452133
12203,0.29371992543771536
12205,0.06956484929488937
12207,0.6180984336125986
12209,0.3606383676519271
12212,0.10952512627046693
12216,0.1744608914973603
12217,0.7652905985727643
12219,0.028049745966321628
12223,0.25937161040001794
12224,0.11788316302205079
12225,0.6898405001232545
12226,0.1153672718492603
12229,0.0636502960678883
12230,0.06404879216851665
12231,0.41823889402965525
12232,0.42042652149587406
12233,0.0875312432453701
12236,0.7772139403331164
12237,0.682526542895858
12238,0.6951774204543398
12239,0.15998458842309338
12240,0.08940666303565271
12242,0.01689821707686605
12246,0.27480598083039093
12247,0.2766068706704836
12250,0.16847397733247332
12253,0.30357931167580954
12258,0.37685186237525486
12259,0.17677002381201393
12260,0.14920182382687944
12262,0.024770798518733903
12263,0.34327103301509426
12267,0.22792840069249123
12268,0.11113234317193299
12270,0.08268634702180597
12271,0.22105494260267017
12272,0.07208064639032967
12273,0.0309266855021033
12275,0.7641322732247309
12276,0.08194216419926088
12277,0.029969023556321073
12278,0.052632557485177055
12279,0.5247029403417665
12281,0.7317557858227608
12284,0.2543279215724875
12285,0.056362681195820774
12286,0.4203674202039118
12289,0.3556474180542112
12290,0.20373237552603402
12292,0.18231494047220242
12293,0.03948472296821412
12296,0.10941325188820064
12300,0.09326957687928766
12302,0.704511437216987
12303,0.39332804280109807
12305,0.0743125598468353
12307,0.10396834568051072
12308,0.46182627058252057
12311,0.06387008335150601
12316,0.2813257419176018
12317,0.12715203287827
12318,0.030092117258122587
12319,0.8064574446239429
12320,0.09173054064035738
12322,0.18873621280886524
12323,0.17784883212145386
12324,0.06794625660566381
12325,0.21564721265761874
12328,0.3684675427646537
12330,0.27321730924830134
12331,0.17571478795638854
12332,0.15321308089957947
12333,0.17157732726455008
12334,0.27599615511763803
12336,0.2430848574815223
12337,0.08520480016613899
12340,0.08271005429559543
12342,0.09416455875599032
12343,0.179463509236478
12345,0.7270799254718338
12346,0.5884405409921242
12347,0.6899940611488333
12348,0.2680436653477199
12349,0.15532449623340383
12350,0.13333575936645134
12352,0.13184429909155496
12354,0.7181302543877427
12355,0.10444342717607943
12356,0.0755865085737595
12361,0.06725620384517322
12362,0.5773116833338776
12363,0.4789725166911016
12364,0.04294385204486767
12365,0.3544178956956228
12367,0.13525643750122526
12369,0.11561782569646392
12372,0.3392899663784631
12373,0.16856500166109883
12374,0.027467073499795398
12378,0.05292443449205235
12379,0.4122302246542131
12382,0.043506950755378575
12383,0.19809993382715757
12384,0.07524864881959126
12386,0.07004211697971904
12390,0.12061116477847457
12391,0.6721575104688613
12392,0.7047640223396032
12394,0.13338779811709375
12395,0.5868262552947818
12397,0.07315841978411777
12398,0.0972213449034798
12400,0.12866063892328916
12401,0.2627264832000621
12404,0.03287426641959206
12405,0.11399715758235547
12411,0.04278332757084385
12412,0.16893627889657759
12415,0.18216697706044016
12416,0.06361598926566629
12417,0.5243800199144505
12420,0.037965676473506425
12428,0.18974694282306218
12432,0.04408974058544748
12434,0.2019430372631988
12435,0.04938032242505362
12436,0.09278080120327364
12437,0.23553718216660438
12440,0.06586626118709898
12442,0.05473009045260007
12444,0.06013838208867549
12445,0.31120187744894534
12446,0.04762491954251302
12447,0.07842638043753461
12450,0.07850959254130306
12452,0.10582639630520337
12453,0.1289758589019169
12454,0.29787862032985785
12455,0.08800600841606988
12459,0.21274122731306977
12461,0.06372952140731397
12462,0.1412252023856281
12465,0.10319954366893666
12466,0.31583621563440456
12471,0.44250087365776986
12472,0.33045367895736344
12473,0.1723152447984628
12474,0.012028393798492834
12475,0.13518306672444683
12478,0.03550266122742805
12482,0.8352165066105017
12483,0.2745059818102246
12487,0.05803736642830121
12489,0.5925566254033238
12491,0.18071558584032782
12492,0.2857273393284736
12494,0.7710674104491234
12496,0.4940670792233645
12497,0.6049164748560364
12502,0.141845979306646
12503,0.18157356559743854
12504,0.06191169976877085
12506,0.08145294221897006
12508,0.45711564854785924
12512,0.0752863308341351
12513,0.1606893409457368
12514,0.20494271487662588
12522,0.029733983766964026
12524,0.0663989372271687
12525,0.809154174970912
12527,0.0915977330572103
12531,0.056848329557020336
12532,0.28822189707412427
12533,0.5618392012987165
12537,0.04566709736183129
12538,0.09457872353167822
12542,0.6972180974779091
12543,0.10222044435505201
12544,0.0916681019259058
12545,0.24738721022407198
12549,0.2538998588134
12551,0.46600755808162225
12552,0.04045653950477478
12553,0.1699279696034738
12554,0.24913409440796216
12555,0.1396283363380299
12556,0.09240124779725453
12557,0.21777734125371315
12562,0.515066269787516
12563,0.314646506623851
12565,0.05051462509860332
12566,0.19185138681532188
12569,0.3915824817788231
12572,0.06972231734946159
12573,0.17008804175373496
12577,0.4981621235851457
12579,0.020479196349876338
12582,0.06741375721223804
12583,0.08773095851605717
12584,0.03417272804158625
12586,0.09701370847671668
12587,0.08555533554357199
12589,0.5020218186924205
12591,0.27017045334095136
12592,0.04528757982471781
12593,0.7434183191037557
12594,0.15338411185303544
12595,0.14431569665226
12596,0.2055833406658802
12597,0.04067105454863866
12598,0.22279181972385756
12600,0.05801446739356396
12603,0.05189906353830246
12604,0.8449241483066682
12605,0.5997207064245026
12606,0.08678147700360282
12607,0.24479239977666373
12608,0.10556499440893831
12610,0.5737281496889484
12614,0.028358650162176025
12616,0.011557719440788964
12618,0.1037481341390724
12621,0.09115302961497902
12622,0.06269494346605425
12623,0.6506513578341602
12625,0.06074764186089779
12626,0.03159083763751285
12628,0.23128959957864573
12629,0.19568811873369227
12632,0.09922516347044369
12635,0.109280901066206
12636,0.1735977444619709
12637,0.12906149561133712
12638,0.3603403805566592
12639,0.08351848617158446
12641,0.20635262040556773
12643,0.02691803818306579
12644,0.29501920320889125
12645,0.7897617071268086
12647,0.028565625076541302
12648,0.0759884990314801
12649,0.37227276427391226
12652,0.11585549860856721
12653,0.07516744628696112
12655,0.08313098545605227
12657,0.07677964802309134
12660,0.15380596550392825
12662,0.08076572990153379
12666,0.1515282277616379
12667,0.025635553100770314
12668,0.08938649260346025
12669,0.43214455759071446
12670,0.38549779009513463
12672,0.10099367913697675
12674,0.8662934652851473
12675,0.3044051955322136
12677,0.32088791515356324
12679,0.7550097510046831
12681,0.2377158249506813
12682,0.17389435725291
12683,0.05421757381781419
12684,0.10005610357893299
12686,0.4360080814347509
12687,0.04788186904118217
12690,0.23022521318307737
12691,0.22008133000391042
12694,0.10184854498233199
12696,0.37021754233841697
12697,0.07103607401078864
12700,0.18254248249739677
12701,0.14651073474304765
12702,0.08611445509270961
12704,0.5399782105149644
12705,0.033459347375832706
12706,0.7345103741062233
12707,0.06182841271906337
12708,0.022643342472942193
12709,0.052394694700970135
12710,0.17750590143898934
12713,0.2664879439969459
12715,0.05047273494686552
12716,0.49280192551614316
12718,0.14142427317599504
12719,0.1847325781690484
12720,0.07431544951956083
12722,0.09839534186152527
12723,0.06796078000523986
12724,0.4612439136274014
12725,0.10909556340852768
12726,0.03189582905422766
12727,0.1594169682624588
12730,0.05040661061243257
12731,0.11986586501437398
12732,0.8094590080410443
12733,0.5212644181739539
12734,0.061448369504280974
12735,0.33865654232852394
12736,0.1568585413678858
12737,0.1319805446878763
12739,0.0914264822702781
12740,0.19664831875837924
12741,0.1294980275527786
12743,0.24475394825981442
12745,0.2111744247805856
12746,0.8708002713220317
12749,0.07038128184259945
12753,0.24217807807424457
12754,0.26268418736909377
12755,0.04732629173681545
12756,0.19801484579099835
12757,0.13840872982633717
12759,0.13583678924290551
12762,0.19251319672285533
12763,0.01595500900072141
12764,0.08748769479541628
12765,0.5069782617214272
12766,0.09482725102014657
12767,0.11297625082772039
12768,0.7730025271043616
12773,0.5550944756513231
12776,0.20873619072960653
12777,0.057610894542842496
12778,0.12863996461930563
12782,0.09269742887039596
12783,0.15922120510627405
12784,0.22394964648119683
12785,0.1657629477161757
12786,0.07100466429870761
12787,0.019775511491742143
12789,0.12272967537302315
12790,0.017663714328281153
12791,0.1665988885251904
12792,0.1595933158916582
12793,0.12999738210028652
12799,0.4007123709250454
12801,0.3519953346517135
12802,0.10620564934188936
12805,0.03741729949307993
12808,0.07772260795660159
12809,0.3678189792321706
12810,0.07957949987684455
12811,0.5498745960600887
12812,0.36764786892542983
12814,0.25454484821083007
12816,0.2093368385889391
12820,0.7723645259532225
12821,0.11493856520093108
12822,0.03760330084482687
12828,0.17725607369304774
12829,0.36706344646899863
12830,0.1081707039251826
12832,0.7538203815312391
12833,0.07105704717363114
12834,0.11364245637485772
12835,0.5790542015017373
12836,0.4164714789811335
12839,0.24849853620882523
12840,0.03328145311102676
12843,0.1107706919455978
12844,0.12646322910815364
12848,0.030344632020106812
12849,0.335179536031478
12850,0.12600454364783067
12853,0.046568699951411587
12854,0.2457152892017749
12857,0.4071156524046006
12858,0.5437689510657506
12859,0.08732854035564283
12861,0.20550732909790348
12867,0.2667995172514738
12871,0.2079109836738953
12874,0.14180280330757175
12876,0.4188861298669693
12879,0.13128118885841142
12880,0.011092100736948088
12881,0.05703338306924578
12882,0.19963856263946805
12887,0.07593266960200509
12888,0.04315298660442834
12890,0.03864457544660182
12891,0.053494588370242714
12895,0.30734318650248166
12896,0.18044605978537243
12897,0.06849079945240008
12898,0.7185885696012656
12901,0.4146799879817413
12902,0.1810929839460736
12904,0.16704473510130166
12906,0.1397052636712908
12907,0.046646523863209007
12911,0.06828198270890759
12912,0.3978895291126829
12913,0.536289710567169
12914,0.2378137679608862
12915,0.13335330279171403
12919,0.10503182335501002
12920,0.059761647771925816
12921,0.0634237189834947
12922,0.6208504821757558
12925,0.5250167354252439
12928,0.13428369318006722
12930,0.039011494881640844
12931,0.3245777604766058
12933,0.3962535194329809
12935,0.03813149992825518
12938,0.10967082125496594
12939,0.05230332693069808
12942,0.014882090652533564
12945,0.1966386819207254
12946,0.13753289695147153
12947,0.749057691997043
12949,0.5916392920203485
12950,0.1142759693838089
12951,0.143375283129414
12952,0.33555631488613025
12954,0.1597863930903588
12957,0.23561831248424053
12959,0.6531310102840922
12960,0.09015165396653009
12961,0.11836337108997481
12965,0.18261629438865098
12967,0.7159297421118929
12968,0.38027107993103987
12970,0.12503741251614964
12971,0.38009675427201567
12973,0.7798324160533276
12976,0.04929228536206329
12979,0.2717836911450276
12982,0.2632950194751991
12984,0.04612269391612505
12986,0.11289477075768099
12987,0.6382672866706931
12988,0.062057419905352774
12989,0.0951865102643779
12993,0.8005126918871174
12999,0.09839396122861117
13003,0.0857473088255285
13005,0.17010570597106517
13009,0.09058320180863254
13010,0.21456254016611734
13013,0.6157655160057616
13015,0.09431074487757485
13016,0.17543130690232672
13017,0.19240695172563926
13018,0.05890812694972612
13019,0.02585030140426949
13023,0.10656185385919573
13024,0.12590066139566486
13025,0.13332004113506854
13026,0.03396419199970839
13027,0.4213470646200103
13028,0.15162498991998
13031,0.10025728256497449
13032,0.26490033256535656
13035,0.08601021475583895
13036,0.27369200481888145
13038,0.19760404588095015
13039,0.0859392716370002
13041,0.5394774476588957
13042,0.22840133944355442
13043,0.03722106562458392
13044,0.07168120451717783
13045,0.30669667558497304
13048,0.13148539870958456
13050,0.23001500143785167
13051,0.5624481295227748
13053,0.0960081333036396
13056,0.27520314829140163
13057,0.6445545485554623
13058,0.2403992601532731
13061,0.019243678935076978
13062,0.1738869032323867
13063,0.056577689020234426
13064,0.07175269686978787
13070,0.07574525313468668
13072,0.3487762069022223
13073,0.5401710839959944
13075,0.014534094747476967
13076,0.06480215854117813
13079,0.19679370238125968
13081,0.0519753994958288
13083,0.17940430473146082
13084,0.7622024805274824
13086,0.26843979221442493
13087,0.2910088573411981
13088,0.04549374110958128
13089,0.01489526652731274
13092,0.5003462381839543
13094,0.11230540615038538
13095,0.22512167925462095
13096,0.060069641295702275
13097,0.35910497426304916
13098,0.09951796970310514
13099,0.1742887537132857
13101,0.7179827808300766
13102,0.0843242568545049
13103,0.039525642449233414
13104,0.0862987536004919
13105,0.08859610568747148
13106,0.3217943529962941
13107,0.4715087471479126
13109,0.03633657218722771
13114,0.1843374913994658
13115,0.20367665287849698
13118,0.09124957489509848
13121,0.18408095592323695
13122,0.11618195732233848
13124,0.11715217409902708
13125,0.1368201833143229
13126,0.3759943448138735
13127,0.030314194179742068
13130,0.2761786909298124
13132,0.11131202388012335
13133,0.33778827376093784
13135,0.16968199325651648
13136,0.2676580785857912
13138,0.026369274619291984
13139,0.06684590772854325
13140,0.1427861402446051
13143,0.09772796982589863
13144,0.0550730374319669
13149,0.23562994019869826
13152,0.3109320320772009
13153,0.09367571375001259
13155,0.08016853627100701
13157,0.3251933057697465
13158,0.04579478593800044
13161,0.10275007201413706
13167,0.18782653586851214
13168,0.3888339597215101
13171,0.07977699181729701
13173,0.7385501767592554
13174,0.46027151454602705
13175,0.13534651125122263
13176,0.36689504326677264
13177,0.2520541963731297
13179,0.37558136461748143
13182,0.1391341711433277
13185,0.6050854381937436
13187,0.062206581109243875
13188,0.2939492120235919
13191,0.0640988239681535
13193,0.06195952540042085
13195,0.07337370078482924
13196,0.27565233602791744
13198,0.1588063914040075
13199,0.026199296533019882
13204,0.03405329741777731
13205,0.04992277576865077
13208,0.13987498368527743
13211,0.17280044460764346
13212,0.3203702629757374
13214,0.1099265616635123
13215,0.0806416245238965
13216,0.07423348612434481
13218,0.5790227322181862
13223,0.10473056952055958
13225,0.08994617113678288
13230,0.2831231328062379
13232,0.8539736638278785
13233,0.301565304581622
13234,0.13573404173612535
13236,0.11067794320897802
13237,0.09289649440311025
13239,0.32771425083976613
13240,0.44226396566320836
13242,0.1619270861153083
13243,0.030502740825639113
13248,0.5350908249579112
13253,0.1296666284164451
13254,0.811440169351807
13257,0.08504845167684297
13258,0.11509387909065144
13259,0.667682039040965
13260,0.042633300591304595
13262,0.505614782769721
13264,0.057296680243535895
13267,0.2013242270189085
13270,0.19793609734233103
13272,0.053140490522678725
13273,0.21028430064269665
13276,0.25479906697656707
13281,0.3050705241877392
13282,0.21018167384431538
13284,0.02873585297738281
13285,0.22066162687089044
13286,0.08015076338424452
13287,0.17516093478010522
13289,0.07820685979947595
13290,0.7195786061863763
13292,0.773669312572438
13295,0.07322753456796226
13296,0.2226924184266586
13299,0.07618430471108177
13300,0.2116213439943547
13302,0.04120724702244114
13303,0.13360550013717745
13304,0.06087267457796741
13308,0.4106229043390977
13310,0.1966451991834666
13312,0.36864810152544975
13313,0.13584042031410032
13316,0.23357895150904967
13319,0.10387343595168577
13323,0.5153811037179431
13324,0.1045950595485569
13325,0.1906488926105017
13327,0.12496719957172236
13328,0.11336939042715823
13329,0.09411844307935045
13331,0.33119222266057763
13332,0.0456084720932522
13335,0.2852143876658096
13336,0.19095608875691264
13338,0.04154132558169486
13340,0.017677322578939114
13341,0.5070765390464251
13344,0.040628782657193475
13345,0.23784052282259982
13346,0.36316938777716323
13348,0.11851930690571794
13351,0.04190695201460224
13352,0.13163790072765996
13357,0.1407760043692984
13358,0.1804021932892576
13360,0.09777600350333084
13363,0.2573510362025809
13364,0.033368548711946264
13366,0.3497061883392813
13368,0.07980543340207978
13369,0.24336639179955374
13370,0.7592538868054458
13371,0.43039956419448233
13373,0.03465105690053394
13374,0.1723307209045771
13376,0.23554935910842012
13377,0.05454208935409278
13379,0.0838129672127575
13380,0.07952737497904047
13381,0.06354236983909779
13382,0.03279393065970741
13383,0.1756859588732502
13386,0.0870682485053882
13387,0.06882640271237486
13391,0.7677532247253064
13393,0.0499037324311404
13394,0.05071016148587696
13396,0.08422643222256644
13399,0.06506426187241583
13400,0.32467500678049027
13401,0.6814305022198455
13402,0.04517209294686977
13405,0.15416841738670278
13406,0.5021702897475641
13409,0.07619119634248556
13410,0.7717323571477813
13411,0.08509110632727034
13412,0.05883674801626265
13413,0.12940560784453126
13414,0.1614585295125497
13415,0.10222808714119445
13418,0.5985973119625022
13419,0.04540801268649683
13420,0.25050029930974466
13421,0.016364900918857218
13423,0.138913342984868
13425,0.2904781739048584
13426,0.2146380050892871
13427,0.06040519339207337
13430,0.09890548757707963
13434,0.14693304474290253
13435,0.09085532890848225
13436,0.05525119444651957
13437,0.2452307081144721
13442,0.2480335584391456
13443,0.17474168819011124
13446,0.035167864179153595
13447,0.16273737650179884
13449,0.3648739054133502
13450,0.03143955653428544
13451,0.8642009449984395
13453,0.6456055984846844
13455,0.4383613935438158
13456,0.4584306758130516
13457,0.17140704954333932
13458,0.11895473354337865
13461,0.2651095876904206
13462,0.08191271657935387
13469,0.6906163120832193
13470,0.5402066291455
13471,0.37339066167098856
13472,0.1470373148244878
13474,0.02917273063769217
13475,0.10072285552427797
13480,0.849499700551631
13481,0.027319453263366954
13482,0.14905357904216146
13483,0.06918788650821642
13486,0.11205265996917668
13491,0.02465437079673185
13501,0.45198043981280644
13503,0.19507927620772755
13504,0.27284976143004924
13505,0.47219139265961946
13506,0.09649862139492371
13508,0.2713511707291966
13509,0.5643080783111235
13510,0.13961477034154643
13511,0.5205947283827607
13513,0.05611828688090603
13514,0.049055879237952564
13515,0.1728931416097202
13518,0.03316208684214057
13519,0.21692324838419175
13521,0.03613685093077808
13522,0.03470466749645438
13523,0.06611553087041479
13528,0.2639667108136005
13529,0.8102714412690625
13530,0.27088573728457016
13531,0.3542355251099163
13533,0.09076338586142883
13535,0.06911048649789175
13538,0.07224316044095051
13540,0.1391491768204236
13542,0.2841183358824786
13543,0.03326090005423831
13545,0.061929820433219526
13550,0.06554103468186118
13551,0.1323123116593053
13552,0.1681259530145967
13553,0.0934125883767703
13554,0.051923525378121
13557,0.29768608575257055
13559,0.26249173732666736
13561,0.4575082852511574
13562,0.8032574435468501
13564,0.32189962274894124
13567,0.42313652657331724
13572,0.16124195371015435
13574,0.25616851325159984
13575,0.08027852803832258
13577,0.12144125722388845
13578,0.5529642160139316
13579,0.25229954138497973
13582,0.18260766981252596
13583,0.12456283036849629
13584,0.4436771871217026
13586,0.03977199394373828
13589,0.11810421835840981
13592,0.2528207659925405
13595,0.08645171985077844
13596,0.15196085876582088
13602,0.12963965937870675
13603,0.06056068020666957
13607,0.17375775810792474
13609,0.03878192907036748
13612,0.025461626164616308
13616,0.21496550774761916
13617,0.2134060489494948
13621,0.09286386870744982
13623,0.14214736161294794
13627,0.09067727277545405
13630,0.13909590735000588
13631,0.022827443798035106
13633,0.03454726854897208
13635,0.16720120797788038
13637,0.13460412723910004
13641,0.7024369224671119
13643,0.028699904929667987
13644,0.08710817317734935
13645,0.2987418040387378
13647,0.12728769944884602
13648,0.3502553925226308
13651,0.44346816900981373
13652,0.203538229538412
13654,0.6704329158760234
13655,0.23220621285683313
13657,0.057604220496645465
13660,0.025334665076990986
13662,0.028175499104809865
13664,0.1860249084378718
13667,0.09951418740672939
13673,0.22162516032319704
13675,0.5977066237837995
13676,0.09454138083852123
13677,0.6301261707797327
13679,0.23783745105010545
13682,0.07807739295678108
13685,0.17234977758696823
13686,0.11507957487948492
13687,0.190314291191706
13691,0.05307115059842784
13693,0.3956599101188294
13695,0.04761182886797364
13696,0.4660546248466429
13697,0.807951093644964
13698,0.12132274263842238
13699,0.1003651725988286
13701,0.2730163437595077
13702,0.029581701836487548
13703,0.20947044415218416
13705,0.013905441339217478
13706,0.14801476504868974
13707,0.06380218380155138
13708,0.0973542154275822
13709,0.10926758477862938
13710,0.043476546175708584
13714,0.22914057190747977
13715,0.3653313815364896
13716,0.11862069953392597
13717,0.39472130483888734
13718,0.6313633329864012
13719,0.30977284022764195
13720,0.8199723017916615
13723,0.11628167268198353
13724,0.1165454834378338
13728,0.20607448593419575
13730,0.12408921634420415
13732,0.08187169503357572
13736,0.24969584046607704
13737,0.7518092049541227
13741,0.07825116645793836
13742,0.05766816964852147
13743,0.11775202558031271
13745,0.6722324374239937
13746,0.33770910273651905
13747,0.06845556459471512
13748,0.08552557787455806
13751,0.05083798947526439
13756,0.030928529558336235
13757,0.20779510155810052
13760,0.5125651106147187
13762,0.10990118014855543
13763,0.04806572732594566
13767,0.06427216177252569
13768,0.1191447124527393
13769,0.043667239697853855
13773,0.7441516555154967
13774,0.20389144478345878
13775,0.13759099413541123
13776,0.183927808205961
13777,0.415084075526798
13778,0.05835934196442847
13780,0.25445351053148024
13781,0.2543416932219234
13782,0.15329922938081036
13783,0.779422780773598
13786,0.8174390286284687
13787,0.07485272172650971
13788,0.17528425924531651
13789,0.03345888065882636
13790,0.3530224850627095
13791,0.05275557715744827
13792,0.6832911766672876
13793,0.1441063380113836
13795,0.07163268762409623
13796,0.10778235199402841
13798,0.4493579325257174
13799,0.22023173390383624
13803,0.4175235955939425
13804,0.6531452761453576
13809,0.11919390934222251
13812,0.14685510743540725
13813,0.20355011289019326
13814,0.2225034927804063
13815,0.2151140611643465
13816,0.10064306245416665
13817,0.4028499983234179
13818,0.11276950322558865
13819,0.05701737281478162
13820,0.09638529334256622
13821,0.1273173336453063
13822,0.11160124005167182
13823,0.05303540281826115
13824,0.24146718090188016
13826,0.15037872467102012
13827,0.24735051464979718
13829,0.0865208769766471
13830,0.3730932714949311
13831,0.06423856417111538
13832,0.039524130853496806
13833,0.1400826853560481
13837,0.133749319605381
13839,0.30932018213176493
13840,0.1898708624963199
13842,0.09961684104668825
13843,0.5351196351879535
13844,0.15484404751975844
13848,0.7116995884986139
13851,0.08262075296843155
13852,0.24404454888252258
13853,0.03481596911067213
13854,0.036178747544970115
13857,0.2690169677893619
13862,0.08038796872940918
13863,0.0895542637699452
13864,0.066437546961691
13865,0.7457529455883615
13866,0.03285240603817545
13868,0.13368697675278352
13871,0.03307861410371581
13872,0.24557533183138636
13874,0.014975399360658984
13875,0.051023827494303654
13879,0.3820582721994512
13881,0.13810322696761523
13882,0.42551922172991175
13884,0.26715000913512565
13885,0.33770910273651905
13886,0.08168646604695719
13888,0.08782371382222327
13890,0.15447779152962118
13894,0.03920430140581758
13895,0.04073937681553669
13896,0.5393786780708256
13897,0.5936653334489043
13901,0.07185668219809106
13904,0.46426446920335457
13907,0.26243901181512436
13911,0.1328229806374801
13912,0.016829079025999734
13915,0.2353476193481709
13916,0.15551989435091262
13917,0.08341818548095276
13918,0.03173672921371012
13920,0.15983269969804922
13921,0.08413406517069764
13926,0.23897757429782746
13927,0.15504166274260298
13929,0.11475527996996064
13930,0.022944407346078607
13932,0.06698582105669436
13934,0.04162132670071569
13939,0.14893870756986727
13942,0.2312776937327062
13943,0.12826034556985064
13947,0.6005481975956588
13948,0.18434121025712197
13953,0.19271495741606856
13955,0.10236658008108494
13956,0.15915087881829784
13957,0.3393658727833136
13959,0.054729791998654354
13962,0.02010850451657113
13963,0.7386288751489845
13964,0.2095267394483715
13965,0.15474410086389653
13967,0.8553273394048015
13969,0.661465480034664
13970,0.04894729033160931
13972,0.1476628265673137
13974,0.47399291162208007
13976,0.1298830947125921
13977,0.11652588634686499
13979,0.05145685576974899
13981,0.10511992450253584
13982,0.1667728610207566
13985,0.13599392783171735
13986,0.24957133491113306
13989,0.1742638217187105
13991,0.158197402133102
13992,0.7163349562166026
13994,0.05544509332716336
13995,0.5722075197629797
13998,0.3038748390113837
14000,0.1312074511458019
14001,0.2638582597123986
14004,0.18760607256181724
14005,0.17185169211356605
14006,0.07963527108842046
14008,0.1566535936113178
14010,0.2714446732949908
14011,0.23176488256333286
14012,0.3105005962696958
14014,0.1266335370218011
14015,0.09508117121830996
14020,0.015981962427912482
14023,0.5424043539361528
14025,0.39649046813346706
14027,0.04170180857680044
14028,0.4336868495081105
14029,0.25947330881565306
14032,0.1769704427602458
14033,0.12159983965947908
14034,0.13299557805016587
14035,0.09494909004557125
14036,0.0922007116264067
14038,0.1027905114175681
14040,0.3385786616815592
14041,0.2017547658239268
14042,0.13262456351517515
14045,0.520409072916093
14046,0.2828159354463867
14047,0.10974044536522108
14049,0.455669251970364
14050,0.28333683309860763
14053,0.3625676456888159
14054,0.11064254087567213
14056,0.3071644789879137
14057,0.020920651212382804
14060,0.021875479333934026
14061,0.20011243915980534
14062,0.01741026320275819
14063,0.7942670494600548
14064,0.14289015491622648
14065,0.06067918095405585
14066,0.17323417037295707
14069,0.1626545590684927
14070,0.21089091213299183
14072,0.28106016276805934
14074,0.1654833773851112
14075,0.4078359195433736
14076,0.0422008498536228
14078,0.04708849723463437
14079,0.09245481108935866
14081,0.3008105894025968
14082,0.778740819415329
14083,0.22214020909714274
14084,0.09463927415961722
14085,0.7476885095442481
14087,0.4055272848542489
14088,0.08016530461743894
14091,0.08868113051027586
14093,0.11709649551810226
14094,0.011956788402591765
14096,0.10823085749909811
14097,0.7874618021892401
14100,0.055182450183922205
14101,0.08983763929376179
14102,0.0780131003277543
14105,0.2793301428111303
14107,0.2770026116579393
14108,0.05859922922817884
14109,0.2689760811972173
14110,0.13025503072563333
14113,0.023541748662688284
14116,0.38093240328108474
14117,0.08766079262764644
14118,0.36074278032330753
14119,0.060583546719223814
14120,0.08190798728830767
14123,0.11990607172567036
14124,0.06789414508468278
14127,0.021915649862435438
14129,0.2904807077295381
14131,0.08653297191658933
14132,0.13356200277548352
14133,0.6279269835305803
14134,0.02746070643892787
14137,0.21667145680802902
14138,0.10868369460604933
14139,0.31305018249365185
14140,0.5140833213375494
14141,0.2675548106427094
14142,0.3746264612974203
14143,0.15373300224887262
14146,0.026486570515038135
14147,0.2142324782516657
14149,0.39140660868942234
14150,0.05370075747497502
14151,0.3759260719989162
14152,0.35939830044552434
14153,0.05264399697603742
14156,0.21019676920728697
14157,0.03950719696134467
14159,0.2642114287220293
14161,0.3053849454944694
14162,0.28482737702115785
14163,0.3258664901498935
14165,0.030082533372022047
14167,0.20147951393666605
14168,0.14794178587481446
14169,0.11268618301522734
14170,0.3951183208112392
14172,0.1381204129798415
14176,0.027933437846844343
14179,0.35364348640325466
14182,0.2043183868936907
14183,0.07595112105294495
14184,0.01738030881102258
14185,0.19516507706230315
14187,0.25755545637531535
14188,0.07975038050425187
14189,0.09872365974739807
14191,0.3118040378377007
14192,0.5489222459997571
14193,0.0863474743748587
14194,0.19939834478394994
14197,0.036113067324534315
14198,0.17947976051951536
14199,0.24869816694126978
14201,0.25534996267872345
14205,0.23475290978294236
14209,0.051320051351407985
14210,0.014482153015815395
14212,0.06864064835200943
14213,0.05200615447740098
14215,0.31589316153268104
14216,0.25708215991225364
14221,0.8624868855624528
14223,0.3613428574955636
14227,0.46508010172873687
14228,0.09868624065931378
14231,0.10216560016181032
14234,0.5356998404895034
14238,0.2271561123391916
14241,0.03841983656727278
14243,0.02229666515868474
14246,0.07464685416029224
14249,0.14063701270302906
14250,0.040406343336945975
14253,0.10344892551852916
14254,0.12041258980682204
14255,0.3065273803299012
14256,0.0450316650722621
14261,0.06388774694085313
14262,0.42473180398616395
14265,0.16667996466312818
14267,0.03488712043489114
14269,0.3279810812824152
14270,0.08263512671647669
14271,0.2289461629823466
14273,0.13012216801089668
14275,0.214179565861982
14276,0.08002664427022674
14277,0.2746447695898903
14278,0.46044950294956327
14280,0.13146599540788872
14282,0.25819136894269107
14284,0.05848013765880538
14288,0.09510688533848073
14290,0.040631870634377475
14291,0.25588144980487276
14296,0.25330913974480307
14297,0.09523249376540768
14298,0.19850558055527026
14301,0.13047543254539543
14302,0.1039112239857983
14303,0.06088962776310389
14305,0.28055713068195076
14308,0.020978648946793268
14309,0.1058220468171654
14310,0.061874311019190754
14312,0.31161222712961384
14315,0.8424994993570114
14317,0.02912949995527006
14320,0.1366196361431695
14321,0.25359858262651425
14322,0.043545069686618906
14323,0.22909244225488076
14324,0.11659240049419686
14328,0.6417733742210948
14329,0.1793665270351695
14331,0.7637801257842806
14335,0.05285136772105604
14336,0.12267954237559253
14337,0.04490816308723012
14340,0.24011425176913695
14341,0.8141321469623531
14342,0.26232289159614197
14344,0.08839128606727376
14345,0.15272502442106212
14346,0.41785483161200554
14347,0.029312299746341267
14348,0.7149538377829725
14350,0.33330387916029947
14352,0.6298085987222874
14353,0.6273043643280991
14354,0.1053507750617776
14355,0.2897639416505601
14356,0.5049046028247202
14357,0.17235959417579247
14362,0.7923959055089657
14364,0.33296507090757127
14366,0.6285233559827474
14367,0.4079706656326231
14368,0.9237918028018968
14371,0.01856103438367407
14374,0.17993091817764878
14375,0.31802788386240605
14376,0.29700919631795963
14377,0.7827168945556859
14379,0.784527062962611
14380,0.0983192018307719
14382,0.01650054138310978
14383,0.09283772299972283
14385,0.08729543856033976
14386,0.4365550468895717
14388,0.10114763730269935
14389,0.10919242324846613
14390,0.048291977535311816
14391,0.038943118304353895
14393,0.780386389725276
14394,0.5267731686355315
14397,0.055312912275569955
14400,0.033550260039115036
14401,0.06671502753863082
14403,0.14580243548405483
14404,0.022120371086502312
14405,0.10904695379533413
14408,0.6548934072528225
14412,0.059456522139222576
14413,0.1343154414356985
14414,0.32821332233112716
14415,0.39114655577806834
14416,0.06596153060461996
14417,0.5611456257781721
14420,0.35335990055230354
14421,0.19601692073717544
14423,0.10190170861134748
14424,0.1395618657534253
14425,0.15236924928903847
14430,0.05877576583613791
14436,0.030782917100726136
14440,0.6808015815786745
14442,0.07810393738150141
14443,0.1930185191686971
14446,0.36123694950156504
14447,0.8664002782888247
14448,0.10169641056141965
14449,0.04007165970278626
14450,0.043421075545530534
14451,0.07217906231818827
14453,0.1619091656228628
14455,0.11278021657341471
14456,0.10609229085621044
14458,0.19988722809308193
14459,0.047810196245340386
14462,0.18255171880520482
14464,0.12182282420360056
14465,0.06146620427922289
14466,0.5572944528038605
14468,0.43799050530586714
14470,0.10312476566943125
14471,0.7117002027762495
14473,0.10304976880167499
14474,0.7208420646831936
14476,0.09005295574386446
14478,0.11361101645803787
14479,0.45463730183190754
14483,0.19803557849320125
14484,0.2978764516820951
14488,0.08232468680573905
14489,0.0700304094463022
14493,0.0707747578239815
14494,0.0912205214798601
14495,0.13207789205690232
14496,0.07378974907214822
14498,0.03126555246048359
14499,0.030718914973041155
14500,0.4695987262146679
14504,0.09120751258990835
14505,0.038412094075907434
14508,0.05194038014754264
14510,0.4320654968608399
14511,0.5635947063298704
14512,0.06590428969248803
14516,0.02322494634311131
14518,0.133705407472086
14519,0.7025282414837809
14520,0.3154800521932394
14522,0.36490446023577533
14526,0.13398129297716382
14529,0.06430327782212622
14530,0.2407533012266889
14531,0.16635926638871643
14532,0.1594688015654366
14533,0.06934875782972763
14535,0.11324781351437474
14542,0.7867013972461879
14544,0.14628050152246724
14545,0.20221291111061562
14546,0.1638464266413566
14547,0.49258289966932656
14548,0.1025210700919635
14550,0.3796144651144063
14551,0.10219180143630369
14556,0.09682877986383111
14557,0.13313483278727584
14558,0.38611478801938076
14559,0.1008819846518498
14561,0.10273051291561376
14562,0.23286100265353774
14563,0.589241811056401
14564,0.19970600725109902
14565,0.08020576355846407
14566,0.041228918665953754
14567,0.7199664839955565
14569,0.1406210670183751
14570,0.8547357597430816
14571,0.0191925988708068
14575,0.1126543066888967
14580,0.0884040074714134
14582,0.765366333790777
14583,0.041774383369859544
14585,0.1795146048990971
14586,0.2874818269947965
14587,0.47755305712691276
14589,0.7641428110336091
14590,0.1660148898028199
14592,0.12673817853839647
14593,0.08698896808020144
14595,0.14962269865484168
14596,0.146351752446258
14598,0.12517835589952034
14599,0.6272428427353309
14600,0.24604970819876737
14602,0.40474124271938805
14607,0.09910290032540092
14608,0.1627234851485672
14611,0.054240387194709444
14613,0.07678044484183473
14614,0.04112214679248207
14615,0.8191352244130957
14618,0.07133508080104484
14619,0.0657039503184064
14621,0.12284484601612489
14622,0.01874657587119024
14624,0.4068484216227695
14628,0.29386374979054974
14629,0.10532956028508461
14631,0.6729233735983845
14633,0.21323549189081642
14634,0.37401783291238094
14635,0.0542927563877231
14636,0.07797334708189672
14641,0.10300118163600647
14642,0.1812123414261443
14643,0.40407294054329224
14644,0.36995730577015623
14645,0.21135756026151106
14646,0.2249397553353247
14648,0.04233597499118639
14649,0.04314925445215192
14651,0.534300565107071
14652,0.10285833742481829
14653,0.8480125051118255
14660,0.19146484289074672
14661,0.16688475839867997
14663,0.020804105640976126
14664,0.15684582722792095
14665,0.16785713075550396
14666,0.10576721358309223
14669,0.1220224647944802
14671,0.06677798644099915
14673,0.075379130002663
14674,0.23956488680951527
14676,0.04386054843613481
14678,0.09268986381128204
14680,0.0581009348902244
14681,0.1287556199440212
14682,0.015734590360799827
14684,0.06543871950197433
14685,0.271910377699293
14686,0.11533979653865113
14690,0.06481728651428915
14691,0.10915717078991442
14692,0.8378686956180126
14693,0.43712590128798834
14694,0.10262793522082506
14697,0.06451992962165477
14698,0.7035098615500027
14699,0.07713136029521242
14705,0.0903413422989572
14706,0.21731431653547018
14707,0.723311051603914
14709,0.8199141001141583
14711,0.10691715065126793
14714,0.07897210618837759
14715,0.08498846365478831
14716,0.14092841571754355
14720,0.01736963499312905
14721,0.24997469281084136
14724,0.023332816937234213
14725,0.10317389875824813
14728,0.16242796282181257
14730,0.09487325879192657
14731,0.07538978469715231
14732,0.04245303085344224
14733,0.12026109639001106
14734,0.6872998257377954
14735,0.2223923211168257
14736,0.04186141414224501
14737,0.045574615192790546
14740,0.034456788764303914
14742,0.238858505959575
14743,0.049218781101360416
14744,0.027106817524852223
14747,0.2779502369809926
14748,0.10450269917606822
14749,0.15145874415082652
14750,0.27451378380534225
14751,0.08687968758690927
14758,0.5109262659332096
14761,0.6678687146729504
14762,0.22932179064294597
14765,0.07181601315899999
14766,0.03981570629676086
14771,0.11265449971793397
14772,0.2588761528103007
14773,0.24200022078817124
14775,0.033510138311359294
14777,0.03687083185549274
14778,0.09713086308385781
14779,0.6557193722331346
14780,0.1669253428426294
14783,0.30488596165482784
14786,0.2419414540487153
14788,0.03497270627765679
14789,0.6557232182728288
14796,0.25270481624440677
14797,0.6695805574847705
14799,0.19907603477512822
14800,0.1497415462609831
14801,0.19001193544901882
14803,0.27718099029060084
14804,0.2592987587192694
14805,0.24491783864284905
14806,0.8087224452406722
14807,0.11792140905708524
14810,0.8720513678262305
14811,0.38801696533304936
14813,0.23298709345606033
14815,0.18268945675304904
14817,0.19548258751454103
14818,0.19828018782027726
14819,0.12801213060238584
14820,0.23926229258426235
14824,0.07190205069534072
14826,0.213579916994283
14828,0.11241875200736107
14830,0.09461987844942132
14831,0.24534778204921978
14832,0.07546204382048802
14836,0.18856195934504064
14839,0.17370715098661071
14841,0.29100320663888674
14842,0.11714288010728126
14847,0.4131865236720794
14848,0.05288648644118184
14853,0.12405754950575318
14854,0.12680500661907826
14856,0.23516572358865626
14857,0.14085322126298522
14858,0.1697226214334639
14860,0.13763086937519306
14862,0.8442669175569508
14863,0.06835987338415143
14864,0.06637659442634836
14868,0.2670506822718247
14873,0.24944634872544785
14876,0.1457632302373815
14877,0.042620490706114185
14878,0.06858778790220105
14880,0.0359422713505322
14881,0.2982570482006711
14883,0.14748660654319093
14887,0.12054895665586364
14890,0.06073698680070675
14893,0.06370449258968831
14895,0.13677504728305231
14896,0.11056491775552536
14897,0.08579509353868542
14899,0.45884402562674664
14900,0.024672455410573498
14902,0.19063653817634943
14903,0.05654783950807132
14904,0.028591416412812733
14905,0.0873138522255958
14908,0.039755091803296796
14911,0.026913987613046066
14912,0.1750588102467219
14913,0.18664329295877502
14914,0.07282071654683382
14915,0.7883957683387033
14916,0.02276884423026742
14917,0.019904012561210157
14918,0.2804619758034215
14919,0.04370433786712838
14920,0.07879947975135906
14921,0.18077342160985194
14923,0.7365782570432049
14925,0.03327081954884101
14926,0.02861824487125989
14928,0.46262134730025484
14929,0.0883625340945124
14931,0.06733096913305575
14932,0.14746662761105667
14935,0.048311157016334205
14936,0.168190382694055
14937,0.08685752835146726
14939,0.08982297070971203
14941,0.1265727522140766
14944,0.17790931054703002
14945,0.15057632398827797
14946,0.08221131118664476
14947,0.27598635521651915
14951,0.8487687718046458
14957,0.19946270305782873
14958,0.1517409531193588
14959,0.02961239962410202
14960,0.26054734239896726
14961,0.07786750286698046
14963,0.06471956471855149
14966,0.2196398502465593
14971,0.08444480128198874
14973,0.29943090776753967
14974,0.870923298905177
14975,0.12116784075175091
14977,0.6631344729613509
14981,0.5908798268775466
14982,0.21411003058633857
14983,0.039496168964983
14985,0.1195078539041128
14986,0.2535881200131634
14989,0.1790820391765425
14990,0.3287101866548653
14992,0.31365988986055915
14993,0.1947470315220378
14995,0.21661253948739753
14999,0.08263723325633231
15002,0.19793569026150523
15004,0.30880271357222233
15007,0.1001924457317927
15009,0.6920882024492542
15010,0.3361924488474989
15019,0.3644495402286678
15020,0.05357089386995948
15021,0.7067905490343567
15022,0.03959728164091048
15023,0.1323692792478118
15024,0.06256787242813058
15025,0.41604902201669947
15028,0.02884532969792635
15031,0.5153381287250044
15035,0.0720620673538027
15036,0.2825117456405515
15037,0.10155479483787201
15039,0.12353036502568145
15041,0.14593382264119847
15042,0.11202314252279118
15043,0.3981994699565712
15044,0.12187892281372166
15045,0.017874451359752106
15046,0.2721446093070046
15047,0.042222845505663416
15049,0.06975905742441832
15052,0.06803352662332007
15053,0.18611767767791504
15057,0.6492027075133779
15059,0.051565672616313805
15060,0.11685151827248695
15061,0.6184962926300712
15064,0.08320381223020634
15065,0.0507178252920622
15067,0.07076846688319548
15069,0.04122207693512836
15070,0.08694217328067612
15073,0.1281616784130358
15074,0.1102330712165373
15076,0.0222067255885132
15077,0.6755419225017831
15079,0.04715315967411091
15080,0.12238488127510777
15082,0.09710945902622622
15084,0.01940472081392863
15088,0.4858622892038875
15090,0.19812421795891588
15091,0.35459756203510295
15094,0.0622498008429468
15095,0.1955764156140426
15096,0.18640403761617308
15099,0.2480606452011962
15101,0.5793315822092517
15102,0.20153384283123876
15103,0.2969387568101175
15104,0.03416149613636164
15105,0.1700701004352984
15106,0.05972385265337767
15107,0.10980512913885411
15108,0.02830434383295497
15111,0.4226428755853966
15113,0.16051870795335552
15116,0.13057548649181483
15119,0.18300211877338382
15120,0.6819973957135603
15121,0.10331606979977409
15125,0.04955753582546747
15126,0.03317025402078126
15127,0.38498575736001667
15128,0.11093368617863536
15129,0.28665992598755125
15133,0.006739252656403261
15134,0.057745510634550114
15135,0.2094124434801456
15137,0.36290802878788897
15139,0.8230142812670223
15140,0.17176405534014427
15142,0.07078096480236215
15143,0.08803625470812927
15144,0.02497564548842465
15145,0.03293667168956949
15147,0.8492815370759637
15148,0.026208536502747813
15150,0.11540720205072118
15151,0.0979681208462405
15152,0.6869503880917424
15153,0.282884287742502
15156,0.20269861238547002
15157,0.10269352761494821
15159,0.1592169852661605
15160,0.5592867618793288
15161,0.6031577028583347
15162,0.07044718527371442
15163,0.06702953700316641
15166,0.17683925601848344
15167,0.1308465449369686
15168,0.08325869556055443
15169,0.23224521659496827
15170,0.826383164182886
15171,0.035933623994902124
15172,0.03534259428455332
15173,0.21461109455689142
15175,0.22682626553424262
15177,0.06375712337640416
15178,0.18589022034712163
15179,0.10535846832165842
15181,0.5806779713450408
15182,0.18526958942738145
15183,0.16150085594363872
15184,0.09443837088832976
15185,0.7910073120990538
15186,0.6978767287011156
15187,0.053874378630341974
15188,0.6068152124253996
15189,0.03154106250503798
15190,0.25272137704545394
15192,0.1014420458780077
15193,0.08367301561108324
15196,0.11635868875271421
15200,0.08757394707450263
15202,0.785527984367494
15203,0.1983506037329037
15207,0.24587860012428525
15208,0.4568062412686922
15210,0.39989066834897263
15211,0.11280477010925054
15214,0.09016437749340984
15215,0.08227850721998523
15216,0.15633037881390274
15217,0.16173493083764767
15221,0.13204577327537959
15223,0.04805831425560537
15229,0.5933653467286131
15232,0.7951134244643088
15233,0.08317130572540223
15235,0.11885339708574273
15236,0.1224977025165096
15240,0.20889463696168317
15242,0.15293475710684568
15243,0.1326953596071815
15244,0.04743078360395884
15245,0.457483700151198
15247,0.017913236248381627
15248,0.14274340018747733
15249,0.049532311140354134
15252,0.6582711949800276
15256,0.1427933055318077
15257,0.12798602361455852
15258,0.1753395958453328
15259,0.26062189280197895
15260,0.14322879833665156
15261,0.06770755742935203
15262,0.04930365972744162
15263,0.24645583666119752
15264,0.10708574555429808
15265,0.09374139203051154
15266,0.05773573199058549
15270,0.052006660426126276
15271,0.11351890634673106
15273,0.21346510766291943
15274,0.11796074300371408
15277,0.047765380586900406
15278,0.05531623692492169
15280,0.6067805028350994
15281,0.05049583300023176
15283,0.09447486995820574
15286,0.1350010671480759
15289,0.04586218185927161
15290,0.4104325535314037
15292,0.12661130014325064
15293,0.08024092835520322
15299,0.07154142897010907
15301,0.26853107421160005
15302,0.07632120220946496
15304,0.05920184417828073
15305,0.1126892239013815
15306,0.13150778693514154
15313,0.164288107173058
15316,0.13090386854104585
15319,0.10744477452467197
15322,0.015908404511239718
15325,0.08505430557884425
15326,0.04958010792334454
15327,0.09506253517734782
15328,0.0661673902140564
15329,0.21827750406745172
15332,0.3966479350448701
15338,0.08896398509990262
15339,0.31006021830034286
15340,0.6145462356076332
15343,0.13654522168128563
15344,0.17295516216668694
15347,0.060011351704339924
15348,0.2497340678726264
15349,0.07552370765380113
15352,0.29835499432106777
15353,0.3601969520235709
15354,0.4043197469770498
15357,0.22861602402914621
15360,0.2070649362095762
15363,0.03944252840506186
15365,0.17506393724738825
15366,0.6002153744800561
15367,0.05132743448185272
15368,0.5164786747886381
15370,0.08201845739053568
15374,0.16421688025387005
15375,0.019623688052087498
15378,0.34304697384175686
15379,0.1418121882081878
15380,0.008639843277076908
15381,0.03247943695839031
15383,0.4210506176227194
15385,0.11268316583784996
15386,0.34535803860778913
15388,0.04334161301167458
15390,0.058838068696221796
15392,0.018937669266696766
15396,0.21583465718004813
15397,0.16558437580571572
15402,0.07340680147977993
15405,0.11481126108922778
15407,0.8592694783524935
15408,0.04887398350880689
15410,0.14087951567605783
15411,0.172418908124592
15414,0.10529646180941075
15415,0.282171108151295
15418,0.4055056205815679
15419,0.06866503914098744
15420,0.3502626520653366
15421,0.10424153210859126
15422,0.5325911558662483
15425,0.6465794589538573
15429,0.1062674968800183
15431,0.19607584509269016
15433,0.09100311651072772
15435,0.1901402103282334
15437,0.08620162749202367
15443,0.27329448734426437
15447,0.20555339460597172
15450,0.016933856772930557
15452,0.013988233493180477
15453,0.2040453414916438
15456,0.34197945067271923
15457,0.01581737815199739
15458,0.32329721167145326
15459,0.2968624400239792
15461,0.2061083717814703
15463,0.14392934291013504
15465,0.0641269715743809
15468,0.041071196466010366
15469,0.5125766840243865
15471,0.03286763010817926
15472,0.20815101501967168
15473,0.04371842769004136
15474,0.13243693461307174
15480,0.13037240951202264
15481,0.8108366749167952
15482,0.02797212607702783
15483,0.07404299346965505
15484,0.30997779316230295
15486,0.06932455999645323
15487,0.06428807543935029
15488,0.2849661086969517
15489,0.25275844954919013
15497,0.1747204477622456
15498,0.46643818969557027
15499,0.08019330646387592
15500,0.22143353235637175
15501,0.626024586360862
15506,0.4184241608100666
15512,0.16825013525592086
15514,0.041399347086992125
15515,0.05498438377507209
15516,0.1971325748712867
15520,0.4231259821523552
15521,0.0634893403344444
15522,0.2573230252854356
15525,0.3553011395110571
15527,0.29308183910241264
15528,0.06579496609882932
15530,0.08324976180905569
15532,0.5315455460873653
15534,0.05757831661753178
15536,0.2296543220595577
15538,0.15078584546666823
15543,0.26418036430640307
15544,0.32216672776500394
15546,0.7955774541315942
15547,0.11787710530411243
15548,0.08989793635422472
15550,0.03346416796045857
15552,0.26499827678736876
15554,0.10415704430180409
15557,0.1548198553191009
15558,0.04456877999870873
15559,0.673218416497438
15561,0.06201017707400279
15563,0.05353366939413629
15565,0.21092839834744356
15566,0.3738660970476824
15568,0.0543621582664392
15570,0.03085187649395324
15571,0.8391646665952963
15573,0.09766228301568038
15574,0.44019137270917824
15576,0.16503903302461675
15578,0.2159260821246935
15582,0.09996302327171987
15583,0.12895624166512493
15585,0.021756311943619454
15586,0.8098423252875728
15588,0.10428208803302061
15589,0.11199449799039865
15590,0.03702401385236013
15595,0.08016566893795281
15596,0.041836198968569265
15597,0.09604791994666538
15598,0.5759425981012829
15600,0.5995733952521478
15601,0.24437875858716981
15603,0.5264984900231261
15605,0.1899445441691641
15606,0.20136049029138672
15608,0.026172565892656777
15609,0.1055186517392202
15612,0.08796194173198454
15614,0.08961234260533721
15615,0.6961296055222935
15622,0.023102073357311122
15623,0.12090142526442649
15624,0.3032752143384591
15625,0.19754604147580934
15630,0.5628412622206506
15631,0.04475022167972807
15632,0.027937092417076547
15634,0.0845345156301934
15638,0.07436600346600432
15639,0.2476573892935973
15641,0.05509783956921574
15643,0.14057942866183898
15646,0.3423253420266053
15647,0.05297950930256236
15649,0.16303964654793457
15650,0.12068292967733522
15651,0.06355153800454147
15652,0.5469768819519627
15653,0.23709139727928125
15654,0.25752291340127825
15655,0.29262318799662934
15657,0.012536051225244323
15658,0.017695717366933518
15659,0.09226536891903846
15662,0.05848946098334311
15667,0.11181180252499179
15668,0.015659956492628954
15669,0.021817600677675457
15675,0.25005122913519684
15676,0.38313824125617973
15678,0.32751586885296713
15679,0.07151384950369077
15684,0.35225800317730044
15686,0.4327617257160426
15688,0.11290503967791864
15690,0.1407634666147351
15691,0.3453871973812466
15695,0.16954488124388
15696,0.1154194837249635
15697,0.12554698694963887
15700,0.4718847885556324
15701,0.7312368601108542
15706,0.14634627167452005
15708,0.37059411053984426
15710,0.1019914468235307
15711,0.30492951070588903
15712,0.06949933462886113
15714,0.07564763508697754
15715,0.01604049233196845
15717,0.12508815329043105
15718,0.058722652197262436
15719,0.5878914298610569
15723,0.27352537977515473
15728,0.32712399834878
15729,0.044156551941632274
15730,0.1278879153081158
15731,0.2622292900854924
15732,0.24872437451990242
15736,0.3521949100170836
15737,0.14179091987468836
15739,0.20892415736802714
15743,0.035341251354564555
15746,0.04206060934975798
15750,0.10356068445064825
15751,0.1443839862979753
15753,0.6387191724325287
15754,0.10697502131743947
15755,0.06574778127871071
15756,0.15887849450251626
15761,0.5778831427444232
15762,0.10800911876340454
15764,0.7716893818742928
15765,0.12602516736229893
15766,0.800393133509992
15767,0.5657470359972191
15768,0.24516306514969513
15769,0.09894251515818465
15770,0.289109160718309
15773,0.5245667758348886
15774,0.023842501089304337
15776,0.28846610164145986
15780,0.11745539698036864
15781,0.08965397311136727
15783,0.185302039961395
15786,0.11570192833969073
15788,0.13966457088411222
15790,0.025926061043107802
15796,0.082318874491466
15798,0.13546848498443667
15800,0.4145312011423618
15804,0.1228885740552411
15808,0.07604622307810853
15811,0.4268307413664981
15812,0.11978279840728727
15813,0.11489309227413606
15814,0.13694490635825016
15815,0.46638128012611674
15819,0.044116525556417596
15821,0.7088791146026603
15822,0.10366300663966502
15825,0.5502434623425541
15827,0.7353023325045889
15829,0.018114257801095504
15830,0.07252004942498166
15831,0.037948403738180626
15833,0.05876187548320528
15836,0.3531913614451283
15837,0.19261473608236787
15838,0.05090822238135195
15839,0.031720177743638424
15840,0.1333695832125965
15842,0.11782459963004495
15844,0.7737905983114761
15845,0.1536117560721838
15847,0.1525265249669747
15849,0.06229128451324098
15850,0.18576704130816615
15856,0.7191505678574359
15857,0.46831647152990874
15859,0.15897244660597934
15860,0.09080371679995766
15864,0.3446241352451584
15866,0.057135839760549
15868,0.6563076556023426
15870,0.020081387455413286
15874,0.0723467789416885
15875,0.14663902772012471
15877,0.054598680601806136
15878,0.3844430453619846
15880,0.09308537567068573
15881,0.0952330435828039
15882,0.13448473721889942
15884,0.2063624327881983
15885,0.09262878954830972
15887,0.32022959526517686
15888,0.029826278346640873
15890,0.13279400934793256
15896,0.3256658401070785
15899,0.40656258706928944
15901,0.13422404514063466
15903,0.24102801436499183
15906,0.07008120014850437
15907,0.027660039691304057
15910,0.5805845579761764
15913,0.18156598909728114
15915,0.31532901202425184
15917,0.19435092347768543
15922,0.0927597267551583
15924,0.021850136937691736
15926,0.26198882159075004
15927,0.016426421201950456
15928,0.08211965132421715
15930,0.7914469078063975
15931,0.059407992995444296
15932,0.05920219919619256
15933,0.12142082284507182
15937,0.12383580707017185
15939,0.08354896124692444
15943,0.049652029575161266
15944,0.06326486977922494
15945,0.18465012162998132
15946,0.022988778415305236
15948,0.76470343869316
15949,0.059512192900903836
15952,0.07497096258583259
15953,0.019360381298485028
15955,0.7536698374689148
15958,0.7900767009672823
15959,0.11301381213330357
15962,0.24146339169791364
15963,0.20660853980733887
15967,0.3345804753129233
15969,0.12224574685467485
15970,0.5749594647058964
15971,0.1611786014733974
15972,0.0451222006152206
15974,0.41408778359482845
15975,0.2263497144798073
15977,0.3489027805630446
15983,0.3768011269170372
15985,0.07928025998424147
15987,0.07682684870736542
15990,0.060952663749929
15991,0.09238002945993977
15992,0.29033592365563315
15995,0.3091375738878416
15996,0.040439776705290545
15997,0.08815484435701544
15998,0.17062014733824513
16001,0.8564328694284244
16003,0.3359892035138609
16004,0.05440124762595819
16005,0.0733395233630496
16007,0.1894658939236362
16013,0.09628712028207516
16016,0.13286696880988452
16017,0.7706133921923027
16018,0.1264451807517858
16019,0.025001140411438937
16020,0.09102502997064013
16023,0.10932203901263489
16024,0.146026312902803
16026,0.46467866782247824
16027,0.8502272700371026
16030,0.4258747632905949
16031,0.014792721693751728
16034,0.23391064275154969
16035,0.1379759632740827
16039,0.5828677140037656
16040,0.8427801957332164
16041,0.11595100801147211
16042,0.06517816427412008
16043,0.3169945083070833
16045,0.2809498080490771
16048,0.4059546283109532
16049,0.13612043383347655
16050,0.5618176021988083
16051,0.06021842711560047
16053,0.6010832419680394
16055,0.04106758040216765
16056,0.06312339813881163
16057,0.10736198729213785
16058,0.06932462358180688
16059,0.07954359899817427
16063,0.07489428312222415
16064,0.41299855587320794
16065,0.35995939575166563
16066,0.04732643635148132
16067,0.6583686018608875
16069,0.204871128516749
16070,0.15095851836665697
16072,0.04639832463554097
16076,0.5828949009635317
16077,0.1161205539403515
16080,0.06103248632322863
16081,0.03889041475054557
16085,0.18488775530295215
16086,0.05995443118247845
16088,0.11193089290173897
16089,0.05336476838372337
16090,0.5889107674964527
16092,0.7552488270404891
16094,0.056481228906379244
16096,0.3399189393493583
16097,0.33148354735411784
16098,0.5410770575686485
16100,0.17067147403510838
16102,0.03250567919413386
16103,0.02093431117662064
16107,0.10982586806966814
16108,0.6187382590947479
16109,0.15399197228930298
16111,0.12311251113734042
16112,0.027581818574128017
16113,0.12850878754076656
16114,0.04659339011000678
16115,0.04457709217545914
16116,0.4741375405645886
16117,0.17183068641019164
16118,0.03003790648372409
16119,0.19898820270086603
16120,0.1049573880401357
16122,0.46067152832677416
16123,0.009663933602637537
16124,0.15191202810186963
16127,0.9065252171074016
16128,0.2194358469819795
16129,0.04189632887898366
16131,0.13555097154082377
16133,0.6312663013999565
16134,0.2535114338438978
16135,0.237733444732026
16136,0.25155090854594336
16140,0.07365814721310429
16141,0.4961840881976773
16142,0.6280043374627556
16143,0.043844622159940484
16144,0.04256650747269632
16150,0.09421544582947511
16152,0.21863381049270014
16153,0.0795616127705592
16161,0.07011899004736864
16165,0.14431187479383292
16169,0.1171588079267973
16172,0.04815699387954706
16174,0.18231177698216908
16175,0.08274480827167867
16176,0.05651445243233643
16177,0.16670646163797231
16178,0.7737502196649307
16180,0.11820400913914365
16181,0.03705967266932836
16183,0.03411147075034988
16184,0.16159014075802208
16187,0.1170525792607224
16189,0.6443034619698075
16190,0.032328928073929196
16191,0.3597252560083406
16193,0.02385125206537115
16194,0.01800002960030884
16197,0.04768231382704952
16198,0.24255943450103298
16201,0.2828159354463867
16203,0.15080741043256307
16204,0.13458804305335234
16205,0.10826526479123909
16210,0.7385477132614474
16211,0.21138842675103575
16212,0.5456432273920447
16218,0.16356364807690735
16219,0.17531888986256824
16222,0.12214455201779963
16223,0.8627469730121734
16225,0.3256485754571309
16228,0.35639490168452126
16229,0.8012181485645635
16230,0.057852327237965004
16231,0.26847290970918275
16233,0.030224579125833036
16235,0.1281039035972476
16236,0.7216280662981303
16238,0.8410244628866708
16242,0.02600888948415288
16243,0.11650282426553374
16245,0.1327496216848746
16248,0.8318732732874698
16250,0.1261016030095186
16251,0.27403022011194955
16252,0.31436675076183
16253,0.05410642696882621
16254,0.06121375994135445
16255,0.09769113530910478
16256,0.32986771838247353
16257,0.2496907617709232
16259,0.4315077470982295
16260,0.7104432809413034
16267,0.06357859175252326
16268,0.09469877602162417
16269,0.008809959505851873
16270,0.039729832708159094
16273,0.17831761809725802
16274,0.09339760592807171
16276,0.12997329716402028
16277,0.058265104427360145
16278,0.04828822547371773
16282,0.33071398140693514
16285,0.6784286941305592
16286,0.2788386387917914
16287,0.6645765723162578
16290,0.44540874854761964
16291,0.32078683298375
16292,0.11274101322257625
16294,0.11541234049500836
16296,0.21697627700364833
16302,0.2973046072523746
16311,0.08158229461693478
16312,0.15802342658286875
16314,0.21201969863128262
16315,0.07655324003944788
16317,0.05829526040615972
16318,0.0592295035905948
16319,0.08985267383054486
16321,0.05864326966738192
16322,0.19385667308614465
16325,0.13112058322354989
16326,0.5158835510615427
16327,0.043478809484474086
16328,0.36425614291957437
16329,0.28280567906586035
16332,0.12079412824018528
16333,0.13789611974878324
16334,0.1496237471918065
16336,0.40493981993671846
16338,0.2101573724834856
16339,0.10290925566228451
16341,0.06951597014950778
16342,0.0989711835325663
16343,0.07989392676316812
16344,0.17174933051450245
16346,0.016999355823954124
16350,0.10732217949589787
16353,0.2746221290358193
16354,0.08578015906022513
16355,0.023917892041286665
16358,0.5819833449789967
16359,0.20764641138194675
16361,0.24838405663184737
16362,0.0776396375286962
16363,0.3900926615949679
16364,0.09793475025592718
16366,0.12350151426924375
16370,0.019722717821979662
16371,0.08788068809208492
16373,0.15021137129491285
16375,0.8287416446465995
16376,0.6340725658966389
16377,0.8495313052530375
16378,0.048497812868868014
16380,0.44250855124388105
16381,0.27564062569665804
16382,0.13716627642843976
16383,0.2908164871411912
16384,0.19993465588721918
16386,0.05867670987818747
16387,0.25273873439110034
16390,0.38785860435910163
16391,0.13260940219409137
16392,0.13323700878625952
16394,0.13543439643448227
16396,0.03443184136963202
16397,0.73215398396652
16398,0.10505917828763334
16401,0.8427482698187145
16403,0.06976021960727068
16404,0.4708549850136178
16405,0.2296794726397936
16408,0.2536261028502796
16409,0.08291203181297967
16413,0.2213736709728017
16414,0.4153394499580999
16415,0.11144034675514519
16417,0.25332419631184244
16418,0.15319803531334722
16419,0.04942841901463246
16420,0.1855922846164381
16422,0.14343809153033327
16424,0.3377744295315368
16428,0.19173262403914978
16431,0.026242797871079547
16434,0.12700676697253416
16436,0.1303179408155571
16437,0.1864812368296656
16440,0.3536629008228796
16447,0.16831785086212
16448,0.21395384371685774
16449,0.08082090376320743
16450,0.07278688396103172
16454,0.22890908147194805
16455,0.8664498767688529
16458,0.05771453757018848
16460,0.619825350145256
16461,0.09264661193580848
16462,0.876968692514689
16463,0.18828848002742876
16464,0.6924920193921935
16465,0.08179559345417665
16468,0.42012104129785227
16472,0.05208665494087916
16473,0.12378046949279198
16476,0.5726755516919029
16479,0.48111870797650863
16480,0.6618232304104131
16481,0.42128104196779026
16482,0.06858699585338954
16483,0.10410664830251584
16484,0.1067334319706855
16485,0.06908161389674501
16487,0.11009214256755064
16488,0.7210992346231503
16489,0.17883051664617527
16491,0.34659648177424063
16492,0.25584856950312607
16493,0.05263645778486299
16495,0.13969129030553878
16497,0.3365360449018001
16498,0.5181572645000073
16500,0.0637836010501554
16502,0.22345650206609313
16507,0.4792897785097272
16508,0.7599812381389283
16509,0.22911156938658123
16510,0.5641531458988688
16512,0.812482531303733
16516,0.44786971902892225
16519,0.13095530517182
16520,0.484972955439498
16525,0.46878244717822665
16528,0.05655563860438869
16530,0.029497222277264264
16533,0.1861042071727837
16535,0.14062978189175399
16537,0.016607305499410398
16539,0.31184774912326946
16540,0.22663514685985092
16541,0.6021821635537633
16544,0.6502554700384652
16545,0.1196278058807005
16546,0.12621090999977194
16547,0.1326181087268316
16549,0.43270354746651807
16550,0.33183443000210006
16552,0.07774001839152551
16554,0.378263781774141
16555,0.8561572788992512
16556,0.1955280306974219
16558,0.0778134674884911
16565,0.02036250706449349
16566,0.16809527944347308
16568,0.38275920741973213
16569,0.4209828355680097
16570,0.07305522597717999
16571,0.12577723076691633
16579,0.5384513241379311
16580,0.09754795254525107
16581,0.0937586540137132
16583,0.13429491510036973
16586,0.018760241579506568
16587,0.048990247537786726
16588,0.05204732307869872
16589,0.05674748371806474
16592,0.2747767586486183
16595,0.45002627117448396
16598,0.018678313811795248
16600,0.07201430012864941
16604,0.22155113792686784
16607,0.21574615177691486
16608,0.3753343114836232
16610,0.07389043440808027
16611,0.34098194920744385
16612,0.3836302063906497
16613,0.6665637207573993
16614,0.067464168956647
16616,0.33493106544717893
16617,0.4770529892301049
16618,0.0637584946153396
16619,0.03601438656912785
16620,0.20585441359548545
16621,0.6471145233097849
16623,0.7321815218502871
16624,0.11411428988938875
16625,0.04904456368335448
16627,0.39666107254800853
16628,0.03672660225376911
16629,0.1921347254299516
16632,0.5202789220736522
16635,0.6369222243119038
16639,0.07690781591364768
16640,0.36833683333008943
16641,0.6374631240366316
16643,0.6130950266332292
16644,0.28518828463362256
16646,0.1669501969859576
16647,0.09159118824881911
16649,0.20718835478763456
16651,0.22088364852508974
16653,0.12249176678693886
16654,0.06449135334180478
16655,0.125342473907382
16656,0.07916766557599424
16657,0.17038493831775936
16658,0.03368284811825347
16659,0.22327785683036766
16660,0.068029333715468
16661,0.07693536931540616
16664,0.15075077549844876
16665,0.22698300537064703
16668,0.46334311173147885
16671,0.17751079245057438
16673,0.37209585830136677
16674,0.05894023505854758
16679,0.5532985582281802
16680,0.48674360128517896
16681,0.13985656138437402
16684,0.7252404732312528
16685,0.17731959414169138
16687,0.35692698385521837
16688,0.08121993725938394
16689,0.5577693796600776
16691,0.7195977644170988
16692,0.06203737396622976
16693,0.025878292953902305
16696,0.3387039581625422
16699,0.17508491320995376
16700,0.7957550102806359
16701,0.5477509269950706
16702,0.02084589141617332
16703,0.15845150855728646
16705,0.8096024688454251
16707,0.1201273048139652
16713,0.19629571291424902
16716,0.051808817012135924
16717,0.11129561062503335
16718,0.4081779736759646
16720,0.01652621789459863
16721,0.1779511745456829
16724,0.05410482890352073
16725,0.04855863179301242
16726,0.047503766491225605
16727,0.36277211395644215
16729,0.1852960823165959
16731,0.1555962845124338
16733,0.7547872598421904
16735,0.3820591739128418
16736,0.052835791578565924
16737,0.0924863989021341
16738,0.059076881622661406
16743,0.4567104376681181
16745,0.11024236748568961
16746,0.04679032796514341
16749,0.8283134572123521
16750,0.2422556258764224
16751,0.16292343363329395
16753,0.11426113702531757
16759,0.12544377899793535
16760,0.10916997336975967
16764,0.24508934608465127
16765,0.8524026947168569
16771,0.6731469875331456
16776,0.04244585364809977
16777,0.41066995223075575
16778,0.07393562611332573
16780,0.27566033857100564
16781,0.13386290463753742
16782,0.5849509926896629
16783,0.29466458402595985
16786,0.5879370434561866
16787,0.13748700665240693
16788,0.28002239585613076
16790,0.8515709294158808
16792,0.08474148596269
16793,0.5340984991501616
16795,0.10813171252418954
16796,0.03577580211912482
16798,0.05801404363056515
16801,0.16607562251242722
16804,0.031338764444907366
16805,0.3131818315371055
16809,0.07078847637965954
16810,0.022774056235249203
16812,0.072722666454344
16813,0.8310137925979639
16815,0.11462113419029454
16816,0.17728567441432241
16817,0.14769029382681662
16819,0.12626100428186715
16822,0.10279573096207259
16823,0.8180481084723041
16824,0.07343746545309562
16825,0.21115909004130937
16827,0.32447067601846585
16828,0.06397567051437288
16829,0.059075730839231046
16830,0.09533817578379657
16831,0.2625371941340975
16833,0.8194331664739563
16838,0.16052707386468634
16839,0.8841874723088515
16840,0.472286900413385
16846,0.4479710348655739
16851,0.11003628660518051
16852,0.16634175205840304
16854,0.8107272050251754
16855,0.48118551212227517
16857,0.7661731300724836
16858,0.08234826078952527
16860,0.10583127370674224
16861,0.22241094058892943
16862,0.0357878546658105
16863,0.15710675870254348
16866,0.11735862732463961
16869,0.04987282998025466
16870,0.5337160179886183
16871,0.37921761357187056
16875,0.2275554407229429
16877,0.0502331167257409
16878,0.153873152798297
16879,0.048883510661932215
16882,0.13768501992331653
16884,0.18847214229743167
16886,0.32630330229694965
16887,0.16204154223934303
16888,0.10335943861360047
16892,0.16059238102321602
16894,0.09161063421152586
16898,0.011063582788005073
16899,0.08192443916815513
16900,0.12277054473300295
16901,0.41524954870613695
16903,0.3835264936113873
16904,0.12123726773364336
16906,0.07364449594137316
16908,0.13707778915501612
16909,0.75519451713813
16910,0.163855815502987
16911,0.10394089401160525
16912,0.16923185461956752
16913,0.2685460014051885
16914,0.08278067400392873
16915,0.6381008566813872
16917,0.11292792587566847
16919,0.19354347890882156
16922,0.13594761699877012
16923,0.4018969235644374
16929,0.12807770297123916
16933,0.8701425695362631
16935,0.11911028411324813
16936,0.20066749716218296
16938,0.6686094577196975
16939,0.1317659064540796
16941,0.08459567717633831
16942,0.6702976092988301
16947,0.5169808828533227
16948,0.1821388527865294
16951,0.6263336483382179
16954,0.7715025362387096
16955,0.2791029970339696
16956,0.2650761206965868
16958,0.0176197747084312
16960,0.1623108800822114
16962,0.09659463013450305
16964,0.8925573496544456
16965,0.06441012666215223
16966,0.06102932074607524
16968,0.3706867847580445
16976,0.09676144881606769
16980,0.3376662417970448
16981,0.09193618680734787
16983,0.23494610383555134
16984,0.07042436000907609
16985,0.07958651483981016
16987,0.08424339272307409
16988,0.5293415305503432
16989,0.3595677815937142
16991,0.19196234453255168
16992,0.7047046095251852
16993,0.09152679674830484
16998,0.04365318114568663
16999,0.21123004164972173
17000,0.06790770583322203
17004,0.16207176772257353
17006,0.18918104994881316
17007,0.2372166844339585
17012,0.3321397433092907
17014,0.07109786968454153
17015,0.18638568315588724
17017,0.069840346954722
17019,0.087528400558492
17020,0.42948499808393553
17021,0.7521624850958964
17023,0.18308688914811372
17025,0.07407458163173754
17026,0.5392699366443126
17027,0.08216555612405795
17029,0.0519439365771144
17030,0.1722274944137789
17033,0.32305396532585345
17034,0.8560805640851681
17036,0.06575861672616583
17037,0.08371030607403321
17038,0.1854726296563801
17039,0.059878979769154406
17041,0.47378219166745567
17043,0.046800935494177076
17045,0.2142504206520167
17046,0.23634421248582546
17050,0.7802554047035971
17051,0.6700382615305011
17052,0.542560190479175
17053,0.6155861394559908
17054,0.2530174732288889
17058,0.659041684080847
17059,0.17556784438935624
17060,0.70889312751578
17061,0.19168788415471974
17064,0.15898626963698145
17066,0.08561104945096035
17068,0.04169834503449417
17070,0.6553990218105947
17073,0.07017556101516462
17074,0.2525096172155219
17075,0.3339249868127357
17082,0.16122551167861576
17084,0.4058045520943815
17086,0.5861121450703504
17087,0.6202047262694537
17089,0.32913742413151414
17092,0.6443533979081345
17093,0.060079147972651514
17095,0.03611020127520324
17097,0.08915690694393578
17100,0.07032153361783536
17103,0.13810737248345484
17104,0.2563981043298475
17105,0.04364629327763847
17107,0.10981245561000236
17108,0.16955474681006358
17109,0.024415130341799797
17110,0.11114352733426723
17111,0.18558890252566845
17112,0.40622250592722486
17113,0.1310038745287005
17114,0.15123110959446948
17115,0.2553684611547231
17116,0.24088844377963153
17118,0.12671927398097896
17119,0.10230997823182733
17120,0.05541881150902492
17121,0.13477445673679064
17122,0.8431318072100034
17124,0.09115901724132132
17125,0.08840169461024361
17133,0.1277124326627904
17134,0.6422642128288084
17135,0.07110836697797109
17136,0.11037728883863958
17137,0.023897487931589155
17139,0.4579286500292416
17140,0.3197298806412183
17142,0.20813737599705562
17146,0.0386829454157949
17147,0.17189902539953053
17149,0.5635877490931792
17151,0.09833545466666015
17152,0.06911898491025548
17153,0.009212218973445102
17157,0.01960322121587855
17160,0.7260349884078804
17166,0.24659585968459646
17174,0.1558791173551539
17175,0.8011208620361218
17178,0.15750167582084068
17179,0.026382622217427137
17180,0.07672044332140075
17181,0.8085178137467056
17182,0.12020731612258198
17185,0.07480638636710245
17186,0.05662341352198913
17187,0.040253614926921054
17188,0.3477287841142557
17189,0.5580017408898134
17191,0.6758106563988985
17192,0.7236232277856214
17194,0.12325660231319559
17195,0.09117646817163075
17196,0.11777656579796325
17197,0.1134126722508137
17198,0.16169623267006097
17201,0.2748935863242685
17203,0.10546142198107444
17204,0.7504230977886401
17205,0.04720439680655263
17207,0.2272476547768343
17208,0.7793046268082668
17209,0.46471802055446365
17210,0.15986408199927787
17215,0.06221383127790309
17216,0.2596605838842033
17218,0.09774583983977506
17219,0.38920754612675906
17221,0.14810161469561162
17222,0.12766602281780062
17223,0.06349959068687569
17225,0.24750480669382874
17228,0.09373461911994373
17229,0.05439998965322354
17232,0.28445619475176953
17235,0.7707680203632981
17236,0.7280579374267991
17238,0.039186329221110004
17239,0.3083375096453275
17242,0.15318570913606092
17243,0.13837817880935888
17244,0.23253089421895196
17245,0.8210262612062237
17246,0.18387726404006766
17247,0.39621832402457624
17248,0.8294563519352236
17249,0.6763673694027358
17250,0.06805479796560003
17251,0.10800693072823037
17257,0.48512374098726024
17259,0.2525950948695973
17263,0.13286678578231872
17264,0.0517446204434333
17265,0.1127179693260461
17267,0.10003285098248478
17268,0.11802513013878611
17269,0.3439713118677474
17271,0.04806493376900736
17273,0.030446812670051733
17274,0.20628984532951009
17275,0.09082069599365791
17276,0.11185620101210594
17277,0.17272397542771378
17278,0.07840958012983124
17281,0.24688763870497576
17283,0.31867116796791456
17284,0.10751363615637438
17285,0.45783189488820003
17286,0.13892557030452227
17289,0.10980683855712349
17290,0.5479644441764557
17291,0.16219081422065548
17293,0.052662279298612336
17294,0.11830088029120624
17295,0.654456185516116
17296,0.06285899461040244
17298,0.07287877576034518
17299,0.04483779265336848
17301,0.1658534508694233
17304,0.6394776811705195
17305,0.5825042508244416
17306,0.21797596232804134
17308,0.18391152838345348
17309,0.02150757169851507
17310,0.7848952670674063
17313,0.06638059101417967
17314,0.08913194451666771
17315,0.3801233196558131
17318,0.1621397789720881
17319,0.7957250233978808
17320,0.5642649136117646
17321,0.1418132169330199
17325,0.5620500777698563
17328,0.03158035554897316
17329,0.17607371510760667
17331,0.17374724584528803
17332,0.5782475440839203
17333,0.13383592099223884
17334,0.059084751466459286
17335,0.2265924899932631
17336,0.06801883031599776
17337,0.08498844529924146
17338,0.1068097530699893
17342,0.079070117755752
17343,0.1934931307209343
17344,0.04798483388389579
17345,0.02346208447976422
17347,0.03701756131437677
17348,0.043586460931966914
17349,0.031130522926362963
17351,0.04229439322237557
17352,0.6581328902091738
17353,0.11844981332494238
17355,0.20050599545391778
17356,0.10157471885833187
17357,0.03606977269569644
17358,0.19573534061343054
17359,0.7430003909467509
17360,0.053317953511974575
17363,0.3479333886237404
17366,0.05127401806006108
17369,0.41542595293042817
17370,0.18757552105085734
17372,0.08809144159001564
17374,0.24079332351477198
17375,0.7075139138022155
17376,0.4771315454890428
17377,0.09575782117826911
17379,0.1556895023912987
17381,0.03409246245409053
17383,0.1662464375993875
17384,0.0567937263649689
17385,0.3531100415346096
17386,0.03475592167947181
17387,0.6194937497551892
17388,0.07496744925481272
17390,0.09934560148179324
17391,0.397674992673881
17392,0.07631568369184324
17393,0.08111001425749698
17394,0.8213557520445468
17396,0.6360658542507514
17397,0.07610478119585837
17398,0.25148490444596844
17400,0.1308292051273059
17404,0.18863830554271302
17406,0.3204537624973998
17407,0.02770904314065089
17408,0.09190080260248289
17410,0.14042101848976213
17411,0.21808433517308778
17412,0.1031731947723544
17414,0.8197933829975487
17416,0.7042526600949565
17417,0.46815913557833166
17420,0.05735199569031853
17421,0.45946804536659486
17422,0.43819741204927887
17425,0.10069671670006017
17427,0.27391237993476414
17428,0.07631367075863994
17429,0.09565487753229047
17430,0.06507096996702283
17435,0.2017244413342311
17437,0.1435125682430682
17440,0.08104911294861333
17442,0.2828990359929919
17443,0.13278863536935856
17445,0.36841547903433824
17446,0.8337369898296915
17447,0.6738814980229282
17449,0.1523651578447397
17450,0.1428682465082252
17453,0.45884830615085637
17456,0.10343149493814509
17457,0.17194675047218394
17461,0.7197974099852799
17462,0.11866054902163022
17463,0.040943844155216104
17466,0.07651208290929179
17467,0.08480416901839738
17468,0.1012549644543164
17472,0.03004422118309272
17474,0.44065428322511324
17476,0.05422896090151699
17477,0.19301693101711062
17479,0.3799059610217596
17482,0.16265418769598672
17483,0.6798306250947783
17486,0.7663447242816525
17488,0.04554854507767198
17489,0.0781560629069492
17493,0.08099586759113729
17494,0.06679401219834938
17495,0.05880864952120357
17496,0.11975593031917273
17497,0.5981790637516423
17501,0.33693938752365166
17503,0.04835070155021158
17504,0.09902875464657702
17505,0.12940457912907266
17506,0.02923823663537378
17507,0.19471720117058597
17508,0.09180371792987779
17509,0.0945241142817079
17510,0.06539229026998689
17516,0.038655891197310825
17518,0.030945290432276555
17519,0.06018845285578882
17523,0.05656691071268689
17524,0.31078435026459345
17528,0.06084087201196228
17529,0.09452936071828053
17531,0.09935723968312894
17533,0.052395887032785096
17534,0.4307468638942377
17535,0.04275543021394448
17537,0.08494127399677405
17538,0.14784173003554926
17539,0.15233893061302728
17542,0.4165196347760508
17543,0.24334533531143776
17544,0.18938711460826504
17546,0.1484919297185301
17547,0.7893750039045478
17549,0.11242064398589847
17550,0.38962336928494823
17551,0.5394792450762453
17554,0.12427742939794174
17555,0.1536394477020214
17556,0.20017564802286075
17557,0.13932798407561142
17559,0.7015832951333502
17563,0.1494518616038125
17564,0.07959994709337538
17570,0.7804064836277199
17571,0.05799804861140566
17572,0.07099301683124994
17579,0.05497680099766347
17581,0.6601388152140567
17584,0.05032193139435426
17586,0.807495438177257
17588,0.5636873577184109
17590,0.28125031729522115
17595,0.25933824804246686
17596,0.07817904545311052
17598,0.07024805476269108
17602,0.05050623214614473
17603,0.2122365358961267
17607,0.03449327155466694
17608,0.0427994796796412
17610,0.13451867266475206
17611,0.3134318973407846
17614,0.10205951462706686
17615,0.8216972932999823
17616,0.036524339247566956
17617,0.16101841854860602
17620,0.7536425452594739
17621,0.07987706150549496
17623,0.6782681250112271
17625,0.2818521376662299
17628,0.09812954605052433
17629,0.30507688507123315
17631,0.024620037057109304
17632,0.031480844892715465
17633,0.07698694710335326
17634,0.29023642606933875
17638,0.07955142274383693
17639,0.14277815784481557
17641,0.2915590683064331
17642,0.07440934074125467
17643,0.10938944895881553
17645,0.0978832240113216
17647,0.10385028672945472
17649,0.1469472909219398
17650,0.7812136072420061
17651,0.3983777349925495
17652,0.07724625515071173
17654,0.5769382011885482
17655,0.08478332340559723
17656,0.28600700002854895
17659,0.04962654093258057
17660,0.6455942867077795
17662,0.21648872333577734
17663,0.04640669078359464
17664,0.5211702809951978
17667,0.14728734094237705
17668,0.7500468512620411
17669,0.293875641379949
17671,0.044751745110035546
17672,0.08910296333765391
17673,0.04253119998567756
17677,0.567980920440582
17679,0.037004744994699815
17681,0.11626758347239796
17684,0.15930102570532367
17685,0.15422815479102644
17686,0.6661805280781349
17687,0.16630158661840275
17688,0.78841931667353
17689,0.12524618967305565
17691,0.02795190861835272
17693,0.3556181699451684
17695,0.14663244246827006
17697,0.04095315749244314
17698,0.6777807301465518
17700,0.06091690448378231
17702,0.19311352661890613
17704,0.37671039379859084
17706,0.2704201531444211
17707,0.1511145857228933
17708,0.20262631083944468
17709,0.09370757325882433
17710,0.2622278790939236
17715,0.7387442956140414
17716,0.060981792562031754
17717,0.07030548853370362
17718,0.05346679167737297
17720,0.34422011142552295
17721,0.17587954380388093
17722,0.06522021374026908
17723,0.24149425182463555
17724,0.1171051263624475
17725,0.6287008635895055
17726,0.09420600086926519
17729,0.4201426596076813
17733,0.503846369814223
17735,0.5208319334105773
17745,0.1680446056872786
17746,0.047581754781612015
17748,0.7335551279820783
17749,0.01784108207310178
17750,0.7209606058971618
17753,0.12361966123755708
17757,0.8689766954375985
17758,0.11234501646213152
17762,0.658608858993883
17763,0.4193362489493271
17764,0.7557520621358329
17765,0.15129507206764178
17766,0.07306712626803921
17767,0.021294862775444796
17768,0.039648311145279884
17770,0.09075595468123356
17771,0.07621938104182767
17773,0.19669478043491676
17774,0.2093361325337963
17776,0.7553199959277616
17777,0.500300569230994
17778,0.11192495120375152
17780,0.09055841484546534
17781,0.4276953771605375
17782,0.4443265013107099
17784,0.22968098094995176
17787,0.19026844375925883
17788,0.829356442049041
17789,0.6469227353077451
17790,0.40583456205281976
17791,0.2931667967633386
17792,0.15181250736668356
17793,0.08207473824006371
17794,0.7981045540179846
17795,0.554255406465486
17796,0.41245129623236637
17797,0.12741897462384044
17799,0.5946111592360733
17801,0.08101756617294066
17802,0.6875745508394113
17804,0.0741928391038113
17805,0.13462921003593914
17810,0.0956516796332187
17812,0.33694579377049844
17813,0.6107229864988559
17814,0.10984752743931384
17816,0.10336466951340971
17821,0.25328859951717586
17823,0.050614040659437316
17824,0.6942951683799338
17825,0.19708795209094448
17827,0.2264383287983454
17828,0.010537946513251092
17829,0.25643498818047317
17830,0.13949740894140664
17834,0.13539267217825082
17835,0.13119731292319775
17837,0.8043294372717957
17839,0.16748401945966856
17840,0.03257684283014088
17842,0.19864101023796815
17844,0.02577130786992562
17846,0.05713940753363193
17847,0.7624282955150575
17848,0.055890070411580915
17849,0.1232004622409626
17853,0.03573212210239689
17854,0.12131375537348033
17855,0.027520773231796542
17857,0.17248812584858414
17858,0.074039816132086
17861,0.5590316983492417
17863,0.8790378718111751
17865,0.039693588698460125
17866,0.1389930877152894
17868,0.10790006424558984
17869,0.101779427776035
17870,0.12060132659091775
17872,0.6220112142649089
17874,0.14645169593693738
17877,0.06594533705126528
17879,0.4377048233105185
17880,0.331350646277878
17881,0.2434982824142835
17882,0.19413676916542658
17884,0.21467982654933135
17886,0.07384032685461525
17887,0.0380237035619701
17888,0.09254575889389613
17889,0.333687527811365
17892,0.7268375921138234
17893,0.23169965732168424
17897,0.5540663078919416
17898,0.04917178324132764
17899,0.17366670551547947
17900,0.08523988739464149
17903,0.19002980558540325
17904,0.8555820829999835
17905,0.26835864464723164
17907,0.7443979728343378
17910,0.582963592324827
17911,0.7342740739619311
17913,0.14201983938411833
17915,0.08329473424682064
17916,0.7937516921072137
17918,0.08538085982272117
17920,0.08735623771926083
17921,0.2140663893988823
17924,0.7891466172867709
17925,0.8093193830992499
17928,0.5933370914603595
17929,0.020885807588092543
17930,0.06272903154289639
17933,0.1542449388419733
17935,0.09025752517174386
17938,0.04873355581103671
17940,0.12305617985891863
17943,0.03978808367394936
17944,0.12482124347213133
17945,0.4344494215987299
17946,0.32703309873087916
17947,0.17376953277547422
17948,0.3188188292554204
17949,0.10110067757612522
17950,0.11070796254332872
17952,0.3832227541593421
17953,0.11638398598282777
17954,0.36029523385387313
17955,0.18779122698988446
17956,0.09442070789187224
17957,0.10314291723961892
17960,0.7442716281816858
17961,0.08164598296211571
17962,0.09269924361016657
17963,0.13119761562221413
17965,0.15777364163716703
17967,0.5596017996313509
17968,0.027300591031778752
17969,0.20334829718765504
17976,0.14666143419556366
17979,0.08477633507329678
17980,0.2351713800440368
17982,0.10832508856888916
17983,0.14298851406518187
17985,0.06293671836870326
17987,0.4527890578819003
17988,0.017043309861166044
17990,0.21045796673791692
17992,0.22955449946545237
17993,0.025991086503564725
17994,0.024846024593561233
17996,0.041150816017749885
18001,0.4785855418906552
18003,0.04686553587961459
18004,0.7134743843285617
18005,0.03278196188333563
18007,0.06006033545779153
18008,0.02969989579172622
18010,0.10250829097924535
18011,0.5217077444584804
18012,0.12510643298156784
18015,0.2283479886281001
18019,0.3240811678531231
18020,0.7239998886719239
18022,0.239086701833555
18023,0.13647174962575082
18024,0.2065349881654012
18025,0.564589061304664
18026,0.14305900050255552
18028,0.15179511259217535
18032,0.069929565479293
18033,0.011732141933721784
18034,0.6205115468084713
18035,0.16976614459845424
18037,0.07247900476275981
18039,0.7424416222046467
18040,0.7366269221572953
18043,0.5637277303931988
18045,0.1311457430387569
18049,0.4423902133285969
18051,0.04251068593003488
18053,0.08657471190523829
18054,0.18621352941332867
18055,0.06555491435180047
18056,0.09614773221351466
18057,0.02987333333908714
18058,0.47141027279248343
18061,0.1687085791080276
18064,0.18800672904690488
18065,0.1946718071545022
18067,0.8163308756312818
18069,0.09005392387783094
18071,0.12435105864812032
18072,0.7682810161014837
18073,0.4598214812627704
18074,0.6684886774482124
18075,0.19655119901704868
18078,0.02814372183158454
18081,0.06545288537123349
18082,0.37312081770182287
18083,0.08898997237539759
18086,0.6599348871935423
18087,0.11533640812135972
18088,0.053997372420861
18089,0.33123476824667275
18090,0.172739325571297
18091,0.06847850470736716
18093,0.7347801644788967
18097,0.4511902376738757
18099,0.5418315693399223
18100,0.7443961340029136
18102,0.6138623157906478
18103,0.256011406588754
18105,0.45012258912843545
18106,0.16646281220415127
18107,0.141556928083367
18108,0.04934905086010797
18110,0.7681179461760206
18114,0.3755376680828114
18117,0.84827536030794
18118,0.16296025421235866
18121,0.028036353276886975
18123,0.3318064173195764
18125,0.1067240807484478
18127,0.05460016161933097
18128,0.08417332159942745
18130,0.04161431029692792
18134,0.12253537861898631
18135,0.30394742927090274
18136,0.8992679975092328
18137,0.19131205260714823
18138,0.20284862357073566
18139,0.1293469574889163
18141,0.14671522294203185
18142,0.1347326190422918
18143,0.32097352772449067
18144,0.022127943227216697
18145,0.15301361591902335
18146,0.07671919024063298
18147,0.05232176094046593
18149,0.03067093442506627
18151,0.21159165394565715
18153,0.05579008054367481
18155,0.15284455577384187
18156,0.1398950479513866
18158,0.6438367775114326
18161,0.10017061706870065
18167,0.1271472258482423
18169,0.11151182968157372
18170,0.6476968001193958
18172,0.04829659639683994
18173,0.0530979750837087
18174,0.2531694261225974
18175,0.047295374394040045
18176,0.16777590439481418
18177,0.4503728824114138
18179,0.0455025146714965
18180,0.4265956642043767
18182,0.0634659187892031
18184,0.08539942120222042
18185,0.3807634516449781
18186,0.5623644837052004
18188,0.189334545093728
18189,0.4043649796183727
18191,0.21174111590727449
18192,0.12053562424148606
18193,0.8494354054793039
18194,0.8491067928334299
18195,0.07310566881463258
18197,0.0707931083584111
18200,0.1282991568255525
18202,0.03719613587551601
18205,0.16788641239441282
18207,0.09174695500409653
18208,0.07492864396847757
18212,0.12721064339374552
18216,0.33627012262010914
18217,0.7124965813493435
18218,0.2777472904495581
18219,0.0605054570276551
18220,0.4308881310405705
18221,0.396321483683485
18222,0.7460203062682709
18223,0.07187483845555327
18225,0.07901275977190965
18226,0.8004040798823486
18227,0.05916156070930463
18229,0.8395634785040547
18230,0.8052211960793728
18232,0.16759760367130697
18233,0.09526495809376712
18234,0.023563651871633014
18236,0.10123923042795434
18238,0.06484390634315343
18239,0.22636235017066353
18240,0.04309012157543317
18242,0.5958852895647613
18243,0.31191737657971647
18244,0.750153320952259
18245,0.27479083147606476
18247,0.2360265105944343
18252,0.2677737094239787
18253,0.38844566755251675
18254,0.03389201567593667
18257,0.6477114249800725
18258,0.375778749777807
18259,0.14812657930101242
18261,0.04323993899677411
18262,0.1280180922160123
18263,0.21999776737755505
18264,0.13507199150820648
18265,0.03907600186699773
18267,0.2884002170428889
18268,0.07330498440071112
18272,0.8587867629407915
18274,0.25098302194305205
18276,0.15420667455574416
18277,0.16037025980757533
18279,0.7858205245332932
18281,0.3011402656491533
18282,0.4064452874231728
18284,0.3533613547461175
18285,0.46870646506454094
18286,0.08210386871635914
18288,0.16907182567384554
18291,0.10188983351300551
18295,0.13095225764961807
18297,0.2912928059286854
18298,0.12963993735150198
18304,0.09116982464922072
18305,0.08487470427329499
18306,0.11478839542060258
18307,0.4591490597986089
18309,0.0583363451530644
18311,0.06968379695936235
18313,0.08611422708829966
18316,0.08496216264813758
18318,0.15890292408626636
18319,0.22910619575652066
18326,0.33836456947419913
18327,0.043140693733935837
18328,0.15514089326463115
18331,0.08289971568300229
18332,0.2324104297376741
18335,0.12977738312457213
18336,0.7589223166387096
18338,0.042111931177534034
18339,0.09231269033039555
18342,0.4051006368088882
18344,0.06083476202992409
18351,0.31463393926412137
18353,0.15400428602121416
18356,0.11451847064548493
18357,0.25117820107470284
18359,0.2136499441921163
18360,0.3490412934920262
18363,0.13407127573453326
18364,0.11691948901888789
18365,0.05612412635323
18366,0.054572852287713434
18369,0.46084913005262806
18370,0.5029898803697453
18374,0.18586094548472992
18376,0.7357063972199469
18378,0.0377245708032769
18381,0.588343559065168
18382,0.7644995784064761
18383,0.5893984042724603
18385,0.16611099448771854
18388,0.1566734180670893
18389,0.2205005545965764
18392,0.0470925635990982
18394,0.6534481447544221
18395,0.08445628295158694
18396,0.21882733852678068
18400,0.04025471816704924
18402,0.1108047364049459
18404,0.13307988214768257
18405,0.052607386869574745
18407,0.17469065921001667
18408,0.07938697393905132
18411,0.14683667374328843
18412,0.1422318092001297
18414,0.06660878396894888
18416,0.06830582283558734
18417,0.09548027675372205
18419,0.05437526952191258
18421,0.7068870173463554
18422,0.24823633349284172
18423,0.7852652458628334
18425,0.14933743261138058
18427,0.1568215731040063
18430,0.7357255425326495
18431,0.19035145984058643
18432,0.08496880791779661
18437,0.039696434896252936
18442,0.08191688631996777
18444,0.7964801913759973
18448,0.03678314190639329
18449,0.32227954569357986
18450,0.5360548582759566
18454,0.08718008161702075
18456,0.10569838448541244
18457,0.1303124897264671
18458,0.04838767870376956
18459,0.1469572929841698
18460,0.22926949224266216
18462,0.07257924648616415
18463,0.15757178838088856
18465,0.14800762784475177
18466,0.1863557599842245
18467,0.22480412821709841
18469,0.022389891924522915
18475,0.15426499037729588
18479,0.5577940238112779
18481,0.022285657812550715
18482,0.18700773561645728
18483,0.06436213825361449
18484,0.15145282439551377
18485,0.15103078241628742
18488,0.18645868290981646
18489,0.08650945261300276
18491,0.1782809049950529
18495,0.13082508485903802
18496,0.1191207871682852
18498,0.1780144712630422
18499,0.08700605540397784
18500,0.08321857692691616
18501,0.07415611531957014
18502,0.10700479762735422
18504,0.07193946546673799
18505,0.11666979901157037
18507,0.07031677873331708
18509,0.2039967573780029
18511,0.13819623129912573
18514,0.6815359901107017
18516,0.5196470311470642
18518,0.09008762487772963
18519,0.8236709415746194
18522,0.045174733801630076
18523,0.2862664179607323
18524,0.16226981366651136
18532,0.08732838916256107
18533,0.6251781878553335
18534,0.16470513463587425
18536,0.028488080433831015
18539,0.1364840245071224
18540,0.8437751748441409
18541,0.04470842869973982
18542,0.014783272313021668
18543,0.07183287013878421
18545,0.06271897370591979
18546,0.11941700689111062
18548,0.07476168177599342
18551,0.14677261167778763
18554,0.20164095400394624
18556,0.0498850796097891
18558,0.15222358254272117
18559,0.046793171631348635
18560,0.08131112694223498
18561,0.029616755951960488
18562,0.04464506144335805
18563,0.058887498651280054
18565,0.031494572518658046
18569,0.03263515263473131
18570,0.17025403652704735
18573,0.0822615173798404
18575,0.11632960286766385
18576,0.38408984196525237
18578,0.07700360663669407
18581,0.5422427726341711
18585,0.07467078589978624
18586,0.03129338036068729
18587,0.1554798945005226
18589,0.10808699877611413
18590,0.05328057603782366
18592,0.3815278163309922
18599,0.05843977152084805
18600,0.027846443032908712
18601,0.10580721497619228
18602,0.059134404636293506
18603,0.05792694634588129
18604,0.11259790330823588
18606,0.06446435845038404
18607,0.34764053766602176
18608,0.07318766829974124
18610,0.8688941123989736
18611,0.12336636412865236
18612,0.07518355445398121
18614,0.15461036027675598
18626,0.48173302334038365
18628,0.21620293116453063
18632,0.08166219148624736
18634,0.04182640366375982
18635,0.4005390417188358
18639,0.16874989981645275
18640,0.44839204171694785
18642,0.11932828696659299
18643,0.19729398855370422
18646,0.08419296752446619
18647,0.17213899908051722
18648,0.10015157553943144
18650,0.016738660530399935
18652,0.0607275948260607
18653,0.08483901020374521
18656,0.633723539396528
18657,0.4814979822185659
18658,0.64124387469296
18659,0.6439791974883284
18660,0.1066626109544385
18661,0.3557522504762462
18662,0.12655056235348758
18663,0.14829967688914142
18664,0.040047587604204626
18665,0.13485796297490474
18666,0.08040038790328702
18667,0.21870877769199115
18669,0.11022172746086434
18670,0.02694989459857212
18671,0.16056958573564226
18673,0.12801003438342934
18674,0.06922553164661858
18675,0.053839477648278886
18676,0.19865099303233544
18677,0.014062705961458958
18680,0.48563052794803446
18681,0.10938263713625893
18686,0.05357570657177522
18687,0.4954141800588574
18694,0.11492910420780135
18696,0.25176555474113216
18697,0.025901337763824892
18699,0.18997396389595753
18701,0.3763701567191865
18702,0.09457113500319167
18703,0.192558995969084
18704,0.5277125526761005
18707,0.7262039861681603
18709,0.10343298388871892
18710,0.1378425363146124
18712,0.08829677201464702
18713,0.05270473779639032
18714,0.04654608448432791
18715,0.04253755607914945
18716,0.07943182386774952
18718,0.056702521958292396
18719,0.8171917233641125
18720,0.6327345198582197
18721,0.7810943150294836
18724,0.025380739821258477
18726,0.8328451064534167
18727,0.1067426923729888
18728,0.02294349455636671
18729,0.1154397381811434
18732,0.3976310686622139
18733,0.12714894064064147
18734,0.09611781423289274
18735,0.47571386592870124
18740,0.23964631031907282
18741,0.13592553936522764
18742,0.0363943152135112
18743,0.14482939704851297
18745,0.07246621636210156
18746,0.03459358590122362
18747,0.11309649422005859
18748,0.47897894548572373
18749,0.7864409111049997
18750,0.03939876957875807
18751,0.049461603742188866
18752,0.036782298887534016
18753,0.19117383191786808
18754,0.03596976141396714
18755,0.06817889921536012
18756,0.010721428045509346
18757,0.11965509872000939
18758,0.29481725566388994
18760,0.7138823069631369
18762,0.02806455386873706
18763,0.042842804815008545
18764,0.20299805798215664
18766,0.1962225012083035
18769,0.14637487236985383
18776,0.02302359893932654
18777,0.031545926244773884
18779,0.128492191707743
18781,0.15738023665495698
18784,0.01625279212590978
18787,0.09929565656293128
18789,0.03557212918984531
18790,0.05392549326159054
18791,0.23663669100176302
18792,0.6657674085280625
18793,0.11964876916590136
18796,0.15006803420649883
18797,0.18404929603706904
18798,0.21142954186481003
18799,0.10481084142153678
18800,0.17505154297632003
18802,0.06816754770750022
18803,0.041992849419857786
18804,0.046958593416992336
18806,0.13673740748904517
18807,0.21257352693596787
18808,0.13331187384709905
18810,0.07478274676942513
18811,0.19290908484573152
18812,0.1302815224591326
18813,0.16666309470762106
18815,0.18074329421518986
18817,0.06448338239386656
18818,0.058466118216478354
18819,0.06376469509453689
18821,0.15971577151229663
18826,0.5732675649223763
18827,0.5157363549526826
18828,0.03337700180236529
18829,0.039843112710821915
18830,0.04028501962764153
18831,0.07146602467764049
18832,0.09575115399178451
18834,0.08518649951565023
18835,0.29438941245950906
18837,0.7053544236215823
18842,0.3158363886630438
18843,0.07257165086628933
18845,0.03868216055565049
18846,0.1352478822494788
18848,0.07946253350526529
18851,0.05099829013683842
18852,0.47481847029643937
18853,0.04298882255528762
18854,0.27278794253579075
18857,0.06637183158119041
18858,0.2345291555333786
18861,0.016824927602036927
18862,0.22735623028099416
18864,0.03862645435088884
18865,0.7286497273967473
18867,0.16143782466476816
18869,0.2637019006629898
18872,0.046723994551343885
18874,0.05874764595174467
18876,0.02740947641309817
18878,0.02923263017819849
18879,0.053044979842272265
18880,0.31680232085370874
18881,0.0732335411746597
18883,0.2078095055761362
18885,0.044524298762720974
18888,0.09534000275868959
18890,0.10698719217966669
18893,0.39525738511226205
18894,0.21765037903121842
18895,0.12576103258853844
18898,0.04613728768196863
18899,0.044512768004211334
18900,0.39522163140681366
18901,0.08984702109469889
18902,0.07905598431986376
18904,0.019239522527125873
18905,0.018155251452837758
18906,0.10824528677864546
18907,0.049509991760771005
18910,0.2098848148526563
18911,0.8330088325462282
18914,0.27070425770727713
18915,0.36995374283849286
18916,0.12876765617634947
18917,0.03821555186247987
18919,0.7645607100654086
18920,0.4834849562200101
18921,0.1658735259287721
18922,0.05081047416908589
18923,0.09644655105799636
18925,0.08116233084798914
18926,0.709214756538229
18929,0.7638810664398502
18931,0.2705868110651154
18932,0.07917163168242271
18933,0.17242892210172409
18934,0.04078141073889112
18935,0.2995955617967189
18936,0.11652468138828917
18937,0.6489479175794428
18938,0.041007461545467486
18941,0.06207609242845133
18942,0.0341103310361704
18945,0.08963165415749279
18946,0.15061945711790356
18952,0.6574346658527892
18953,0.1822866409630114
18954,0.059474505095449735
18955,0.0823470012164096
18957,0.2283570759624148
18959,0.05721049743470507
18963,0.08480118709257446
18964,0.2171315995245338
18966,0.050842400455836115
18967,0.1968515507756549
18971,0.019855740900494277
18972,0.044863068538340045
18973,0.7272091473073707
18976,0.12319050557147963
18977,0.03457347959387896
18978,0.08366733491129869
18979,0.07402914609993781
18980,0.22056769479377175
18981,0.12049138362998395
18983,0.2715070875031222
18985,0.14615677071982092
18986,0.029714725442918914
18987,0.13229018357724692
18988,0.24748701273663823
18989,0.704690395990651
18990,0.16082138693723214
18994,0.10981740187696463
18995,0.07209640932223912
18996,0.21148646502385685
18998,0.3328172789194024
19000,0.4181624113098157
19001,0.19231747293792392
19002,0.15012012129097133
19003,0.05213632332161231
19004,0.022600075213582368
19005,0.062223929771607595
19006,0.045963088496518395
19007,0.15298392344674472
19012,0.505340097024614
19014,0.12824816496617406
19015,0.23048150972062095
19016,0.27837803850699594
19018,0.07039357458074978
19020,0.04553069925547909
19024,0.62429061220171
19025,0.0980353816616811
19026,0.22590445757000563
19027,0.0679690096504763
19029,0.05677840165568785
19035,0.230365112928139
19036,0.5644552378446084
19037,0.16079651795718916
19040,0.583521302619706
19041,0.04017223941702131
19042,0.13060830432110623
19043,0.7537561153098861
19045,0.08188036922520764
19047,0.027638667019659943
19050,0.6095523716098237
19051,0.6905358917901455
19052,0.07515998150808814
19053,0.6609030696504241
19055,0.06995865451595226
19058,0.2665890370135182
19060,0.7893234959134937
19061,0.09256955957273598
19063,0.060106994415045474
19064,0.0746523687555309
19065,0.4706873524055556
19066,0.7187037725000828
19067,0.07636419291605812
19069,0.09188870022017347
19070,0.7381700021427298
19072,0.02672405806318402
19073,0.08356197926769396
19076,0.43036774837947617
19081,0.12568884143778872
19082,0.38611659625534767
19083,0.08932049962517094
19085,0.2564207645009309
19088,0.87359762087858
19090,0.061025303931312336
19091,0.038383935300913254
19093,0.091526531831703
19094,0.03860201079437043
19096,0.1813043645111061
19097,0.15894337756547652
19098,0.30490542861118053
19100,0.07915357524456947
19104,0.4177558794365731
19105,0.8042896517647347
19107,0.2164060031213983
19108,0.088569203959942
19109,0.08847018699664304
19110,0.02483362458218075
19111,0.11397362610880075
19115,0.2359760996826511
19116,0.26399978008555525
19119,0.0586860869085044
19123,0.04454931321721926
19125,0.0430537703003068
19127,0.7111323963978716
19129,0.09601850070836987
19130,0.3522511935002876
19131,0.8282971723290335
19135,0.015376447110483946
19137,0.32663643592600694
19139,0.08238357109216295
19141,0.05734905202836234
19143,0.055326320624123064
19147,0.041685952892316344
19148,0.13744746801830388
19149,0.05288666202983718
19151,0.2784182453354228
19157,0.10884142905088576
19158,0.043482153319543554
19159,0.21521263213306857
19160,0.4423323053162281
19162,0.09230854520723597
19164,0.24019692336848117
19167,0.09886834472745577
19168,0.5318331833406728
19172,0.2103301881664388
19173,0.1569088414855884
19175,0.10908305746539952
19178,0.11571903179134557
19179,0.8200987812071969
19183,0.06862528781056382
19185,0.12124588898949294
19188,0.3940890047569269
19189,0.03554016411008155
19190,0.3697300894794402
19193,0.05019176713424257
19197,0.2055618476857097
19198,0.02527638929356951
19200,0.03587398213520888
19201,0.7756854460925828
19202,0.3554509597322268
19205,0.37745924250531976
19207,0.789500458282197
19209,0.04676230634416917
19211,0.06750059399606624
19215,0.6643627988801143
19216,0.04904353552456871
19217,0.09228887575807415
19221,0.7739252982890579
19226,0.2633542271785829
19234,0.49341608599815057
19235,0.23254200678307155
19236,0.017175402013767
19237,0.2126765345204633
19238,0.06459248641631907
19239,0.023183613166342647
19240,0.07989905560324938
19242,0.7188487439198475
19243,0.033504745257959864
19244,0.26199196105684475
19246,0.17700272054483052
19249,0.6178631457981805
19250,0.604371983963609
19251,0.12037564094083038
19252,0.060411266484957246
19253,0.016855297925246475
19254,0.06905308571243739
19255,0.16126731121419285
19256,0.2336066635117558
19259,0.7297041788401384
19262,0.2414994218857136
19264,0.17738787559905733
19265,0.5066936670661523
19266,0.04760930393070386
19267,0.30216997181283517
19269,0.17301856126717308
19270,0.11147467773382334
19273,0.03946109249354113
19274,0.0621928712853196
19275,0.14153883976850484
19276,0.06156185208008589
19277,0.0710940248291552
19278,0.36512405657976804
19279,0.4575222193246627
19280,0.09576335385595958
19281,0.42817523341090086
19283,0.14420262076325963
19285,0.736792191634365
19286,0.11253745616072793
19289,0.149907263938256
19291,0.23544995364874527
19292,0.19395896766221973
19293,0.10662908891176211
19294,0.35697980282240777
19295,0.17833546185360394
19297,0.0488925402922182
19299,0.16301726328931693
19301,0.3587315077032852
19303,0.6972711078256045
19307,0.07778557572409825
19308,0.04574654849498639
19309,0.20726071705497898
19311,0.3589742109235925
19312,0.044182967548867726
19313,0.2967447697806689
19314,0.0640377922569429
19315,0.2085746928264616
19316,0.7500486349539989
19318,0.8508520850536498
19320,0.11938933868330252
19322,0.31786223997770535
19324,0.09329534322385195
19327,0.13573298020578897
19331,0.05772109674259421
19333,0.11975964870640086
19335,0.1524968458925228
19336,0.04556399475417456
19338,0.13585144358574058
19339,0.11966669103942983
19343,0.3014580987122557
19344,0.5588947919619494
19345,0.8602464496216651
19349,0.09645420238157447
19354,0.14763330780128509
19356,0.023202629828085557
19360,0.21581018147539158
19361,0.40375967833460324
19362,0.15900217645125375
19363,0.037325224289573265
19365,0.10433266480120516
19366,0.06695618694889653
19368,0.10080768962856164
19369,0.15114737169954992
19372,0.27978098637708615
19376,0.09747521460253486
19377,0.020637802835432692
19379,0.16022454657564233
19380,0.02261802374771743
19385,0.012087555727057173
19389,0.5091945413950327
19390,0.18620347516479432
19391,0.081115988634516
19397,0.15940679470307262
19399,0.325045019582597
19405,0.04615221167297802
19406,0.12378561276907327
19407,0.12117769806396342
19408,0.034441209297167936
19412,0.4099473144318938
19415,0.041271828448301476
19416,0.13315364803882979
19418,0.08550150733177264
19419,0.1301912541030747
19420,0.0783258430364585
19422,0.21737981704418285
19424,0.057021135764695294
19425,0.057981483716485406
19426,0.3514541437054035
19427,0.0621471534926958
19428,0.019324163659700144
19430,0.18758460349845485
19432,0.35168625611350035
19434,0.37012107578658465
19435,0.32548552973869915
19437,0.0510032504868713
19439,0.055594513459721245
19440,0.054970155950761906
19442,0.2329680714835429
19443,0.10192087340023584
19444,0.03213282867104879
19445,0.31066183544200193
19446,0.13450984312933972
19449,0.14769572177234908
19450,0.2042154191591611
19451,0.09633541496262253
19452,0.09943027172717793
19453,0.6706062672474093
19455,0.1353258070922728
19460,0.1252925511066363
19461,0.34458630822377806
19462,0.09053403033112095
19463,0.07300967880926554
19464,0.02017535416210926
19465,0.167119774801646
19466,0.4528071836491409
19468,0.21885870199789925
19475,0.16599029183890154
19476,0.0880222127308267
19477,0.19981165950687796
19483,0.12347421726825693
19484,0.09656945217069877
19486,0.6634261440320249
19488,0.31120187744894534
19489,0.7344504962755175
19490,0.7987108983177774
19491,0.06262189055788335
19492,0.10983147083978013
19493,0.02215794636675221
19495,0.2161652481932565
19496,0.3831675023692135
19497,0.17346428581405
19499,0.2838747095824076
19501,0.11306388627435383
19503,0.16719481498650554
19506,0.08199015077200504
19509,0.08976496925940944
19510,0.0319997660850465
19512,0.057440793014734474
19514,0.03659957106123788
19515,0.24489997978797404
19516,0.35346262973854736
19518,0.1313848067285122
19519,0.2324830270855586
19520,0.11892215361945994
19522,0.2099120427191045
19523,0.7654092891129365
19525,0.06049904582452338
19526,0.03178519721858445
19527,0.10964113651477288
19529,0.41211008155606094
19531,0.2132482567518546
19532,0.13679446239756218
19534,0.5308216026900522
19535,0.09615924718927467
19536,0.029189769645773196
19538,0.15226825960637078
19539,0.02178857245754016
19540,0.07401813471698875
19542,0.2905161554024814
19543,0.12560649403418542
19545,0.1995016114974947
19546,0.7883711713710998
19552,0.8056884435580973
19553,0.19156199721153036
19556,0.064169861939913
19560,0.06145793564600209
19562,0.02909004814640052
19569,0.1515215199744915
19571,0.2135931718992767
19573,0.13430238943488165
19574,0.17933760214054417
19577,0.0698816296278963
19580,0.19303807506784357
19581,0.012973751330437587
19582,0.04778331252397264
19585,0.08722539017830715
19586,0.046837624364959106
19587,0.24095194183568464
19590,0.06654484164103912
19593,0.26699804071178973
19595,0.10554757494743469
19597,0.40663936298057346
19599,0.17762815983012528
19600,0.04008451658650065
19603,0.21825852004641538
19604,0.22279794696755464
19606,0.06506964149262995
19610,0.025027933614734724
19611,0.02212085650829204
19612,0.0474768186137898
19618,0.0811856466110039
19621,0.052038224690562775
19623,0.051197375530059125
19624,0.12416369927294679
19627,0.14812073574937476
19628,0.15754110489444734
19629,0.2945251284842308
19630,0.31049819686005764
19639,0.015940922776037102
19640,0.5573366324978223
19642,0.06271313384568594
19643,0.052648386801055484
19646,0.03314847295886577
19648,0.12873544763318717
19649,0.07722663138248788
19651,0.03115813180631886
19652,0.12234179521083764
19655,0.4055868389765806
19657,0.31545072091989845
19658,0.3884827591446221
19660,0.43578038972522043
19665,0.0373667756635818
19666,0.08838732392417532
19668,0.7108726049600571
19669,0.06960060299557704
19670,0.07859742880460889
19671,0.3174728235622201
19672,0.03882898872704973
19673,0.13541466177372385
19676,0.20002931525478734
19678,0.06085843194986757
19679,0.12746782892169506
19681,0.07785367233267024
19682,0.21134416172884138
19684,0.2276882997204119
19685,0.029654796333466925
19686,0.4787823887465805
19687,0.5848885363715017
19688,0.06623069997312209
19690,0.07244185202671397
19691,0.04994275398526277
19692,0.05466001813868114
19694,0.1478116791971868
19695,0.12414932366493762
19697,0.030794323818556534
19698,0.801454641507842
19699,0.06359315602903116
19705,0.254950015343423
19706,0.24781086061180477
19709,0.04330126683975088
19710,0.08276884485183383
19711,0.0891282361237626
19712,0.7953292271010383
19713,0.06334875975212638
19717,0.29714579651448386
19720,0.0360973527344751
19721,0.06914310843568448
19722,0.03487160407144011
19727,0.6896944713062899
19730,0.05859416462270194
19731,0.05658382721087443
19733,0.0786617674987566
19734,0.06065444800327511
19735,0.10472960769343283
19736,0.047556497463749826
19738,0.6779871203677038
19741,0.1381428435503371
19742,0.047698826464070185
19743,0.378607122609293
19745,0.15877760151285147
19747,0.05199506257357774
19748,0.07674578144769954
19751,0.18250764297648217
19753,0.4077369645168123
19754,0.036818255492013854
19757,0.020743311834219375
19758,0.23728754893718146
19761,0.1133069875246104
19762,0.22062164040350302
19763,0.059787663076872694
19765,0.06804998444085858
19766,0.6717496187151143
19767,0.03527203018920452
19768,0.13114691026417422
19769,0.13494937348269298
19771,0.7039068730342855
19775,0.030272660776814977
19777,0.09040219334456868
19778,0.05086075670947193
19782,0.27486182430887796
19786,0.05775638512243599
19787,0.026395850730688755
19790,0.09368238751457397
19794,0.20758069708535964
19795,0.062227521211397185
19796,0.13719834892188232
19797,0.15342487965911156
19798,0.2094635809079472
19799,0.35840553607899533
19800,0.10469022605539412
19801,0.08745461028985875
19802,0.4433303961555723
19803,0.08644635376734655
19805,0.14260533748751406
19806,0.21410809951395057
19808,0.0973917402888723
19809,0.08970178652105583
19810,0.553584232847149
19813,0.042934009649010396
19816,0.05281726840338882
19817,0.06261041203487845
19818,0.6712691840738915
19820,0.2934226844928336
19821,0.38183799800527884
19822,0.06981110008419765
19824,0.28869091441661443
19825,0.8881115941454272
19826,0.07006365160504463
19827,0.11754342899581895
19829,0.030105579922123517
19831,0.12001746976240336
19834,0.07568519453104199
19835,0.5514666853041186
19836,0.02365900546056686
19841,0.07690543233057114
19842,0.04273707982307653
19843,0.7784422195515988
19844,0.7865268206006872
19845,0.196183434354078
19848,0.33496564188607003
19849,0.10574485167125294
19850,0.02920032759912288
19851,0.06869423447321912
19852,0.045460926078389544
19854,0.3923330775069987
19855,0.15740337535676385
19856,0.5221426116149781
19857,0.04117333639357474
19860,0.096366012311414
19861,0.256954031292829
19865,0.043634560670719094
19868,0.3417231548279381
19869,0.06544386195696314
19872,0.012284176815224757
19874,0.19236599884402178
19877,0.06975399310177509
19878,0.1296301222190626
19879,0.18320122611230974
19880,0.20835350756823925
19881,0.06668411141146773
19882,0.09073115033693328
19883,0.07517869595200506
19884,0.04843054247437009
19888,0.4814240822738968
19889,0.2675465387957366
19890,0.012547618634600459
19891,0.16632379161004307
19893,0.1324024494394366
19895,0.17787276622178122
19898,0.4231650968509331
19899,0.6684999381072262
19900,0.6097055644512244
19903,0.16003402656118612
19904,0.021264386893028092
19905,0.09685941606675849
19907,0.7801402500230464
19909,0.24481090424764107
19910,0.029425865263026648
19912,0.15319898904350285
19913,0.10547599470631258
19915,0.04821297764542625
19918,0.14246030288268188
19919,0.044309603302231264
19920,0.16492796227612896
19921,0.08225009907770278
19922,0.20887753377175539
19924,0.0743870407910335
19925,0.08850630496540743
19926,0.320305712962567
19928,0.2620996618801496
19933,0.07830845424200347
19934,0.20004366880481694
19937,0.3175315932024069
19939,0.057170779568789284
19940,0.1396105220988584
19941,0.21872345516503855
19943,0.07210489299919935
19944,0.1764989170985137
19946,0.08489240248314524
19949,0.03909586742426328
19951,0.029282406703504637
19952,0.14660752732801688
19954,0.06793336628349858
19957,0.18005273478494654
19959,0.06668237548685006
19961,0.5494992333549563
19962,0.30733915987039606
19964,0.2566779000253486
19968,0.14452760539078627
19969,0.013855832700389314
19970,0.05284203991484504
19971,0.7010541448500002
19973,0.19270191411191587
19974,0.07474972784092894
19975,0.18308271264186718
19976,0.21533669412179482
19978,0.3241142166469526
19979,0.29919206205043664
19985,0.37214275478712716
19986,0.09361688872810466
19987,0.028944796518583657
19989,0.7718187936067264
19990,0.05605359861899999
19991,0.1898500594882206
19992,0.3688293763622209
19993,0.08707429571340028
19995,0.06525970830049627
19996,0.17026426715084672
19997,0.08214662421327609
20000,0.29037626002708683
20001,0.09122701666913743
20003,0.11090894025182116
20005,0.0810271382246769
20008,0.24696090575564852
20013,0.027358634165667146
20014,0.33284603036344
20016,0.12486053001610559
20018,0.13831332638547106
20019,0.07242564309896768
20021,0.1190417185604501
20022,0.5096317736974665
20023,0.06548743247006217
20025,0.2010222948417955
20026,0.18676431251303394
20027,0.05252512031312695
20028,0.14462695162999206
20029,0.3692488061155625
20030,0.0776851609439744
20031,0.08278063013127464
20032,0.641520780849779
20034,0.3336726172823722
20036,0.05092985665879052
20039,0.10616335692561903
20042,0.07256444111137499
20045,0.20824864449030547
20046,0.2648862373787628
20048,0.3143729297523013
20049,0.062295713929423735
20050,0.23186302368673148
20056,0.1432767858376371
20057,0.16271238347906025
20058,0.088101112104027
20061,0.28011955646082165
20067,0.3702270896994859
20069,0.14492998728100678
20071,0.057740842674073756
20073,0.0373819576049045
20074,0.2018757024722326
20079,0.19342942778902086
20082,0.025303516672201123
20083,0.041972745222132866
20084,0.30853997960264884
20088,0.04225014617824176
20089,0.010989024443979764
20090,0.35080166373731403
20091,0.087765107819521
20092,0.03896512334341381
20094,0.32473654478305447
20100,0.22004981756564773
20101,0.09638808642575032
20103,0.3073628515123209
20104,0.08757878595572827
20105,0.06575046942922526
20108,0.13291061542385368
20110,0.02175476784902826
20111,0.1393761373327459
20112,0.0827860092094729
20113,0.15113329521433463
20114,0.2702036393417385
20115,0.04503830177054397
20116,0.06671417777186801
20121,0.1617650281418146
20122,0.08268713854393613
20123,0.08462771008469767
20125,0.081379589830614
20127,0.1968263525135472
20129,0.11560499067518963
20132,0.07431510491352465
20133,0.04769899422392226
20138,0.04047736528122352
20139,0.04439094011133115
20142,0.017365370775496148
20145,0.059014032306130795
20146,0.04122392734055952
20147,0.7419705050251022
20149,0.7040492896004785
20150,0.06082980357209693
20151,0.11219991917511746
20153,0.06140055046269136
20154,0.22798320339952405
20155,0.12043713182891787
20157,0.05758862354074713
20161,0.26190720552779395
20164,0.5214019159029549
20167,0.041516710291569656
20168,0.06778649626108303
20169,0.0842284787983481
20170,0.038195634693261815
20171,0.11906533928281261
20173,0.373695500128914
20176,0.08974207645787453
20177,0.19550073936542317
20179,0.15576700674624644
20182,0.06879789695761757
20186,0.05503242561168606
20187,0.08962296254182969
20191,0.01794016244872016
20192,0.043415286198889805
20194,0.10323808787372807
20195,0.049052928799149347
20196,0.024383028505393506
20197,0.07249580142618946
20198,0.04387262317113899
20199,0.060365382634252084
20200,0.10612871681705606
20202,0.017566817019510378
20204,0.09012861328746416
20205,0.1607488689092807
20208,0.15258399653619814
20210,0.20822223635500664
20212,0.3053477422067572
20215,0.6448808340227773
20216,0.11751554841980712
20217,0.17392283912927248
20219,0.22437826990694462
20221,0.48202861847028716
20222,0.11390504630088591
20224,0.3274595179133825
20229,0.10371714636956067
20232,0.18342668311731936
20236,0.1768961520111071
20238,0.08626197271977387
20240,0.030579834333604516
20245,0.020532084280332263
20246,0.6158094051281373
20247,0.13503907953135114
20249,0.7061525969302412
20250,0.2778221706521436
20251,0.08200764489036913
20252,0.1666384348822749
20254,0.11870629907871068
20256,0.7024742072637022
20257,0.2357158347162635
20258,0.09767204609504698
20259,0.0846221608209297
20260,0.10131529977085779
20262,0.015687497802282138
20263,0.06906254393865147
20264,0.5921297926702761
20265,0.09478306572516355
20267,0.6259881061248221
20270,0.32564112069842394
20271,0.08911557448354684
20272,0.07083886694846342
20275,0.03446912754850062
20276,0.05223143767933298
20277,0.07841881705588
20278,0.30725239023522616
20279,0.05734465040574946
20280,0.1431176831510969
20281,0.04153343293194323
20284,0.07588868473513596
20286,0.35954635932900036
20287,0.0883709773737373
20288,0.18098875087523822
20290,0.30869760819509556
20291,0.6535426134041623
20292,0.052097137274346936
20293,0.08734903740308034
20294,0.17692891217807577
20295,0.06204949490898684
20297,0.0643944433555975
20298,0.21690433993762417
20300,0.023582267037049576
20303,0.08472655511493574
20304,0.0686890998303988
20305,0.05602097470604954
20308,0.6075055013046794
20309,0.13343229994534322
20311,0.13036339707588748
20312,0.26317965735187265
20313,0.10391833920406718
20315,0.5027472619333159
20317,0.09304539609198956
20318,0.024678021318724968
20321,0.0644713270144999
20322,0.07733230062302583
20323,0.3324007232431899
20328,0.12918605552417933
20329,0.3059869466599404
20330,0.12736853782026009
20332,0.04735011829263174
20333,0.1768950679775761
20334,0.04952970748873556
20336,0.725333112004443
20337,0.1075204208744879
20339,0.4966362542107426
20342,0.11514362761670756
20343,0.36085929113442616
20344,0.04923814788626974
20345,0.053290408631983074
20347,0.4247209949520024
20349,0.09123218424146937
20350,0.6652260329422173
20351,0.04022622322690654
20353,0.22392393206710998
20354,0.09154292068055202
20355,0.24100095235767321
20357,0.15105684324390473
20360,0.7686882888648772
20362,0.08871738706188645
20366,0.08747487676201754
20368,0.5392883059111281
20370,0.23948242723472288
20372,0.13985915830862047
20373,0.6399222057824215
20375,0.22902701060182176
20378,0.6316948858564622
20379,0.4510684709581928
20380,0.7455563287854313
20381,0.2050417627916792
20387,0.05206301493331092
20388,0.39293454175629916
20389,0.8539975738919278
20390,0.5439334705304757
20392,0.11993779796743072
20393,0.06529892009622595
20394,0.04675233239617277
20396,0.6243219400625402
20398,0.018229133490550796
20399,0.7128199098318871
20401,0.06140068533298143
20403,0.47518768864095484
20404,0.0977745278146561
20405,0.051135694851320045
20406,0.30376017564356317
20407,0.14497203803117206
20408,0.258410549458427
20410,0.10861948297034237
20412,0.12231167028937766
20414,0.230062953883273
20415,0.06655753018741442
20416,0.4290836129442852
20417,0.1345594345437638
20418,0.2282190805062393
20419,0.095571130435029
20420,0.07849803219058574
20421,0.2813303665735209
20422,0.09281274575228991
20428,0.5813620992218721
20433,0.0614347205183468
20436,0.07351851201299811
20437,0.03178053680611419
20439,0.13869913762399927
20448,0.12745660852292712
20451,0.5966342032375276
20454,0.10968045505799459
20456,0.18962411452255945
20458,0.2054577346191481
20462,0.3537822824296536
20466,0.24038285737149498
20467,0.18262761320634435
20468,0.18280169371123134
20470,0.07464711530347214
20472,0.2353979575668368
20475,0.05741566804867031
20476,0.3014584987333599
20477,0.053797512377727466
20479,0.8083419769443815
20482,0.14488992844113863
20486,0.06034793635136513
20487,0.06539088180477907
20490,0.05469086390776045
20496,0.06931659421114028
20498,0.49337825884535763
20500,0.03944077399675103
20503,0.03488648796847613
20505,0.6619715973553404
20506,0.13503243758915276
20507,0.041577181819093104
20511,0.36208784533233906
20518,0.10351222057917223
20519,0.588420942383626
20520,0.08071964824664601
20525,0.06042434907521245
20526,0.7159128451117589
20527,0.0884430617226872
20528,0.25257307376263394
20531,0.15527518125828388
20532,0.06289594523827684
20533,0.048987293445018995
20534,0.01292174693231214
20535,0.1502130606484338
20536,0.054299514587705835
20537,0.07645138537816545
20539,0.1092398986982792
20541,0.22155552703648776
20543,0.20401629959684248
20545,0.09998770617574784
20546,0.7073490854808328
20548,0.09507443114713324
20549,0.5681375916214495
20550,0.13878792264003623
20553,0.04662645049463719
20554,0.05865685596159931
20555,0.04226533818563582
20556,0.27064969807532135
20558,0.05556034613144005
20559,0.11313263503106472
20560,0.8135169767579492
20562,0.407054603319511
20563,0.3039110355848433
20565,0.05740374494953047
20566,0.1114508039975705
20567,0.6470675267968735
20569,0.6292827209122552
20570,0.1796309135810113
20571,0.0751726562249303
20572,0.3700804990144623
20573,0.2597048736032667
20579,0.057426171229809975
20583,0.1077786467564195
20584,0.0796765381212144
20585,0.2869468358705448
20586,0.014229822520226374
20589,0.08770259619982793
20590,0.04666765213505752
20595,0.21910060642711274
20596,0.06505683047603235
20598,0.09122304269905299
20604,0.16880406848283397
20606,0.7037852008672763
20608,0.03872248075493125
20609,0.45753551682987603
20611,0.016989557491046768
20613,0.12902658810028197
20615,0.6451200237241819
20618,0.12928990080280425
20620,0.08571165465482397
20621,0.10237459404093666
20623,0.09757806776023664
20625,0.24019356882293597
20629,0.1856100635338472
20630,0.057877326531997286
20632,0.08712091415722506
20633,0.2874536463739684
20635,0.0566754756616433
20637,0.11246621289799572
20638,0.35225375558536814
20640,0.3571581678190706
20641,0.0825898196721925
20642,0.10057527821169081
20647,0.4768846947159556
20649,0.10011131246344573
20651,0.19537860751197642
20652,0.5503441380103028
20654,0.13628206621567918
20657,0.2055575236487234
20658,0.1483437816756214
20663,0.09299241111811946
20664,0.6598267423813958
20668,0.10380731424705215
20669,0.5503378688178477
20674,0.2794951882408067
20676,0.7794302485479172
20677,0.04495355035857847
20682,0.09246994432292398
20683,0.28195709797562857
20685,0.7520301081649893
20687,0.6426225804434273
20689,0.00750344407556571
20690,0.7923712950051366
20692,0.09045360536517155
20693,0.08906289455032787
20698,0.22754909907833845
20700,0.08618378176144684
20701,0.06555160636344669
20702,0.5155470738459358
20704,0.16678200097403828
20707,0.10389680982599225
20708,0.18759781492979422
20711,0.19682862991796704
20712,0.17712938308922274
20715,0.07722039499539524
20716,0.08796094834492149
20718,0.1467895759398393
20719,0.310039834861984
20720,0.041036078247681254
20721,0.13090500422566848
20722,0.8419190231682138
20724,0.05345289495369106
20726,0.078944971017935
20727,0.2431210586647033
20728,0.6385977194644089
20731,0.2363537424930896
20734,0.5639507023368238
20736,0.28661212477883774
20739,0.6123254628876799
20740,0.07097643605226207
20741,0.034009839384478525
20742,0.6140099906226185
20745,0.10460169189644913
20747,0.027847633104610164
20751,0.2336247725494038
20753,0.024740729135252264
20754,0.16802409506528987
20755,0.45684816674926926
20757,0.8377166604123011
20760,0.26698730278390764
20761,0.07964202464824499
20764,0.0628535629763022
20765,0.1827398256865771
20766,0.24914728236424483
20769,0.8534727664390973
20771,0.6308802854690382
20773,0.23407481962895232
20774,0.08561980210792977
20776,0.03848624176541028
20777,0.7424190994273736
20783,0.031313002977488395
20784,0.0466277492100688
20785,0.045204226538708606
20788,0.020542785228515565
20791,0.04299933083856284
20793,0.09625958506013714
20797,0.04338615869593208
20798,0.7874471548207024
20799,0.12901633020575828
20800,0.2434509407835882
20803,0.7319318427388153
20806,0.18103669157034155
20807,0.06649638623068665
20808,0.14405522594095022
20811,0.7521359864209163
20812,0.015534956825440486
20814,0.5867808037252884
20815,0.13043711751596462
20817,0.2707552146050821
20818,0.30701454089664537
20819,0.11764478827406159
20820,0.08557016842703702
20822,0.11694759192678945
20824,0.08458297232887244
20825,0.20756062441613057
20828,0.020617742422779133
20829,0.12315431551484109
20833,0.08827389125110861
20836,0.07231573664807645
20837,0.057768902932074574
20839,0.7380315207276271
20841,0.28932029058827485
20842,0.16294366320669726
20843,0.3619706003969443
20846,0.0689198931429507
20847,0.31539734812968256
20849,0.1376317617976277
20850,0.05528648198407759
20851,0.17281869857258433
20852,0.20410790525359682
20853,0.2799807586892227
20854,0.06501885201940813
20859,0.4572067372731133
20861,0.35927723956085794
20864,0.18281206470090888
20865,0.04903067995428933
20867,0.3987404012248107
20869,0.6797746784869878
20870,0.3132583640798445
20872,0.30963432360892196
20873,0.08344367146182581
20874,0.09622763338815865
20878,0.1090940505780725
20880,0.2190386565630043
20881,0.32128441339336494
20882,0.5260865589820003
20883,0.013640087448681597
20884,0.5552366126945208
20885,0.04934295569687958
20886,0.6871695852938069
20888,0.031491296301213674
20890,0.3387632163041278
20891,0.30598915562051066
20892,0.043715217435834904
20894,0.10006214212863622
20895,0.3831008714943961
20899,0.02859992894751268
20900,0.14281807971282753
20904,0.8397137805686109
20908,0.04848223911559872
20909,0.09716284235045382
20912,0.2878622884799173
20913,0.24129419724373152
20916,0.09433448070665937
20924,0.1577322744562246
20929,0.10531983084872888
20930,0.15522300094695926
20931,0.20990477699785803
20933,0.8828516030392588
20934,0.09853594504773976
20935,0.028409961345257306
20936,0.08943710886440502
20938,0.12677383499654646
20939,0.050091698908808706
20940,0.08524836677151704
20941,0.11211844242834053
20943,0.45381679369275374
20944,0.7145977613474401
20946,0.06155323819748747
20949,0.15524616704224786
20950,0.24173561696867588
20951,0.030849924876811496
20953,0.4672553680235872
20954,0.2577773683064854
20956,0.6943414121090575
20957,0.03791286508334001
20959,0.12384572137497403
20960,0.19623504739714104
20961,0.06283071400943954
20962,0.7418963814759527
20963,0.33113625306932676
20966,0.0367927582245019
20969,0.14070419373171056
20971,0.0857289646577831
20973,0.20114712960914308
20974,0.371545443531306
20975,0.06812510458843128
20977,0.05820435014358467
20978,0.7980535451869752
20980,0.3323798264910156
20984,0.8167760797326293
20985,0.023344713286245544
20986,0.03574631486048975
20987,0.675541156568981
20988,0.3196775313636563
20989,0.12500285426128582
20997,0.8070414499874734
20998,0.09391921763857874
20999,0.1575851210776761
21001,0.2342617639367893
21002,0.6100896998449084
21004,0.5565715639814115
21006,0.04571951648804084
21007,0.1894141793895987
21013,0.860283891258551
21015,0.16189934963116834
21016,0.38365916403921535
21017,0.7073195600539492
21018,0.3982568357477924
21019,0.17188497447946635
21022,0.04770234885543941
21023,0.11341347116254445
21024,0.2428897174786873
21025,0.23217899548251336
21026,0.06204123691549851
21027,0.36841338233565385
21030,0.07530688798425743
21031,0.1818840938323778
21035,0.06540458833047998
21036,0.1299500125914313
21037,0.14573684947960724
21039,0.11364708366026986
21041,0.18389521587576807
21043,0.060971957696137266
21044,0.2482789343845337
21047,0.2780046892956536
21048,0.08219489884045154
21050,0.7012275832545103
21051,0.6336942553950531
21052,0.06777678928217754
21055,0.06909564058293467
21056,0.20937692243983438
21058,0.6939681363361065
21059,0.16057349385687072
21060,0.17882415335735483
21063,0.5515280766633294
21064,0.217918231049476
21065,0.4572067372731133
21069,0.04129558115677819
21070,0.08630434582459381
21071,0.08482120432920803
21072,0.01265398158719566
21073,0.08491157894813454
21074,0.32542238195581363
21075,0.2167366778043257
21076,0.06663276147603721
21077,0.5854478874981421
21079,0.13974784431797893
21081,0.04850469664515085
21082,0.08781109658880129
21084,0.07190090285890265
21085,0.14726077004493762
21086,0.03302083224628481
21087,0.2614049693249864
21088,0.1118047698275531
21094,0.05715762641383095
21096,0.0695015934439955
21097,0.2033247076908033
21098,0.7080460383364291
21100,0.2083240628242275
21104,0.2490648958718972
21105,0.11877417550756184
21106,0.6884842894050794
21108,0.7988660820062264
21111,0.1646045778975679
21112,0.1980201377986216
21115,0.1073588203535222
21116,0.09203330236206411
21125,0.08458541042473716
21126,0.5934971732766051
21127,0.3187373968281982
21129,0.04497477725410768
21132,0.049734815617626986
21133,0.020030367019095902
21137,0.03216729349762496
21141,0.18838968282153126
21143,0.10496103736919703
21144,0.11258226297186441
21145,0.38528379563795373
21147,0.2794898445367673
21149,0.11087582206875227
21151,0.1131359748268014
21153,0.09962799999314671
21154,0.040547586925245835
21155,0.06018064006136131
21159,0.05821973192568751
21161,0.15278463670275613
21162,0.08579123655129642
21163,0.09201039267078483
21164,0.124278835649852
21165,0.16109660355268923
21166,0.7302779967613233
21173,0.042518455511953615
21176,0.5950861066973522
21177,0.11295109202811177
21181,0.14160877291755208
21182,0.6701841636086365
21183,0.07862039304601316
21184,0.058132266423499994
21186,0.26095951301667447
21187,0.02988216993332119
21188,0.060324230312029936
21189,0.09068976938251008
21190,0.062038730628868236
21191,0.03186531069972054
21192,0.012741822303713646
21194,0.18493211022067269
21195,0.11077332513768787
21196,0.30139612643124297
21197,0.09548964490094647
21198,0.11916891043810604
21199,0.6674443641522001
21200,0.16741176323228257
21201,0.05650253176134892
21202,0.7187027825267082
21204,0.4424606303528726
21206,0.16286633842351733
21209,0.08359052072929041
21210,0.20600373427261598
21211,0.08701598307514474
21213,0.7283337393440421
21216,0.14375118423030023
21218,0.7392646918881483
21220,0.059055093718834877
21221,0.6948499702883617
21225,0.5436216166670489
21226,0.5232087788747358
21228,0.061551260736608986
21229,0.1430480034891169
21230,0.12445780839119248
21232,0.12540900823232973
21234,0.25248071421664453
21235,0.06655251764501445
21238,0.07271049340717776
21241,0.5417994591951831
21242,0.24000311691430826
21244,0.16271399499428363
21249,0.08705713229163212
21250,0.0963197040518092
21256,0.3265819914188935
21257,0.07370438355377021
21259,0.021689670109266947
21262,0.19870205360704216
21264,0.06490912239222718
21267,0.7404613164303786
21268,0.0913630570535436
21269,0.11557787802998444
21270,0.1040344867316159
21272,0.1026123005016312
21274,0.8874387212363651
21277,0.12050689920870482
21280,0.20644805114273762
21282,0.34751005621514397
21285,0.4812389942565171
21286,0.7282628102970259
21287,0.349076512899945
21288,0.04312492387540609
21289,0.1522023745557851
21293,0.5064628184761827
21295,0.056092236976442264
21296,0.17573979272480883
21299,0.10125927679587365
21301,0.25870870545206276
21302,0.6217097240905307
21303,0.21295887818375578
21305,0.0680197929238848
21308,0.1605982494796355
21312,0.6900769063162462
21315,0.40455455527070766
21317,0.14676702240566128
21321,0.07100238657414158
21322,0.86282676030501
21324,0.18407453001479562
21327,0.23527766546411583
21334,0.03939874250001136
21335,0.19295560524906283
21336,0.17210659893623034
21337,0.07358811749123398
21339,0.10550079642240166
21341,0.2192531798120017
21342,0.04850115643263616
21343,0.8105163799681253
21344,0.5083320415021716
21345,0.027317717800369404
21346,0.023625581530824075
21347,0.058944684343092385
21348,0.295421459029065
21350,0.013929104045104857
21351,0.03815300543152762
21353,0.02203005150814653
21357,0.08580758900827565
21358,0.3268614945870165
21359,0.28978555583738674
21361,0.2920678121899936
21363,0.7082216040724217
21366,0.2947259563248841
21367,0.07097326654465251
21370,0.30246242981548555
21374,0.06055907496060574
21375,0.3584438954689057
21378,0.17567373245987492
21379,0.19011261918543973
21382,0.056023387101306554
21384,0.04863250350707161
21386,0.16733107585826137
21388,0.4109165077161367
21392,0.16912029445700008
21393,0.6437373630945683
21394,0.32637678711000806
21395,0.24989033690050266
21397,0.06064567952581857
21398,0.23738539843475467
21399,0.23992753388064134
21402,0.7897160388635522
21403,0.14609904251532885
21405,0.15769491891550275
21406,0.174060284885257
21407,0.042948843086182915
21408,0.1406174028270749
21409,0.08233099759425125
21412,0.15338564908277583
21414,0.03763796384659409
21418,0.05965055788193465
21419,0.5682868494162078
21420,0.04854641039744159
21423,0.022602722721762617
21424,0.06840874772740978
21425,0.10655331012122433
21426,0.18057294617989406
21429,0.16962052428826163
21430,0.1289772537274087
21431,0.15880068932041214
21433,0.04796382101023549
21434,0.03845982980733996
21437,0.12746842551663956
21438,0.12524013712317764
21439,0.038811908091362375
21440,0.2773160118017606
21441,0.08312952474131692
21445,0.06893275728543491
21447,0.28865153383192904
21448,0.5269957111888453
21450,0.8483948195211913
21452,0.12187698673116597
21455,0.06926695015195128
21458,0.1708017023680778
21459,0.7480767607394854
21460,0.07457866801581024
21462,0.04937212574402806
21464,0.5368715817923895
21465,0.440921219426966
21467,0.28048576828042965
21468,0.05248230474358714
21471,0.33929646734005464
21474,0.23258865479706378
21478,0.1554018498387784
21480,0.09720117046317635
21482,0.07142318668722991
21483,0.05892607136399562
21488,0.16081057092856005
21489,0.09048452867920542
21490,0.2343376840021645
21491,0.07443460693198178
21492,0.03208391316068975
21495,0.08634637194148828
21496,0.11532547103958161
21502,0.302931598280546
21505,0.1376875636066163
21507,0.04871131577652518
21508,0.48734112193438883
21509,0.7610454785815008
21515,0.20026856933608642
21516,0.1502910095387999
21517,0.7321074875224619
21521,0.036024553691676106
21523,0.23550788368739073
21525,0.3649111031143728
21526,0.454732427177089
21528,0.07757323007502151
21529,0.09091456708340132
21530,0.13270611091321713
21531,0.7881997185281324
21532,0.071537304310066
21534,0.6218000521957993
21535,0.18028339107420144
21537,0.4941246333233857
21542,0.09168550925625578
21545,0.12977543217309073
21547,0.08695859348812185
21549,0.8419065440510901
21550,0.1409935879562729
21554,0.14319680222171
21555,0.04589138013436157
21556,0.491624077718442
21557,0.5854137617321431
21558,0.10027243131307738
21559,0.15422824996967507
21562,0.5325887476642615
21563,0.10769540308891981
21564,0.6625784904920287
21568,0.1862996872794626
21569,0.7019674425376654
21571,0.07020868688994904
21572,0.09435801720850448
21574,0.7254213766560883
21575,0.07010580827128093
21576,0.10247852705751526
21577,0.08282063698841238
21579,0.2146274817997202
21581,0.30775161196024314
21583,0.8643813407377339
21584,0.18347225622902985
21585,0.12268377892241014
21588,0.13453283757511583
21589,0.15381073153953564
21591,0.12807646625371735
21592,0.09277851359253494
21593,0.43964399501252505
21594,0.04022297982688556
21595,0.09050574977725902
21596,0.16321848815912102
21600,0.46726647998235815
21602,0.7691364110630454
21603,0.08852440360981485
21605,0.07922182118905027
21606,0.07234652933955892
21607,0.07779320344124559
21608,0.09325202832027436
21609,0.23226752570617512
21610,0.06516977981480122
21611,0.0765356877400752
21613,0.43956397675463355
21614,0.2490379837586932
21615,0.14428957260408248
21616,0.14861849861041235
21617,0.19373260693870922
21619,0.3172278071376785
21620,0.14974274240348745
21621,0.10754484037880288
21624,0.16358118997040286
21625,0.5255163263769139
21626,0.10849975519433512
21627,0.031192625459562567
21628,0.0688992826488903
21630,0.0641233223986681
21632,0.06858031401716534
21635,0.7319727424208946
21636,0.4669394035344681
21637,0.7592495226772832
21638,0.4278574067776054
21639,0.27252187668771943
21640,0.7783052271233935
21642,0.7562272588114006
21647,0.6501272293157214
21648,0.6315104930957005
21650,0.14023442385271126
21651,0.07697941389628643
21652,0.672671579612525
21653,0.12154041699942209
21654,0.060867566246275165
21655,0.019412477069465455
21656,0.1834109607194417
21658,0.11546967746191233
21661,0.17642037810189964
21662,0.12479773270711836
21663,0.22482943105328196
21668,0.8566696686875506
21670,0.0350867087014812
21671,0.07808104855590216
21672,0.16265082096156563
21673,0.6243128914614857
21675,0.10265991549784571
21676,0.25096346397617725
21677,0.15248764251188276
21678,0.19329467972563216
21680,0.11904828564817241
21681,0.0791596229229903
21682,0.05782178380782452
21683,0.04644507965270277
21688,0.1865965776159472
21689,0.1484725714160866
21690,0.05370483889719386
21691,0.23067751374336679
21692,0.1479773354860478
21693,0.08861383121306275
21698,0.07107359392984068
21701,0.023249690538216215
21702,0.7956202773709657
21707,0.11561402590397957
21708,0.6122966581689808
21711,0.1704491258189751
21713,0.06360115650547585
21717,0.33697776706599625
21719,0.21605945744059796
21720,0.12178266621856261
21721,0.13809264915243175
21722,0.23220940367444096
21724,0.34902562931560344
21726,0.03783114350697049
21727,0.5485842057790532
21729,0.03997299318450134
21731,0.09815379968508163
21733,0.09964220106364961
21734,0.04886417324787193
21736,0.19669081131399374
21737,0.11361899155982558
21740,0.5129517437869279
21744,0.1715460706395413
21745,0.252778258576667
21746,0.08848338582689307
21747,0.255416005369086
21749,0.2571094489440539
21751,0.10894578825970114
21754,0.13759529916196808
21755,0.09494228211908427
21756,0.5992686950194116
21760,0.11534271130131521
21761,0.20770172258556796
21762,0.25811774346704963
21763,0.2701589852753337
21766,0.2929860998828627
21768,0.06409543495566314
21769,0.24947330083144145
21770,0.14034830388054315
21771,0.07619808994836885
21772,0.46614373231528106
21775,0.6554345282975015
21776,0.13599264509783307
21781,0.11190307773489565
21790,0.7690423788325065
21792,0.15388165243263957
21794,0.20994791564914617
21796,0.1171235056817586
21797,0.19901395527842838
21798,0.12421376461776888
21801,0.7754336635598471
21802,0.06976174254793192
21805,0.06977569475082121
21806,0.04155240975352687
21809,0.1574094803740818
21812,0.6854865443306968
21813,0.24627384775923924
21814,0.11249494576532702
21816,0.6797107770980941
21818,0.04438818270884528
21819,0.10745872295204013
21820,0.2197109350439244
21821,0.11692627308666668
21823,0.5761036493578751
21825,0.029589431499861856
21826,0.14530473052844095
21827,0.025117974284964133
21828,0.11107483917873719
21830,0.11093890765163357
21831,0.31805315128217126
21832,0.43927202233199
21834,0.7310361388313504
21839,0.11237297181509058
21841,0.6088148398911096
21842,0.05734802954984673
21843,0.0875757230759303
21846,0.03281472546526183
21847,0.0582729742687194
21851,0.05371337509375134
21853,0.3665706186292348
21854,0.3495365352201776
21859,0.0756752942062423
21863,0.09408864636092279
21864,0.03283026421290158
21865,0.22166641850143343
21868,0.1706043756776583
21869,0.4670988202689146
21870,0.17668929223403262
21874,0.30823463526428185
21876,0.027334046330122565
21880,0.27244189566960764
21882,0.2639184148670674
21883,0.12970449638344597
21884,0.09361333579416124
21887,0.046520779624910906
21888,0.023491203452716953
21891,0.10602087147712302
21892,0.5969550097353545
21893,0.06971418444801496
21894,0.04681344446522408
21895,0.23688241968552956
21896,0.09815090492602332
21897,0.2627803199113415
21899,0.09033242098783106
21900,0.28443823670120116
21901,0.5906566440854205
21902,0.044102284572283476
21905,0.06201049264945477
21907,0.2211697450896463
21908,0.06026188426773846
21910,0.10828136714588517
21912,0.13362270965935408
21913,0.06670962566645587
21915,0.08769632448443578
21917,0.5286018306166709
21918,0.14004853412865156
21922,0.055064488149955376
21924,0.09239225680720724
21925,0.11035274948088715
21928,0.033065496711914416
21929,0.05761449906708513
21930,0.07402230925235796
21931,0.3063744665277733
21932,0.03769108216149466
21934,0.15529468808714625
21935,0.24065621752439165
21939,0.1453750532996429
21940,0.12058275136544663
21943,0.08654114612639302
21944,0.035047913579860056
21946,0.0972427431468042
21947,0.098767934273204
21948,0.34112026349124014
21949,0.13789033753224567
21952,0.10219665560652365
21954,0.035571685345337146
21955,0.1770143456537401
21956,0.1563187937153885
21957,0.138992385078347
21958,0.21773946382779086
21959,0.12213315285090351
21960,0.029305846559854895
21963,0.05033091788871389
21964,0.10327222129930579
21966,0.48681635915710947
21967,0.06092126841090961
21968,0.06586219435701639
21970,0.017298030548321998
21971,0.06420883789122099
21972,0.41977340850841693
21974,0.06703408345067563
21975,0.7752492755033971
21976,0.07887180185647369
21979,0.06372269242879958
21980,0.10779594858051661
21983,0.06064357734186306
21984,0.08402829452898966
21985,0.24200076877208754
21987,0.018817517727740454
21989,0.0532455229178619
21991,0.10800534646581023
21994,0.03268995606436851
21997,0.2346741784657231
21998,0.10908639772644729
21999,0.0626905572419257
22005,0.10295186819874298
22007,0.08356325128100804
22008,0.10282174473007882
22012,0.7260813257754039
22014,0.09669288933597922
22017,0.2533189195223942
22019,0.12926099024406465
22020,0.10691652395673021
22023,0.2023532692093276
22025,0.1691906020763598
22026,0.14371392327335075
22028,0.07889976144196834
22033,0.0420996936491425
22034,0.02065232626357457
22035,0.023378620437131556
22039,0.0768306849096745
22043,0.3338656140150988
22044,0.037078766128732045
22045,0.05257860360251587
22047,0.029306539606505158
22048,0.3716534345854546
22049,0.04340740028445084
22050,0.14304485498683167
22051,0.15888904438755305
22052,0.14161782573213305
22054,0.2740091743740501
22057,0.27806408830962676
22058,0.047546839876653854
22061,0.8239762791470963
22062,0.05165214700347531
22063,0.18600003653941638
22064,0.19545228190131445
22066,0.09560186522746042
22067,0.08508525393142542
22068,0.13529877825112258
22069,0.06268385149964101
22071,0.12719551322379238
22073,0.08482650561915928
22076,0.23687085913699113
22077,0.06870444691852491
22082,0.19712685072980182
22089,0.16536685459954026
22090,0.23096910872162663
22091,0.2232423381224638
22092,0.053441877007326506
22094,0.2874818269947965
22095,0.6577696754381515
22096,0.1542070740225327
22098,0.19053462041794686
22100,0.07660110707320701
22101,0.06782509683156333
22103,0.061756564675642334
22105,0.12411356675437579
22106,0.13005096678465422
22108,0.7771249241154765
22109,0.02745527775993829
22110,0.12781733680419666
22111,0.053193114441307573
22112,0.7906129112200238
22116,0.10095439293921112
22117,0.12170779333115263
22119,0.07470868193801118
22121,0.16424763836894882
22122,0.16717091016636898
22123,0.12033572259094026
22125,0.784202092708349
22126,0.09400017465088967
22127,0.029878279812729794
22128,0.03086787588171167
22129,0.10811696814487363
22131,0.4467185811179433
22132,0.269599139825401
22133,0.21290732336893978
22137,0.062449705103019906
22138,0.2660085225828191
22139,0.14109233617413694
22140,0.15839541464164927
22141,0.03795031860581143
22142,0.04113663758224082
22143,0.5849266250322905
22145,0.10918134420477643
22146,0.0417948547130343
22147,0.09172334354654309
22148,0.12080720762303566
22149,0.13761612781255467
22150,0.252915112866116
22151,0.14668055142812583
22152,0.20743244112488093
22153,0.6609336244116863
22154,0.057609331142439844
22156,0.11791224383289961
22159,0.1127469804573864
22160,0.0889478522055066
22161,0.03138760457329406
22163,0.33836456947419913
22167,0.26577051536741425
22170,0.2731222901399772
22172,0.03146106529139166
22173,0.07632403128729984
22175,0.08892135635356024
22176,0.05688986740941315
22179,0.07976298210123646
22181,0.06552040937474571
22182,0.09325590671681724
22183,0.2318006569416143
22184,0.09379093759569042
22186,0.01220238335060058
22190,0.2058968934194656
22193,0.223736221685791
22194,0.19154535763592104
22196,0.12603077486103698
22198,0.15579019335429214
22199,0.14957637129122398
22200,0.05694567222428327
22201,0.09425870432099477
22203,0.4910017827492367
22204,0.11129923902826412
22207,0.10418885293057621
22208,0.061643137814523664
22209,0.1215074774992172
22211,0.05463392181042448
22212,0.14377369118211816
22213,0.24372810528136357
22214,0.16135558180009055
22216,0.11796006926559975
22217,0.12335023564137731
22218,0.24543636791335446
22219,0.0425301475829085
22221,0.020999302627395
22223,0.022729684700211132
22226,0.05548755585638086
22227,0.093973177859458
22233,0.05504133536106874
22235,0.049628627885220815
22238,0.04722300884283516
22240,0.02782057183178911
22241,0.1803702361503954
22244,0.10781424798859368
22245,0.19178314672928545
22248,0.15372431574324363
22252,0.2006634121745234
22253,0.013398254901747463
22255,0.04853641294308148
22259,0.13024919905405158
22265,0.034646405955299386
22266,0.01024989655209396
22268,0.06063793355300591
22271,0.04245554402676324
22272,0.0818102974658295
22273,0.04099849683592739
22274,0.04909303154342253
22278,0.12069065958307465
22284,0.15863459235620833
22290,0.20911643589805348
22291,0.7931107370001924
22293,0.11062561003659327
22295,0.06195451762040155
22296,0.07709298204957524
22297,0.03180346946817659
22299,0.046475961616593155
22300,0.25109608596486416
22301,0.10074974990945036
22302,0.03594609508403398
22304,0.1825369308658584
22305,0.1876267770235652
22308,0.18456786888220955
22309,0.1423277661496427
22310,0.11160038508161887
22313,0.05420536024771867
22314,0.12234100908576662
22316,0.28600276899223914
22317,0.13993264726470583
22318,0.120882534893267
22319,0.329139790815538
22320,0.1749229391282099
22322,0.1810268376382166
22323,0.13118382401295664
22324,0.04531592242528879
22325,0.06265323506218169
22327,0.04694038877364344
22328,0.31122929014882683
22329,0.05056911570547934
22330,0.0762316506670883
22333,0.045226089796973734
22335,0.05695839000461148
22336,0.39453822843615255
22337,0.06566592415047842
22339,0.0896513234679528
22342,0.1707834115910656
22343,0.02495867196713508
22344,0.046397908399984755
22345,0.1029599686644741
22347,0.033337889068126784
22348,0.06995057575268081
22350,0.04277559566727713
22352,0.04339719695534365
22354,0.06081618845282742
22356,0.2057317132849076
22357,0.027677434433971068
22362,0.10707169385901506
22363,0.19236110478959978
22364,0.1694313370865292
22366,0.3565694213162694
22367,0.13398771348305166
22368,0.07361656637262001
22370,0.013358904213269036
22372,0.2772269285485383
22373,0.032740752803251116
22374,0.04889929881460331
22376,0.17960803098792846
22381,0.023922642426005118
22382,0.06556544558607881
22384,0.03837831272761671
22385,0.07946882172448595
22386,0.1174917502583487
22387,0.8266045407578887
22389,0.03528858863528769
22391,0.0571083096869827
22392,0.650552333772077
22393,0.07311628353897993
22394,0.08823562415565912
22395,0.02711946539756439
22396,0.03886711413196224
22397,0.07163674135594829
22400,0.08085004675385624
22405,0.08529006086614863
22407,0.025611759192663838
22408,0.046423989848987185
22410,0.35768319991067216
22415,0.6564955939842922
22416,0.7853584153834071
22418,0.19185214467248785
22420,0.06967670575293317
22422,0.4853014677177652
22423,0.09485994268862466
22424,0.1460713628121026
22426,0.20070315292495314
22429,0.045958050892689575
22431,0.24266729704104079
22433,0.33782348633394527
22434,0.25867273832815346
22435,0.048683012926859705
22436,0.16333961671851785
22438,0.010000462802347633
22439,0.4965366490247085
22440,0.04976139508353254
22442,0.15724199361744787
22443,0.3221876133606139
22446,0.05946528027505956
22447,0.2004664261132911
22448,0.1859923421001754
22449,0.4262354139077526
22450,0.09965859986717177
22451,0.04900703927229254
22452,0.08783068936023437
22457,0.05781763278993315
22458,0.13446582349003894
22460,0.806507792010583
22461,0.09910123463784326
22462,0.11740694449689434
22465,0.7512426719478408
22466,0.044698442961420934
22468,0.24814597503813857
22472,0.2786078250541583
22473,0.6879183425391352
22475,0.45771387527145335
22477,0.12755380224622473
22478,0.07748770967942187
22479,0.7848345330263444
22480,0.4817824815744099
22481,0.05289840062966793
22482,0.05056161890113084
22485,0.19236930849480333
22486,0.2929951278544254
22487,0.015676829571222926
22488,0.09104984920070024
22489,0.2880774225053401
22492,0.08921485532891853
22494,0.25624297465711676
22495,0.7539321903443316
22496,0.14762197166714258
22497,0.13985052701866377
22500,0.035351695251024544
22501,0.1399843633938353
22503,0.4703790616448539
22504,0.15956796910113386
22505,0.027682950312203868
22507,0.8237752734963194
22509,0.06454847145751805
22511,0.23018272328643036
22512,0.2503653525769405
22514,0.05000669547593666
22516,0.09044739908235695
22517,0.02191880692707146
22518,0.2044376812108184
22519,0.029421188536728756
22520,0.013186840603480491
22522,0.03850324661099763
22524,0.2929063916001585
22526,0.0880705428790973
22528,0.2084926770718273
22531,0.01579384067765882
22532,0.11847373993468402
22534,0.12375234733560532
22540,0.057938488856180206
22541,0.24543661634992758
22543,0.6506596015609303
22544,0.23552884812387676
22546,0.09401676323247461
22551,0.6193416513372254
22553,0.08200453749965246
22555,0.32841037160600806
22556,0.028710355592259595
22557,0.13433002062555405
22559,0.22158654272407827
22560,0.044840451623683754
22561,0.2555544283994817
22562,0.2075202522614891
22563,0.02000776871421635
22565,0.018811724801745595
22566,0.12298683300684704
22567,0.7964099086725432
22568,0.15006163778398685
22569,0.2618638642050449
22570,0.04841833824452635
22573,0.20848415242519572
22575,0.24897346850251423
22576,0.05756634433087302
22578,0.10633133493361129
22579,0.11020178801266027
22582,0.10084462599670593
22584,0.0172819116858234
22585,0.34294822349483356
22586,0.22637323071262325
22587,0.06311394214795647
22589,0.04870262938747099
22590,0.08426404133276492
22591,0.10550121728274972
22592,0.03613789810620018
22593,0.1856655992976809
22594,0.18443857780691825
22595,0.05977119808681161
22596,0.2970909099068412
22601,0.07558491773399907
22604,0.24299375372763585
22607,0.6372303843689108
22609,0.03954026446669946
22610,0.10421236429296958
22611,0.8220797111199122
22613,0.017751096279198457
22615,0.09266866523212225
22616,0.06557751976923637
22617,0.06938571859862537
22619,0.6333364448002278
22621,0.7099906167030987
22623,0.6239144240917494
22625,0.060417705496152725
22626,0.5425029917650513
22627,0.050277395715348304
22628,0.4002447356508223
22630,0.02470250764201661
22631,0.19979907404245234
22632,0.017483720977148585
22635,0.10509589262225742
22637,0.05020585067761361
22638,0.1262227176804058
22639,0.034270572223632494
22641,0.11639818289821029
22642,0.06967316237741042
22643,0.20782974156628564
22644,0.03758941569270905
22647,0.2814460011563894
22650,0.07587517986937019
22651,0.039270592218771196
22653,0.13675080274062815
22656,0.17761741320640204
22658,0.03396381432218367
22660,0.09203191474504747
22664,0.0994282559715759
22665,0.18896282168163323
22666,0.06472465852359215
22667,0.2656102735760796
22668,0.3911954818317665
22669,0.13682141600336997
22670,0.030182909874144147
22672,0.23636062262258595
22673,0.12714031981650056
22674,0.021440767633243714
22675,0.19184641077882522
22676,0.05292174500543728
22677,0.18115297814083314
22679,0.10219996506294252
22682,0.04641996762901338
22683,0.13641356599797994
22684,0.0618126813859958
22685,0.014604107158875883
22686,0.18019315776229183
22688,0.28122513830897894
22690,0.05195532599324936
22691,0.639756498337176
22692,0.13881205243181877
22693,0.19150631732631382
22697,0.17501252236242165
22699,0.09310835927180354
22701,0.05340505245337109
22703,0.055885800198555935
22705,0.14819461734907158
22706,0.24539410053216845
22708,0.11154232914837495
22710,0.1860258004985572
22714,0.017322161388973092
22717,0.08618892808823717
22718,0.16901349422551584
22719,0.04519684660260688
22722,0.12156192958143414
22724,0.16830689946461674
22726,0.4191661341175316
22727,0.2874818269947965
22730,0.43941018957642547
22735,0.04084562852810765
22736,0.07780353994047903
22738,0.13751049887516448
22739,0.12794079095038663
22742,0.09219868542313156
22752,0.05923518300241106
22754,0.6856098188540876
22756,0.037913446955468826
22757,0.06493401498985504
22758,0.07827456007361194
22761,0.026176385722892725
22762,0.06940663756157173
22764,0.024507699366801822
22767,0.02817686544768383
22768,0.1839743402766204
22769,0.20075995992789739
22775,0.0712867476469443
22776,0.020614025694639458
22777,0.08508151480423376
22780,0.04281173063743162
22781,0.04264887554510519
22782,0.04603432061951798
22786,0.3113683208705621
22787,0.6210154859375449
22789,0.6653194053672438
22791,0.1719800513391957
22792,0.7593753478524784
22795,0.0800949677879869
22796,0.029416617989259188
22797,0.043343399464726984
22804,0.0431523156021396
22805,0.03276820522714536
22806,0.37340228361744315
22808,0.10108051838671094
22812,0.14607413229919364
22815,0.3542198763610399
22820,0.020121140742254597
22821,0.05389695057819562
22823,0.07557676253296566
22828,0.014281969249095314
22829,0.13326706778240024
22833,0.11951518215007206
22835,0.02035717150658063
22836,0.02451776456325447
22837,0.22480765037153505
22840,0.1047631634524695
22842,0.09388034704941961
22844,0.10530292184666559
22846,0.13638649248261206
22847,0.1957919726057906
22850,0.2594236985624695
22851,0.1830048707404704
22852,0.5726203489600048
22853,0.4177199882087871
22854,0.11615810436915128
22856,0.21079221149638605
22857,0.06912737275803939
22858,0.08928965456714809
22861,0.25292318103485073
22862,0.16729627076626322
22863,0.651711714676784
22864,0.018853327497542167
22865,0.19404350825628533
22866,0.15556345971561253
22869,0.18961260548369663
22870,0.32548552973869915
22871,0.08233776431060222
22872,0.5737093471461502
22877,0.14418692482722298
22878,0.07454241706075909
22881,0.47306177610085903
22884,0.22670073090704923
22888,0.06622383341367252
22889,0.017646686466122802
22890,0.12022259225631439
22892,0.06561451836135213
22893,0.08076065637289888
22894,0.04139574051803985
22895,0.08776587292499771
22896,0.5571012382348007
22900,0.22778136115059144
22901,0.8178338632417895
22906,0.1690397523310098
22908,0.03718222863591365
22910,0.07764274159911443
22911,0.21345650545951997
22914,0.17960947254147058
22915,0.2642146628434669
22916,0.1148076203359198
22917,0.2435133904104646
22918,0.1057588167778603
22919,0.2101888292932458
22920,0.047668321364144006
22922,0.1285502932314399
22925,0.2041759578107698
22927,0.21560651292819577
22928,0.11116814783260329
22929,0.08524046187207335
22930,0.1543600037889098
22931,0.12347379039761783
22935,0.15851979958444049
22937,0.2794383569935054
22938,0.2135684523332618
22942,0.057836364313685024
22943,0.09356833846638789
22945,0.05962261459808731
22946,0.08607954428014589
22949,0.08956964151835115
22950,0.07980587987261842
22956,0.08984774825113792
22958,0.09337826298068196
22961,0.026245558266525085
22963,0.24143726327892362
22967,0.16953985344197356
22972,0.06527228735864911
22973,0.15030406805587612
22975,0.1288612196605331
22979,0.4115822605243002
22980,0.1100798677761369
22981,0.025653062626687165
22983,0.04088378095660409
22984,0.06306944699178266
22986,0.07407929921084469
22987,0.030606663392169272
22988,0.16398298990879434
22991,0.22346851601186768
22992,0.206555083508355
22994,0.48584479428462723
22996,0.0494248110677257
22997,0.046572058934728794
22998,0.031247404399687522
22999,0.09071214549769226
23005,0.09973452692597323
23006,0.682442907457793
23008,0.06243013999735417
23011,0.1930040677564989
23013,0.13566873172638547
23014,0.04183366435980403
23015,0.06039211887313256
23016,0.05172942700835881
23020,0.06816277465458095
23021,0.042970296131994844
23022,0.11801944391285997
23023,0.05604289450965124
23024,0.8574722178949763
23026,0.08745162055550346
23027,0.11821490073748668
23029,0.0931704644582555
23031,0.7824768845778246
23034,0.37269978594387243
23036,0.07627786448778975
23038,0.2016902857949851
23042,0.20393986690020327
23043,0.07914797706307783
23044,0.14772245715506804
23045,0.04446484540640956
23046,0.2738138591353381
23049,0.7301267997574231
23052,0.19201405650624312
23053,0.19204452668874933
23054,0.10202674964166537
23056,0.07140288221161396
23057,0.1432860280802285
23058,0.05475230578991964
23062,0.03759741376220283
23063,0.047924539734399
23064,0.35444241344329136
23065,0.06561308131628978
23071,0.12189824769434833
23072,0.030209829710607858
23073,0.09889837221475921
23074,0.4324967060990054
23076,0.07255700074055504
23077,0.08530091595168617
23078,0.14559042123535545
23080,0.07043554213814544
23081,0.3677334894005796
23084,0.055748825478122634
23085,0.013376892905243146
23087,0.08413188740117851
23088,0.794265199837155
23089,0.1160033188437529
23091,0.35122835866097807
23092,0.028283548425592962
23093,0.18975336194147638
23094,0.2890506700271747
23095,0.09509893501488106
23096,0.22211487524798468
23097,0.042586540015727085
23098,0.010715439888205613
23101,0.08158295808442169
23102,0.05811230433524116
23104,0.2877028912043548
23106,0.04080715863788928
23108,0.0379956609187109
23110,0.3293639164824186
23115,0.07348604000442469
23116,0.14467607443132466
23121,0.055442382575197235
23122,0.2529485967564078
23123,0.02184084649589789
23125,0.24327355948520005
23126,0.146423685645415
23131,0.31989726638378546
23133,0.14113813784420182
23136,0.5327156754347988
23137,0.020232791306516368
23138,0.09076709233560516
23139,0.09247699477969114
23140,0.17910727728652825
23141,0.19605966803846928
23142,0.33273932852188404
23145,0.19720509936619138
23146,0.0724895366858541
23148,0.044458256033952315
23149,0.608174041638987
23150,0.15340264594295094
23152,0.1094930729025609
23154,0.04766042444499965
23155,0.30128183828589805
23156,0.6049319843311287
23159,0.5733588503501675
23161,0.10625376492851936
23162,0.17421642908270382
23163,0.02639029299913433
23164,0.04824184468407073
23165,0.2736614705091656
23166,0.257717815101055
23168,0.04258926545050663
23173,0.16848157403400377
23175,0.02285497321384647
23176,0.037094245642809526
23179,0.17785668628996293
23180,0.22116456038581359
23181,0.07919869133545147
23183,0.032026483468779
23184,0.07851764031268263
23185,0.08705467445635622
23186,0.028399118889948918
23187,0.1567544719256865
23189,0.20022076374928388
23193,0.08278466469645043
23194,0.1751003091088507
23197,0.028274099258923806
23198,0.1756679632333184
23200,0.167745981376391
23201,0.0851888146072772
23203,0.043957474280455176
23204,0.02848783537522247
23206,0.43140396019316984
23207,0.08688523843366046
23209,0.029714454894774735
23213,0.012774056658633615
23214,0.17027361515164058
23215,0.16825666842796075
23222,0.07050497669064838
23223,0.16680383102481494
23224,0.03105319020024786
23225,0.16391887757179266
23226,0.20476038749640776
23227,0.08970640883897285
23230,0.024473783698397096
23232,0.06874747249471398
23236,0.14152038397209735
23238,0.12062504655146451
23239,0.15231748950160506
23240,0.6930556438832108
23241,0.11797130919613645
23242,0.24620138039980155
23245,0.1536041278586143
23246,0.10847909066604808
23248,0.05396417261439511
23249,0.12317527329166877
23250,0.20460438987495433
23252,0.14244414493983162
23253,0.7145660651397958
23256,0.19035407816796437
23258,0.1278012559506197
23260,0.1708237207153069
23261,0.33791552233783434
23262,0.17789128973412563
23264,0.7644822928120425
23266,0.03288336079263365
23267,0.02684044753629938
23271,0.13923156163195075
23273,0.2840774251968937
23274,0.11712379625535362
23275,0.05030249244262737
23277,0.058661506295497066
23279,0.15283674238795103
23280,0.029311098637613067
23281,0.04423143459825824
23282,0.5776261965588183
23283,0.3563756447539757
23284,0.07188656244280651
23287,0.45554431535992224
23288,0.16637154468541945
23289,0.14343154209735143
23292,0.2777644655478374
23295,0.18047767725586358
23296,0.058430214179470225
23297,0.4456759712422895
23299,0.1072894252468333
23300,0.0478990919011453
23303,0.08799361035243644
23309,0.14499818486472946
23314,0.1804808405098186
23315,0.017031849849424078
23316,0.5646518209419852
23318,0.34733907742269376
23319,0.2035247109339701
23320,0.0670778842606751
23322,0.04374824655664826
23330,0.11563591932393773
23336,0.13163221376606302
23339,0.5024490248344374
23340,0.6970308864190211
23341,0.25466689245363494
23342,0.38594565351106314
23346,0.04599105874612993
23349,0.24263458031395482
23350,0.1401473106120074
23351,0.13684146880386053
23353,0.13286801743595522
23356,0.8551386678961117
23357,0.10426497995795651
23359,0.08428159438479194
23360,0.6425324708498433
23362,0.2289589794100697
23364,0.0083180892567303
23367,0.18391853388635102
23371,0.021106995074687454
23372,0.021433049144769414
23373,0.02600991996451466
23374,0.23450731001768318
23376,0.10416444507777584
23377,0.12319609144352538
23379,0.07280175702387898
23380,0.058734666363326166
23381,0.03934341008895197
23382,0.02755389399165271
23383,0.35374691059097363
23388,0.08721156316491878
23390,0.036980224490398
23392,0.08929872063740632
23394,0.019699999473880292
23395,0.09495825510251923
23397,0.10696258600009083
23398,0.07684174299394843
23400,0.30004373513967525
23403,0.09651494188793891
23409,0.5821897701430114
23410,0.09621840621992957
23411,0.16564589891549322
23412,0.05518039046706857
23415,0.25376835012318794
23416,0.7269619806499917
23418,0.7231432178260859
23419,0.39588099317079783
23422,0.03087034751716227
23423,0.4052142639597658
23425,0.037167696575588216
23426,0.015471745324562356
23431,0.0974574619350422
23435,0.11533384268072173
23436,0.2016328680184527
23437,0.24357413815450565
23440,0.020711174555434215
23441,0.1185698397176483
23442,0.032035357895158705
23443,0.19828826784455275
23445,0.06408128421889611
23446,0.029681352746435782
23447,0.3825257880626015
23449,0.10556211314233065
23451,0.14796410571737958
23453,0.04176589715956728
23454,0.168620604386188
23456,0.23021543745389914
23458,0.06080487941782837
23459,0.2852892528390607
23461,0.2607043953224016
23462,0.05101507082284272
23464,0.44559618223240677
23465,0.36868554211522037
23467,0.27904243804501516
23468,0.029857724895651604
23470,0.29368143188749796
23471,0.20905462855774423
23472,0.2730842936874983
23473,0.01022702417252844
23474,0.11683072847849456
23476,0.08472120428191801
23477,0.007355112722969893
23478,0.5315569714630543
23479,0.08869118521814763
23482,0.5212256678775989
23485,0.2651825936941692
23486,0.14744658027145569
23488,0.057004489649247446
23495,0.07420151198592072
23498,0.024262825425502708
23499,0.02084863354357714
23500,0.14519802587471536
23502,0.46391985190589324
23503,0.052505189343339774
23504,0.24888024344431933
23506,0.6170367798787697
23507,0.05294926607805974
23508,0.02743194703197073
23509,0.5318994707094643
23510,0.39915257755432
23511,0.0865107208184349
23512,0.08507353318548974
23517,0.06567462117537386
23518,0.03576674514521325
23521,0.30128183828589805
23522,0.04968682751405692
23523,0.06050641682774279
23525,0.11029418277370537
23526,0.4858130016506503
23529,0.07613535940245109
23533,0.4624728939777414
23537,0.06863755113363557
23539,0.05744497689753278
23540,0.06136524278401802
23545,0.07244728608264969
23546,0.15569397551415604
23547,0.07934791395435525
23549,0.02025740150638042
23550,0.14853458101589476
23551,0.14401319925992892
23553,0.07914344909604792
23554,0.07119275075390212
23557,0.025506687629070803
23559,0.024661742362407604
23560,0.04669259980319948
23564,0.1434021706719068
23567,0.010094408235286659
23568,0.21005870025412784
23573,0.04986621829702036
23576,0.4196815556821854
23577,0.10207997708633774
23578,0.03406500901822509
23580,0.15496312462251824
23584,0.11015700862912789
23585,0.18895144901792701
23587,0.059613720119636116
23588,0.1214330156633087
23589,0.08128794719611607
23594,0.09587979657738568
23596,0.13575488178283296
23597,0.17915915679750669
23599,0.08173841216675297
23602,0.08489022797502639
23603,0.7847978318698605
23604,0.47435621116018806
23605,0.07891352749381073
23609,0.34821532272739236
23610,0.13548859184364656
23612,0.20405696645572702
23613,0.08054554260861872
23615,0.18301353899349943
23616,0.7920321049403483
23618,0.4785019038114316
23619,0.6183133870549081
23621,0.057768460574581036
23623,0.3762027214567975
23625,0.014976235778962194
23627,0.039734291610008854
23628,0.07087641555116857
23629,0.039155114929623355
23630,0.13361493841870933
23633,0.19052010228809857
23635,0.04510827038099342
23637,0.0225742065128808
23638,0.059769495067513674
23640,0.3429828968355923
23642,0.3086058335297782
23643,0.06836971574612884
23645,0.0197239071431651
23649,0.27829904494361474
23651,0.15895460782016
23654,0.07007711054812647
23656,0.40760180164586324
23657,0.3732656760565414
23659,0.15426170153212376
23661,0.07241781008078023
23663,0.8222039148395415
23664,0.09447214747877893
23665,0.7902038256855688
23669,0.1253555707838969
23671,0.4938086251989733
23672,0.1722804630791127
23676,0.09552376268608222
23677,0.04769938242493863
23679,0.10991306645625534
23680,0.3692488061155625
23684,0.030218140340966915
23689,0.19515761810072654
23691,0.13558868432362184
23693,0.11076593443323052
23694,0.028370271155163124
23699,0.6280120962482343
23702,0.25871802385150083
23703,0.03423494951244361
23705,0.8242855904776765
23706,0.11623050505908647
23707,0.14936414719520508
23708,0.17265113309693342
23709,0.17909168168456993
23710,0.2096826228891125
23711,0.822675683165032
23713,0.3931896643609627
23714,0.079108865480068
23715,0.05769734880940892
23716,0.5365625476777509
23719,0.06973563762680418
23720,0.08802643626192268
23721,0.09410657714034422
23727,0.22679089142197256
23729,0.12475281685491355
23731,0.18736123585364278
23732,0.13513957787195732
23733,0.8535669133288134
23734,0.05560571088172988
23735,0.02962812955499693
23736,0.030496986702649536
23737,0.1570896654103958
23739,0.2571932939850716
23740,0.08246821498808704
23743,0.7632315886985691
23746,0.4358084551761039
23747,0.10400520508420663
23750,0.06517307097399234
23752,0.5740241345512603
23753,0.027894237499136037
23754,0.19272738413013318
23756,0.26362714417401245
23757,0.013562542366984594
23759,0.04413936493841757
23761,0.060591668687802316
23762,0.03229734427296607
23770,0.13201483545261797
23771,0.04691868875193973
23773,0.1873725407575752
23774,0.17407439643431477
23775,0.16098057745809324
23776,0.0896051944240034
23778,0.852845417001567
23779,0.44986319024235016
23780,0.05791676082808647
23781,0.06840626395509639
23784,0.19130031027553834
23785,0.05808214183626583
23787,0.5112245462093077
23790,0.257233339329913
23794,0.48212660369718985
23796,0.06051571571123808
23797,0.06686226965753937
23801,0.09111685230386814
23802,0.04129446421564602
23803,0.5688800599074281
23804,0.06511259841577588
23808,0.03798079632234371
23810,0.24535848637578875
23812,0.7023348858418764
23814,0.11517249759687904
23821,0.12070775917642007
23823,0.5430606767191961
23824,0.14199607616054086
23825,0.1557477890377798
23826,0.587135419492196
23833,0.21024343651692917
23835,0.24629266386291696
23837,0.2555762893510259
23839,0.07924614671981585
23841,0.3692919553748513
23842,0.07130057323750401
23844,0.28060780146159103
23845,0.38427407860545426
23846,0.1427958041183391
23847,0.09601806140966526
23853,0.7757951711327591
23855,0.10667269802457717
23856,0.05812504318966712
23857,0.6571766569395766
23862,0.08289120713122611
23863,0.3385844516861146
23866,0.6531791535661923
23867,0.135655359384736
23868,0.10970815877456953
23870,0.25385021589805395
23871,0.08001694592375314
23873,0.019219131874973927
23874,0.07496007005705654
23875,0.5813124204682037
23877,0.20699230837217503
23878,0.29768608575257055
23879,0.08459423807926729
23881,0.3347283914848627
23882,0.16283459202884834
23883,0.04785484899243111
23885,0.2567034151025073
23886,0.5271857267428823
23887,0.018917118925631214
23889,0.16334027809721846
23890,0.3104927620950517
23891,0.13730831587084175
23892,0.33433029301314254
23893,0.05043177787114688
23894,0.10373528775972629
23895,0.1049465609752702
23896,0.5028935362186024
23897,0.07479217587051358
23898,0.08642230374262054
23900,0.7560890041873618
23902,0.03873687784778982
23903,0.15476399620659348
23907,0.18539969839295536
23908,0.3228712479737377
23910,0.5317693298474908
23911,0.055442567803099044
23913,0.27110686886436414
23914,0.2056048884201035
23915,0.14684941691809517
23920,0.7012673548774369
23921,0.10012656188478206
23922,0.2048299493407967
23923,0.16860561872823904
23924,0.28438753860414084
23925,0.06945599257903523
23926,0.15044811707309366
23928,0.14208574618759662
23931,0.06274446441314936
23932,0.2065252175291212
23934,0.09003301638380028
23935,0.7871306960838355
23936,0.04217982968290439
23937,0.7087491853227327
23939,0.7996838444625292
23941,0.05850861447329538
23943,0.287518166699916
23945,0.22887740706785667
23947,0.0529427746406453
23948,0.13750670578651816
23949,0.09575769302714834
23952,0.2208747964542383
23953,0.23198723618569822
23956,0.3098607378318952
23957,0.10111634291454447
23958,0.2746209371849253
23960,0.16035473452709229
23962,0.15595359602211606
23963,0.09778657915572667
23964,0.23759334128947174
23966,0.13466763558524045
23967,0.10904560013666846
23975,0.17683438834453127
23976,0.08934918887327715
23977,0.04847769891248737
23978,0.07415641740030007
23979,0.40901411201161175
23980,0.5441316716302356
23981,0.06041450426500844
23989,0.2929441605044275
23991,0.1722985753631945
23992,0.18720030202474366
23993,0.16158561573338825
23994,0.26230790652236535
23995,0.08710183454166594
23998,0.1514476859912605
23999,0.09317062404100566
24003,0.03887795107746376
24004,0.3686742970204692
24006,0.043331374286598265
24009,0.11314384621377994
24012,0.6728348840291242
24013,0.6818180737868652
24015,0.13198295163405876
24017,0.18191500039705347
24022,0.2180105885285803
24023,0.7447206045402659
24024,0.022317385767547233
24026,0.8629102696465337
24029,0.2757885936220839
24031,0.05402940176154423
24032,0.22899876776880898
24033,0.3905014913388003
24034,0.06974593901928432
24037,0.07265173205905229
24039,0.7418605537842684
24040,0.7356001525189035
24041,0.10754917088176533
24042,0.8625117280886071
24044,0.09646786832142629
24046,0.17859278691075728
24047,0.06111669477091241
24049,0.06611876147755712
24050,0.11294787025415348
24052,0.2066219978639144
24053,0.2801047831759422
24054,0.05180799963051507
24056,0.310327541376475
24057,0.614455929119208
24059,0.04537460646036527
24061,0.10110535546561236
24062,0.05929599704987521
24064,0.030156865606423874
24066,0.18713958797473793
24068,0.016806984923323453
24069,0.1399913999104458
24070,0.10979114100758004
24071,0.11519381083598353
24072,0.17552032556348748
24075,0.16551544540629018
24077,0.08401574065117111
24078,0.025868344865086067
24079,0.06364172861084554
24080,0.15522340029814213
24081,0.10165417819597122
24082,0.12420427711778805
24083,0.29459254863928624
24086,0.018453943127991788
24087,0.09256832638784458
24088,0.3950661830608793
24090,0.2759687079590208
24094,0.4617125989357364
24098,0.10717756665326365
24099,0.012108720575334892
24100,0.05135329882714039
24101,0.46200814099764137
24102,0.10288333794825619
24103,0.5930441311105654
24104,0.09275663409857411
24105,0.14306898338942442
24106,0.1119696259350255
24107,0.21356866765288396
24110,0.3234904288395117
24111,0.13235508513095645
24112,0.0761651701056755
24115,0.10136693479761308
24117,0.03574733129082387
24124,0.4279967082802466
24125,0.09285175435323677
24126,0.3130628258992666
24129,0.1575714076241098
24133,0.5784993060782797
24135,0.1868845354817024
24136,0.09451105576258577
24142,0.13545349823234432
24143,0.11458772792950822
24144,0.22258117758730334
24147,0.0861105216773588
24149,0.12623631438651928
24151,0.17517291318045897
24153,0.02248119872029057
24155,0.6237231994149274
24160,0.7349112644602935
24162,0.04998159072318306
24168,0.8365138785641342
24170,0.11677163680881712
24171,0.05515429313387891
24172,0.03312615730376253
24175,0.03218108783449368
24178,0.060457411865490966
24181,0.15172409869361456
24184,0.03158556841426484
24186,0.1824223397156547
24187,0.1931601529014397
24189,0.2266438722566066
24192,0.2476423685577505
24193,0.529854038239257
24195,0.2363620104755246
24196,0.08096602916949244
24197,0.1781241522206893
24200,0.4935366600768085
24204,0.10203163992332738
24205,0.04637985845114286
24206,0.18460726595060056
24208,0.04120838419945754
24211,0.02045944252798294
24212,0.024684731804003584
24214,0.1293431914312666
24216,0.04445471442874629
24217,0.14196022543425785
24219,0.5918549803271075
24221,0.05520496124054787
24222,0.09448981765628471
24223,0.056667562145912766
24225,0.07922844212865286
24226,0.1212849423881753
24227,0.36406001399386745
24233,0.15981194545272046
24234,0.1478507125477343
24236,0.22984665839119395
24237,0.7047109442789629
24242,0.07810134573717441
24243,0.12842809609100608
24244,0.022704307255581792
24245,0.08918256445518649
24247,0.11973080828130564
24248,0.08117233690083893
24250,0.031520779627520916
24251,0.5301943048908228
24252,0.05246749523505947
24253,0.5265327667840135
24254,0.04029907331898589
24256,0.04882916876518285
24257,0.6156366076146262
24259,0.17611549102453267
24260,0.08017067414117737
24262,0.10037708872698207
24263,0.15436320319571153
24266,0.017573189338436844
24268,0.1600637899267171
24269,0.08445565800819645
24270,0.10518431374744658
24271,0.12706930910887534
24273,0.07796161030129059
24276,0.06466412525150168
24277,0.06311222426935222
24278,0.18965357286929946
24279,0.04109602307065266
24281,0.18433118332670403
24282,0.13832402013552808
24283,0.10386705272868109
24288,0.0401466596590847
24289,0.01492899611077745
24291,0.1260358106307491
24292,0.09605059277651633
24295,0.41716513488079876
24296,0.48422162832074106
24303,0.7417223960355928
24304,0.552018206097635
24306,0.046937583461763854
24307,0.02837698140403927
24308,0.482236129844278
24309,0.03475686293352479
24310,0.039302745155097005
24312,0.03993520554951271
24313,0.05478096699674911
24314,0.06366606755984078
24316,0.6537782232713948
24317,0.20079311187478469
24319,0.19048511407357854
24320,0.42953625972758797
24321,0.031571615573348505
24325,0.47057631264764255
24327,0.10021331467929569
24329,0.04749496571888604
24333,0.6668358024672159
24335,0.06837045172622497
24336,0.30401600928160294
24337,0.035098244437495436
24338,0.284256465353483
24340,0.12781154896356053
24342,0.7315465531014943
24343,0.47649637732610367
24348,0.052938263004144386
24350,0.1303319407719377
24351,0.6167425304900996
24352,0.08728550221002358
24353,0.10009024321387427
24357,0.22374283408535225
24360,0.7784438016380737
24361,0.15673428300291806
24362,0.448376591305119
24364,0.34967470838679837
24367,0.574015706452996
24371,0.23195855935241882
24372,0.06607544536295686
24373,0.42063338546254764
24375,0.08276675858184446
24378,0.06634194454688687
24379,0.3916247454589523
24380,0.11014965288374137
24383,0.5267489334455269
24384,0.12426226782294132
24389,0.08147396260498814
24392,0.08134356331200741
24393,0.10923283185613585
24394,0.13101340777186674
24395,0.7455616007010005
24396,0.44065990555839113
24397,0.3310191018889676
24398,0.8605522835456166
24401,0.7039276716694414
24402,0.06782452624310208
24403,0.030942936137447093
24405,0.10355548247973359
24407,0.1754469049196363
24408,0.11628534995927904
24409,0.0357618737644341
24410,0.08849466333952775
24411,0.23268440366358
24413,0.44237143994266265
24414,0.126889223393196
24417,0.03430655673425966
24420,0.07381398156385635
24424,0.7107183985885265
24425,0.2725645701134039
24426,0.11729870035711863
24429,0.30290176860401535
24430,0.05832104684296408
24431,0.2929544532310173
24433,0.08815482275246087
24435,0.18093468873452834
24436,0.39818349704367684
24437,0.09807650319458924
24438,0.05471775640523331
24440,0.02094102010946944
24441,0.6841564171280967
24444,0.10649616916469216
24445,0.07398570258808607
24446,0.15473590127392306
24447,0.03015241532294998
24448,0.022956094128703936
24452,0.11843579543701917
24453,0.036227940989162696
24456,0.21695069141418094
24457,0.11881953575829801
24459,0.5729041910862822
24468,0.04066476437379397
24470,0.06961685756300486
24471,0.0751916690187394
24472,0.5671456004222345
24473,0.02782862285661695
24475,0.20971212533601077
24476,0.2860489819561244
24477,0.06679483727415934
24478,0.06806021951115221
24479,0.5438030918593988
24480,0.11468213259339038
24481,0.13688564583720847
24483,0.19587277105969872
24485,0.22893200294453378
24489,0.12623125834012908
24490,0.0816890555062255
24492,0.016506827376925166
24497,0.045806749724815896
24498,0.383432130647582
24502,0.27624395048003
24507,0.6597562302004205
24508,0.023890609481638892
24513,0.050519103933276605
24514,0.030819321525081583
24515,0.05568744905973715
24519,0.35712656981817875
24522,0.0940977595325958
24526,0.20523786230508165
24527,0.07614628446551688
24530,0.32175541881268843
24531,0.18128727072667422
24532,0.2722719522535743
24534,0.029348006675075554
24535,0.4358476676735314
24536,0.17278792866460008
24538,0.24442968360057735
24540,0.032777320847074194
24541,0.059631737262874955
24544,0.1698596055132402
24545,0.5582556829546075
24547,0.16104159829429776
24548,0.03553183006350324
24549,0.3065061583514347
24550,0.17148571826348402
24552,0.05186219782798258
24554,0.07392128638499523
24555,0.07822471841382005
24556,0.10141666913257308
24557,0.20235637481679578
24558,0.12115431564514298
24559,0.7725433618451749
24561,0.4212238627195587
24562,0.15181149632234647
24563,0.04924245110483717
24564,0.0748816216299826
24566,0.348532896377291
24568,0.073859999687589
24570,0.26367762949356777
24571,0.863351396450153
24572,0.2144623425768574
24576,0.17818299481752548
24578,0.5046786010288499
24580,0.25272884324917594
24581,0.22245574395580595
24582,0.07635303393394227
24585,0.15129278511191996
24586,0.10609721542645488
24587,0.2346440671170179
24589,0.1219519001455038
24590,0.10789611876695529
24593,0.17361716740595515
24594,0.1290358497428325
24595,0.5080338748797508
24597,0.25761213959554097
24598,0.05508261036162999
24600,0.034315875285515364
24606,0.037887443299372804
24607,0.05755938909050084
24609,0.29002788225847154
24610,0.051317055533669435
24612,0.08590567684315145
24613,0.2715172895287393
24615,0.030352446434195456
24616,0.06478193671923783
24617,0.13534537361184978
24620,0.2790252372183622
24621,0.18856844920204
24622,0.10121770265403464
24623,0.045540381458009
24625,0.05890691595975054
24629,0.08380797261481593
24630,0.12002966752722048
24631,0.14456789354399746
24632,0.18410769474761235
24633,0.19142748095951775
24635,0.09827854824860809
24637,0.1899650342185376
24638,0.02634951187986376
24640,0.09978298785765684
24641,0.09211806488449464
24642,0.02834636883523716
24643,0.037380902599137726
24645,0.5340458053602195
24648,0.13277183302162268
24649,0.012237227046903457
24650,0.1168174202346725
24651,0.4562099515076497
24653,0.03611209809398385
24654,0.07007848782072093
24655,0.08805538966102136
24657,0.4482085484329288
24658,0.17388990337476667
24659,0.09433144981037522
24660,0.12833657648834998
24661,0.16643167454435442
24662,0.19340600739158328
24664,0.0936489333956612
24665,0.5777366946876531
24666,0.6370126492415229
24668,0.08849416240117935
24672,0.3134591277892373
24675,0.5780262875720138
24676,0.07141737771848562
24677,0.7194075291614997
24679,0.038068737369964564
24680,0.6640893283578502
24681,0.08638289420688203
24683,0.013327862416245569
24690,0.09445684122663284
24693,0.2969679692667422
24695,0.10726261120655617
24696,0.35762551620496624
24698,0.7390479314302303
24701,0.04068814688899749
24707,0.20907676215967141
24708,0.04114284851955071
24709,0.6323669043982552
24711,0.21605927849353126
24712,0.7593099243831652
24714,0.08551883777233847
24715,0.7222975643169471
24716,0.33315496755197266
24718,0.4148102276524113
24719,0.0712154111893917
24722,0.3319530683265919
24725,0.13904791107459963
24726,0.1018605699076143
24728,0.25099467488066685
24732,0.039137311417761556
24735,0.028018494460449312
24736,0.03323682343903901
24737,0.16183042632316585
24739,0.14048967047436378
24740,0.10537870092935621
24745,0.09589231460328032
24746,0.3425133487650753
24747,0.08078583662398008
24748,0.25483466966925733
24750,0.3631815144245907
24751,0.7060874003290775
24754,0.08601152599931952
24756,0.19853080701766
24760,0.4193096868196419
24763,0.02599439180538511
24764,0.0290225347323107
24765,0.10047408148712497
24766,0.7169787971197603
24767,0.009118091789443419
24768,0.7047162821654555
24769,0.4179613000946174
24770,0.11381835976233688
24773,0.19967122679152496
24774,0.18757190591809864
24776,0.5760563116476785
24777,0.03939618042095307
24778,0.14984764838269674
24780,0.17252435799704108
24781,0.02963295417540549
24782,0.632448467467633
24785,0.23411712997398204
24787,0.1439913893836901
24789,0.139369547428313
24791,0.10351180167311198
24792,0.26036777528708516
24793,0.1304915809474316
24795,0.16773112206033086
24796,0.0612419119086991
24797,0.2992622337712525
24798,0.673685324005878
24799,0.508695732522825
24800,0.5862055836072751
24801,0.06537617875607894
24802,0.7117615495308206
24804,0.1367210088548164
24806,0.21986099130031497
24807,0.1285408309574203
24810,0.11257401860648956
24811,0.1842248138261453
24812,0.13574904308771624
24813,0.17287024884051677
24815,0.09482614793535064
24818,0.7596446678117795
24820,0.22639902335199516
24822,0.15108988458920827
24823,0.049350068546708786
24827,0.13069042321234192
24828,0.6968378340607316
24832,0.08853305723416312
24833,0.040896982734173006
24835,0.5884001796547214
24836,0.15155280510940813
24837,0.04959536937595218
24839,0.08888800408568871
24840,0.19603669755906944
24843,0.031267649345247464
24846,0.07710341299854367
24847,0.30963432360892196
24848,0.0473191418763096
24849,0.04659949714107974
24851,0.13128361131867974
24852,0.3819937461075966
24853,0.5134672525916719
24858,0.38018728134938
24859,0.313677627750719
24860,0.1868963968913358
24861,0.27386631360738106
24862,0.05010616292513038
24863,0.24513358698638965
24866,0.4030453084906628
24867,0.23585297987983977
24868,0.04489777772489609
24869,0.05836945714589655
24870,0.1882451343066877
24872,0.3124538586171728
24876,0.1521921601051726
24877,0.7289450113507551
24879,0.46897204358391825
24880,0.04083631736602726
24883,0.034243073867456855
24885,0.6342124286346849
24886,0.12898656880207543
24891,0.2582539294108877
24892,0.08917583060838469
24893,0.14678801556805782
24895,0.1119899897209925
24900,0.6196676791870211
24902,0.41841761824168244
24904,0.022080087478251013
24905,0.047133351391974714
24906,0.14877264350849675
24907,0.4879748533243078
24908,0.07262512189374178
24909,0.11064767015677844
24910,0.05823999939963228
24914,0.30296165272269676
24916,0.23813135870956334
24919,0.024085035105744085
24921,0.006908437226785637
24923,0.059967005536290814
24924,0.034215779977026996
24926,0.21880111056254772
24927,0.4108035607371886
24928,0.4922627102584891
24929,0.06842965859237397
24930,0.3934317383103212
24931,0.15910716789192536
24932,0.04999885684184314
24933,0.2195086941252311
24935,0.19741196029940086
24936,0.058456652042837245
24937,0.16281803834670072
24938,0.30807820659449636
24939,0.6745024324905559
24940,0.043323728586657596
24941,0.1984437083941407
24942,0.12964707546909068
24944,0.0730000428780751
24949,0.11222953720810545
24950,0.03404880226167702
24951,0.5284955644716265
24952,0.11967348947887178
24953,0.179713203125351
24956,0.2490265303676758
24957,0.07694132910679516
24959,0.1330573284479624
24962,0.10972851371581975
24966,0.11868731081168417
24967,0.6163954483851748
24969,0.6919073202091011
24970,0.8077106276080851
24972,0.13873133617646857
24973,0.12171479917349035
24976,0.18912029956150556
24977,0.09172970254408315
24980,0.28024841607807743
24982,0.4535357250521091
24985,0.05619159232076705
24988,0.06559032542517093
24990,0.02667702838966585
24992,0.04972305143675539
24994,0.17279808874518782
24995,0.18565424919114956
24997,0.7078052210106321
24998,0.141758556716963
25000,0.39904173353038286
25001,0.28856373471635144
25002,0.183515612644576
25003,0.15082382950512327
25004,0.11709083034566399
25005,0.1574222698852349
25006,0.3839730275551112
25007,0.6709945881635426
25011,0.20006068568867627
25013,0.1293727872552149
25014,0.11647335827211545
25015,0.18118362916378386
25017,0.09384260930475247
25019,0.1590652920732422
25021,0.37589673207192864
25022,0.10223829917894009
25023,0.18015531333325108
25029,0.0872436087141839
25030,0.05851955763712963
25032,0.3261211064609728
25035,0.2990571741928925
25036,0.2184388805854764
25037,0.07914824770572944
25039,0.019181360133677796
25040,0.3215575078829198
25041,0.06672839411359323
25044,0.6932374731650638
25047,0.09010259544330153
25048,0.035661566588922416
25049,0.12002287727659822
25050,0.19710178414313356
25051,0.06647701758677292
25053,0.16444849805992462
25054,0.8636919684993234
25056,0.07628629395136219
25060,0.20314758911554345
25065,0.13192737439722205
25067,0.24934957104022698
25068,0.03465658668667151
25069,0.15195934296689428
25070,0.6457017633706531
25074,0.10802733516785484
25075,0.2136714790517369
25076,0.0523831765841672
25077,0.0683665340052362
25078,0.22215268313346562
25081,0.1512792504464967
25083,0.04229828727895489
25085,0.5151779495880298
25086,0.22219774971927075
25087,0.13988657858446132
25088,0.08239650597053895
25090,0.26808418722394234
25091,0.051744328249312355
25092,0.033798521710770864
25093,0.41481252623506404
25097,0.1809305376586236
25099,0.05583042759040028
25101,0.071610525238675
25103,0.7164065342284219
25104,0.24616386371168683
25105,0.22276986607274468
25106,0.15100390569020278
25108,0.11272858706582406
25109,0.05654877290896144
25110,0.782087022612165
25111,0.11307922168104174
25112,0.17934232840617007
25113,0.09115298839980607
25116,0.06256307172153185
25117,0.1435837202750806
25121,0.02991016817636659
25123,0.20466025784950895
25124,0.08083070333500594
25125,0.18045631552557695
25128,0.0800842536320913
25130,0.057401412132361405
25131,0.016227873716500075
25132,0.3491988284859861
25135,0.09939553480343422
25140,0.11082097254960221
25142,0.059987280406481006
25143,0.1628701053345154
25144,0.5427613254432356
25145,0.06051112466408682
25146,0.43007919830194835
25147,0.8405013486180485
25148,0.05828183083079467
25149,0.05447936086958029
25150,0.08310771160748814
25151,0.264665231866079
25155,0.7523881650977979
25156,0.5680440275419475
25157,0.1776435958224608
25158,0.2036927259736572
25160,0.02979078291926232
25165,0.082633143326612
25167,0.16251276185036376
25172,0.09912228322748652
25174,0.1837404560402997
25175,0.3425853505796169
25176,0.5343068621645626
25178,0.482073218761783
25180,0.045849780856596016
25181,0.4691815811355991
25182,0.2628269965025364
25184,0.09853768409642778
25187,0.08252826535811753
25191,0.30690867438958097
25192,0.8168282257193905
25193,0.4694009481511812
25196,0.27997741257424336
25198,0.094626753739384
25199,0.06014133174219581
25200,0.18099801808034147
25201,0.7129077615375589
25202,0.12354741601164614
25203,0.26161814757962093
25205,0.0881157686293511
25207,0.04556983727325078
25208,0.31437864359669015
25209,0.01674455514814291
25210,0.061074465592794634
25211,0.027545354610442236
25212,0.0673848963050107
25213,0.2504641106946372
25214,0.15450454259481486
25216,0.08948023571187916
25217,0.039442173775389125
25220,0.18729587853068555
25221,0.6735743787241127
25222,0.041994109922805264
25225,0.14680526984139872
25226,0.2546717167623871
25227,0.43059581461144203
25230,0.17626481610833108
25232,0.1291736226078891
25235,0.20478804089112873
25236,0.3024343672199096
25238,0.1318415889953977
25239,0.08118073591713929
25240,0.18700367429313272
25242,0.09897049458963335
25246,0.03377849303219004
25249,0.8319404278953849
25250,0.06054570790330704
25251,0.533404992338588
25252,0.07517978740566686
25253,0.6891261084474237
25256,0.6143046973076717
25257,0.13582524088804185
25258,0.6924535609391731
25261,0.5485094165939314
25264,0.20990299676947868
25265,0.2991983488414947
25267,0.09339708301504783
25268,0.09591246720087579
25269,0.1698512790314539
25270,0.12028055069086352
25274,0.17082493775917879
25275,0.1294758167440034
25276,0.09222280515568722
25278,0.0467469960399107
25279,0.07971603671053255
25284,0.7451511289473768
25285,0.13005748538099574
25291,0.06342782621380864
25293,0.27287480000472125
25294,0.09480266957914806
25295,0.0554533543752123
25296,0.06271996863415014
25299,0.591488566567331
25300,0.08852049032273876
25302,0.3427799458648197
25303,0.3452646510707997
25304,0.11581154717779385
25306,0.3909512974100468
25307,0.12939658329775275
25310,0.2174848535136189
25311,0.026847446735070227
25312,0.5326387612326293
25314,0.08837400654624016
25315,0.180437825224723
25316,0.0800071033072696
25317,0.7638145893204736
25318,0.053654897463351746
25320,0.04708268669362171
25321,0.18136087248755015
25324,0.04108384339996562
25326,0.05383723540117141
25330,0.34946261874427065
25331,0.04413850350817315
25333,0.017646929687648267
25335,0.031958604550146895
25336,0.10382529921870857
25337,0.16172653511881363
25338,0.032877925324693295
25339,0.10081388276597415
25340,0.16258593765070065
25341,0.041937919675395285
25342,0.10130234309298324
25345,0.18415897493397543
25346,0.08134313458890545
25348,0.25297166799392784
25349,0.2162772132598267
25350,0.1921255956007358
25353,0.1438811434781674
25354,0.5243052334652263
25355,0.0805660436832748
25356,0.1451494809817011
25357,0.04968909076041086
25358,0.07123147993283917
25361,0.21032640489555754
25362,0.13822807911557466
25363,0.15390835364056193
25364,0.6775069998836257
25365,0.08565684234442439
25366,0.0367296515396106
25367,0.0805543067693131
25369,0.22195023028882332
25370,0.09467787327158285
25373,0.06443736680210797
25374,0.47054647146189155
25375,0.047737645188032876
25376,0.05692319815770586
25377,0.09676948576513351
25381,0.128043459058452
25382,0.7940975554714039
25383,0.06522659527166637
25384,0.6117985237625112
25385,0.6817624152022008
25386,0.07809352770366813
25387,0.09002198916866616
25388,0.6119096521807547
25389,0.10497738542303055
25390,0.0756281526403145
25391,0.09631372178508721
25392,0.07907163981149179
25397,0.15185006583920138
25399,0.061234547810752195
25404,0.26543459500872085
25406,0.38882284966326724
25407,0.06242140430644182
25410,0.06276254636453395
25413,0.08390820349000223
25418,0.0502125751847419
25419,0.10388918670110879
25421,0.5273870922465258
25424,0.05333872022138475
25425,0.10605860406707691
25426,0.19860081716488825
25428,0.12404848321611721
25429,0.34610422861041656
25430,0.1172644308208415
25432,0.04470532955655551
25435,0.07731686663490002
25436,0.12176453515004662
25437,0.03433454872448157
25438,0.07923423936836219
25440,0.07950369866755894
25441,0.12364268145703995
25443,0.057040703648246024
25445,0.016386069945780474
25447,0.1622033280614807
25448,0.11402259770831834
25450,0.07785231239981956
25452,0.2247243062132709
25456,0.12191924259176902
25458,0.09344016895224799
25459,0.13599251503700263
25460,0.20139421009329003
25462,0.0564610158749291
25465,0.06865317084024143
25467,0.2034778895873683
25470,0.04800824403481026
25471,0.010169079150772085
25472,0.18095804286875322
25476,0.07618264231496678
25477,0.15653018552163092
25478,0.07584027417848888
25480,0.10464001745412117
25483,0.06959091964375598
25484,0.3158363886630438
25489,0.08525889376927982
25491,0.4498035594300543
25492,0.11002718122266025
25493,0.06810763947021896
25494,0.08690596881067218
25498,0.17912512448160353
25499,0.05458820243325627
25500,0.05741267346874159
25501,0.09700115130267034
25502,0.22583221301170658
25504,0.23683011192556563
25507,0.03525386814150848
25510,0.12782655730408335
25512,0.09282821055256722
25515,0.10455381625020004
25519,0.04529353849356901
25520,0.21864130354236772
25521,0.3234002577347868
25522,0.029784295058213558
25525,0.2085417342147203
25530,0.05317816550852435
25533,0.7404528431822869
25535,0.25315221599438065
25536,0.041181658455652366
25537,0.3636429874799975
25538,0.22593430046546997
25541,0.6747261029822141
25542,0.07130275281183844
25546,0.05584658481294042
25547,0.3145992495915552
25553,0.3996058169939063
25554,0.06000189803707696
25557,0.2537028005472162
25558,0.27324926169824904
25562,0.02169358830992437
25564,0.03357731147786226
25565,0.09043091743058179
25566,0.11019733448926954
25567,0.024939126637519897
25569,0.12548167517658482
25571,0.060111657529430575
25573,0.09481056948044701
25574,0.12950379483593324
25575,0.81788495179824
25576,0.08234877739799402
25578,0.06755320111303002
25579,0.19715975390024038
25580,0.07387958674846595
25582,0.4000125944693325
25583,0.07962959740863686
25584,0.042637914048511714
25587,0.34279517639547347
25588,0.44378667779246517
25592,0.09762156016114744
25596,0.1992453505078064
25597,0.12314438075712876
25599,0.30347165612742155
25602,0.26850932572029673
25603,0.05823543098728683
25604,0.1273102259906562
25605,0.7922078695126887
25607,0.19534712815624808
25608,0.2055720688445662
25609,0.45783189488820003
25612,0.049262421792528384
25613,0.11226012416811039
25614,0.05695089351276835
25615,0.024233754532489694
25616,0.0934719740179373
25618,0.128577944743696
25619,0.09952904369508743
25620,0.5453767537880511
25621,0.11847844502981944
25623,0.44634050894581495
25625,0.06120739122879506
25626,0.07827855248323164
25627,0.013412276896188057
25629,0.04494603714620473
25632,0.3803077292359914
25634,0.7948972057464427
25635,0.08873446623942209
25636,0.05913405398447304
25637,0.08808015214537299
25639,0.030694584826455512
25641,0.05131981348495214
25645,0.1183945578463583
25646,0.8111285957315209
25647,0.03363401799375079
25648,0.11409698281439694
25649,0.028967356693856583
25651,0.10543030014171699
25654,0.3642185753346731
25655,0.07842088446156839
25657,0.15038655341543364
25659,0.038731066981700264
25661,0.29100614819358955
25663,0.0589739853293155
25664,0.14262341156565467
25667,0.09274348098953802
25669,0.1697081969565158
25670,0.09623364791552123
25671,0.058575321506761445
25672,0.024627095335326005
25674,0.10389695075932372
25675,0.1696203597742919
25676,0.3256768985482925
25679,0.7542937016366096
25680,0.049260481639069875
25681,0.18460002296765662
25683,0.056778881788352255
25685,0.048751017636222284
25687,0.32080834540512165
25689,0.0076167776237938255
25691,0.11093595424589005
25692,0.08336696206331749
25695,0.10761834635322184
25696,0.06993243216406103
25697,0.07305671255012479
25698,0.3380862234780231
25703,0.12526094829174445
25704,0.27779595305608085
25707,0.021016820355347868
25708,0.05490387650444614
25709,0.34906965620541053
25710,0.10083880045397753
25712,0.17290815480042657
25714,0.08173709289667093
25716,0.058090904162299714
25718,0.07845659038378555
25720,0.10880620608132266
25721,0.14565566537082958
25722,0.07787886315696427
25723,0.08945175159709749
25725,0.16366727013125842
25727,0.07414915721026763
25729,0.09709418729906838
25731,0.1910925058965966
25734,0.12616509285067173
25735,0.036179064612641934
25738,0.11787213564122595
25739,0.11657641268788012
25740,0.8306371601001882
25741,0.0477557557361786
25745,0.11603660223482935
25746,0.21138863189820295
25747,0.2930133621621635
25750,0.18035404422637488
25751,0.1699998568683048
25753,0.2808732256307492
25756,0.11640989133266583
25760,0.07686123094990567
25761,0.20729865391498017
25764,0.7483577799944509
25766,0.2325200459179363
25768,0.1741675253432506
25770,0.08032637470454916
25773,0.027170487902475695
25776,0.16430673416727448
25777,0.1343874463700955
25780,0.1772156782609537
25781,0.1532376969019932
25782,0.23808925178739038
25783,0.07936067303751393
25784,0.08322326503037826
25786,0.08246885466479639
25787,0.45740780357598737
25789,0.06830821677571637
25790,0.08837817302948642
25791,0.33557112516035253
25794,0.0948091192160591
25797,0.057860851831707395
25798,0.7756782209923815
25799,0.16823591628664536
25800,0.05614967287877861
25801,0.13491932015267688
25806,0.18086469091402957
25807,0.06708173995058687
25811,0.06190028092085628
25813,0.2788555911654502
25817,0.18950170647325226
25818,0.07389573250901656
25819,0.08940219082410192
25820,0.06604566561095493
25823,0.055444879134065685
25825,0.14064283311702958
25826,0.04536881258223798
25827,0.031995600132914505
25828,0.09042335651611703
25829,0.18842490039025023
25830,0.13842457723483986
25832,0.10941764103146705
25833,0.12724817560980248
25835,0.7482721506382335
25840,0.19518095246669212
25841,0.035970329375519305
25842,0.044585906231089066
25845,0.4302171031399909
25847,0.12129003238373078
25851,0.26625336750902623
25852,0.8073905006869682
25853,0.031848934468175286
25854,0.11565486819921389
25859,0.17279333689869553
25862,0.28933139824579074
25865,0.13895160629838638
25866,0.030135928767091882
25867,0.12084834218685833
25868,0.11895351131189846
25870,0.6908354644285716
25871,0.1303731544021001
25872,0.05735111245418693
25876,0.033338489076183885
25877,0.020945423043825556
25878,0.036490845252609844
25879,0.7429569916974779
25880,0.052292454607932845
25881,0.03549056792550136
25882,0.10024540836773606
25883,0.21270217770811323
25884,0.047344431798649445
25885,0.7419797370328921
25886,0.21362318362368635
25888,0.14669702608880034
25889,0.05094338941792965
25893,0.1490554951819995
25897,0.21056700829557742
25905,0.24338345691783947
25908,0.09263722993183146
25909,0.16553144411467074
25910,0.0993806812754894
25912,0.053223352932361696
25914,0.027306023812549766
25915,0.19933173044880526
25919,0.04367300141229407
25920,0.23535999530669663
25922,0.0844325509525365
25923,0.20203708470199325
25925,0.06848055565200808
25926,0.08862482552874366
25927,0.06421140738055119
25929,0.32759609038388
25931,0.12934248384807076
25933,0.04223696209902986
25936,0.1063450836819088
25937,0.2082626810144981
25938,0.09818842250894436
25940,0.07173722869847772
25941,0.04356615645672781
25945,0.11947776707649714
25947,0.07567398423627283
25948,0.05401463186928006
25949,0.11007567110378462
25952,0.13746497963721105
25953,0.025067299765826043
25954,0.04141146384232325
25956,0.13738921085806163
25957,0.4089212060328306
25959,0.09641601801031242
25960,0.04839943433602044
25962,0.4448264870483478
25963,0.06398473318084842
25964,0.04986042117059198
25965,0.4050956471262936
25966,0.05876802775734613
25967,0.07384827389201923
25968,0.27921780347391034
25970,0.2680677523244995
25976,0.20189517874908566
25980,0.06001761856970795
25981,0.08798659384853898
25984,0.03746569945521753
25985,0.497951041594343
25988,0.03889708465928496
25990,0.059872630210559566
25992,0.10407744988201346
25995,0.17262698279397948
25996,0.6224551718381002
26002,0.31663610872761594
26005,0.03844305623885033
26007,0.07840004355908177
26008,0.27974381693929534
26010,0.05753324506480482
26011,0.04596275342177213
26012,0.10842585935153477
26015,0.082842330658005
26017,0.1377275669991044
26019,0.05207948182721549
26020,0.27022025902629787
26021,0.18185398751060147
26023,0.7803265947584799
26024,0.09217833740895186
26025,0.14540149562546523
26027,0.0366643805095377
26028,0.15826819175313095
26030,0.1469027704776886
26031,0.07785256101509606
26032,0.04279290034522172
26034,0.07243668986002176
26036,0.05865958958423904
26038,0.10773138940593133
26040,0.0459030636047737
26044,0.7344573288643377
26045,0.07045015154377884
26046,0.06515752119398754
26048,0.0800084388694896
26049,0.18330279859117232
26055,0.01734749051451302
26056,0.10729822230324304
26058,0.5780374544759812
26060,0.08129496821172542
26061,0.23257218831140772
26062,0.06859457617670592
26063,0.7154634845257482
26064,0.01294923575284834
26065,0.10468145655647274
26066,0.23381713626923445
26067,0.19207097753468122
26070,0.16398916695313875
26073,0.11781946065124277
26074,0.33071398140693514
26075,0.09990336513547682
26077,0.4033458500079211
26079,0.12422147961418505
26080,0.024544453381181178
26082,0.041619459636482545
26083,0.5408206966101342
26084,0.173968149555822
26085,0.07563413147693356
26086,0.07718183040707946
26087,0.8069338848499213
26088,0.18089923189888985
26091,0.043262980916906765
26094,0.04175338616903813
26095,0.770617898717736
26097,0.15558785818096665
26099,0.7367605714431275
26100,0.1014308810610532
26101,0.06764595601733517
26102,0.6318539979025269
26104,0.09149479560432239
26111,0.24233395521421786
26112,0.12082687526649838
26113,0.0783569846790413
26114,0.09796089766734449
26118,0.20024144280730607
26121,0.062381511982586874
26122,0.04153822751765395
26123,0.07291744334400026
26124,0.11771827543018648
26126,0.1194915562188332
26127,0.089175659172194
26129,0.1312472845439723
26132,0.1535785730849218
26134,0.23099118416452527
26136,0.09186127736087123
26137,0.0701712097651545
26138,0.10346677904436545
26140,0.10088915782519446
26141,0.29297387832869265
26142,0.05611461030516908
26143,0.046821608019632484
26144,0.2515483759564639
26147,0.37851275657152256
26148,0.09529838367377728
26150,0.21111818361837462
26152,0.05899198571214165
26155,0.13048527826775747
26157,0.056873855652154325
26158,0.0867896353409826
26161,0.18991503793337625
26162,0.0527730777109098
26163,0.06408894315838382
26164,0.06282830564769927
26167,0.024722590093083738
26168,0.7147810254258636
26170,0.2920538561624296
26171,0.6498514403732106
26173,0.3220606152763977
26174,0.6988035811039375
26179,0.08729856199934732
26182,0.16211345007422506
26183,0.12844313941740584
26186,0.16193181405578616
26189,0.40551234284451904
26191,0.0284234671920526
26192,0.06332968159819964
26194,0.09268507084745578
26196,0.2038373190823933
26198,0.07905465433528364
26199,0.18647384288363184
26200,0.11310614762288249
26203,0.07655631468831992
26204,0.1426566456874172
26205,0.03350902288537875
26206,0.2544062596753719
26207,0.05884567847208875
26209,0.022301101497770204
26210,0.12107408535796069
26212,0.2661510430445612
26214,0.09414197923662886
26215,0.17472504806473743
26217,0.6139739221867699
26219,0.1766432844689285
26223,0.0857144248723216
26226,0.027824172506673323
26227,0.2570882562153731
26228,0.1654163852613782
26229,0.05019877809471791
26230,0.07941567746506743
26231,0.3382548640726694
26234,0.11773980285769094
26235,0.5566871907620905
26236,0.059600320235810036
26237,0.03545721887028015
26238,0.03798592635867844
26243,0.028607702249245876
26247,0.4288276828624836
26249,0.1252230343260005
26250,0.2874818269947965
26252,0.007905744080066992
26254,0.15721781617202935
26257,0.05353866826654458
26259,0.1289005444583168
26260,0.4124849586699842
26261,0.15827966756138476
26263,0.1318419588073714
26270,0.0744098449691836
26276,0.10610196570461959
26278,0.12120699647618739
26280,0.2575701207352696
26283,0.04295545594742219
26285,0.16749741624235717
26287,0.013634948127204435
26289,0.3979516379040185
26290,0.09754385766396903
26292,0.11649732412565603
26295,0.27471774438405433
26297,0.039965209013223625
26298,0.780743032577536
26301,0.5961003544133487
26304,0.660407192917474
26307,0.2682928644429522
26309,0.1119688659104607
26310,0.16597014706678426
26311,0.3245476514465063
26312,0.10725475951183323
26316,0.09389778034594962
26318,0.11042534110178318
26319,0.31137159426069555
26320,0.090890304652659
26321,0.07786368516896816
26322,0.23246144452642098
26325,0.10188798401212813
26326,0.24474221346667388
26327,0.4065726492842545
26330,0.17036793222038887
26332,0.0686215503524009
26334,0.0420447747562975
26336,0.04585129036413531
26339,0.054039163919971774
26340,0.06534494548532613
26341,0.1023300517426854
26344,0.13421924290998982
26345,0.087637400938513
26346,0.18190478389524598
26349,0.09526255431665875
26351,0.05760171963932795
26352,0.17969709773371037
26355,0.1308924898078036
26356,0.13493276193912832
26357,0.05152084578590746
26359,0.6340817615844921
26361,0.07944384391648524
26369,0.0559535176317742
26371,0.4278600964662533
26372,0.11631165110344123
26374,0.24413886895686993
26375,0.39515623950433365
26376,0.36797863076457427
26377,0.24643975727026546
26378,0.02083301046578815
26379,0.816248913403572
26380,0.3833924081862954
26381,0.029944677853162092
26382,0.5027142606868237
26384,0.05514803657876149
26386,0.12485975666709645
26387,0.2257121828512076
26389,0.13200453042743046
26390,0.19581560495083275
26391,0.6786086394701282
26393,0.060110745055627905
26394,0.1636316466257106
26396,0.030909205529262282
26397,0.12032453173430233
26398,0.052980369034384606
26399,0.15494645581338284
26400,0.05578276167596796
26401,0.010371080993620708
26405,0.3233944134492671
26407,0.19553036262912682
26408,0.22905297560533988
26409,0.18335829399402506
26410,0.1275884158446266
26411,0.06303340231784005
26412,0.11275137343427352
26413,0.4913213407673217
26414,0.03524037115523796
26417,0.17897234337937856
26418,0.07832437153792371
26420,0.2660551824515848
26421,0.11254370545457912
26422,0.1896144428218598
26424,0.04254897401891715
26426,0.0648114715371672
26427,0.1720977454624603
26431,0.07779711242364498
26432,0.10804421321261751
26435,0.03586390021964384
26438,0.1546490795258485
26443,0.0667980895141703
26444,0.15653948769184894
26446,0.22498621126906465
26447,0.5374892122256415
26450,0.13886297398481498
26451,0.04270729234446227
26452,0.3600011448545435
26453,0.0650425870897579
26455,0.8251132662566039
26457,0.15029706837939133
26459,0.13161850215213325
26462,0.10362817704831154
26464,0.2791825952219372
26465,0.07978493512382237
26466,0.07305566168462917
26467,0.16527463645980836
26468,0.053382880483561525
26469,0.22744084741654985
26472,0.11188930015015827
26476,0.4123792138852745
26477,0.021494036033879706
26478,0.10376176967226376
26479,0.17748573751956526
26481,0.12481168549513054
26482,0.2396534162979152
26488,0.2027143506890952
26489,0.08846488441303899
26491,0.34317388382898584
26492,0.12584447216230374
26495,0.457241560885897
26501,0.8773300964338339
26502,0.13273084043534922
26503,0.5189244021347903
26505,0.09602433677121384
26508,0.10399009660284496
26510,0.19961439659936087
26511,0.49622877979186947
26512,0.7413658969886138
26513,0.13736616602052734
26515,0.15082796440165577
26517,0.41297016699415057
26518,0.3638681415400696
26519,0.4284984427761487
26522,0.07368576093621544
26523,0.04900884128928543
26526,0.23347174357422754
26527,0.19997671115592291
26528,0.16922887054187769
26529,0.034659806145465016
26531,0.6325152071357423
26532,0.15632041658028592
26533,0.09754144796955279
26534,0.2533439098598101
26537,0.24816864258389676
26540,0.26424413102399735
26544,0.18718945323528577
26545,0.04783520642532872
26547,0.06387860622980882
26548,0.08198225236956819
26549,0.11733562673433381
26553,0.2384314133483756
26556,0.05901463319845294
26558,0.1481305265363211
26559,0.08783649735194343
26560,0.3258623699743051
26562,0.2363763527681467
26563,0.06042439294722619
26565,0.8405864906749841
26567,0.14890424089587828
26568,0.3070286536418358
26569,0.05455150874906939
26570,0.6436362491407075
26571,0.19359543986226638
26574,0.1396387728395546
26575,0.13952312136286685
26577,0.08839978170635347
26578,0.07228011081695704
26585,0.12011950325020317
26586,0.09772090287678059
26589,0.7679805165882003
26591,0.06475415503246357
26592,0.1195376557101147
26594,0.29212880035351063
26595,0.16166548949376433
26597,0.25563988281152683
26599,0.30103045080533675
26602,0.17845336118474103
26603,0.23101424988118405
26604,0.07514655315504334
26606,0.8462328272189568
26608,0.1412685391990693
26610,0.3761996663298298
26614,0.22336209129717355
26617,0.1338550253448711
26618,0.4998266504568386
26619,0.09188664334768866
26623,0.09116467089516651
26624,0.10765880154613629
26625,0.11457523391887374
26626,0.06382084832685057
26628,0.559913896342117
26630,0.04076658806118696
26631,0.12420995450122312
26632,0.36328630716443017
26634,0.34287892409870824
26638,0.05953281757989847
26639,0.1646743860945844
26640,0.1061923542209509
26641,0.7557863906829212
26642,0.14031391041166957
26646,0.13059485571873183
26649,0.05461667697720687
26654,0.1554057106491994
26655,0.14587057586989716
26659,0.6027612562351854
26662,0.08071889024208061
26663,0.17247212893585218
26667,0.15577187465721723
26668,0.11455388465774258
26670,0.03722336233331016
26671,0.2150479994724546
26672,0.3510849069681565
26673,0.24931851389228915
26674,0.3631356843806808
26675,0.13114867902932661
26676,0.14771868147558753
26677,0.041779404901110595
26679,0.15996513706814067
26680,0.09887311963810277
26682,0.1436046210982518
26683,0.17881526829314476
26684,0.23360786912851506
26685,0.37898556188785454
26686,0.685107965633551
26687,0.5813670398907874
26688,0.6889369605582015
26689,0.13704328450350173
26690,0.531498250848727
26691,0.08396723569306476
26694,0.03799006567826788
26695,0.32116841359600723
26696,0.07621225079514785
26697,0.33326974648385477
26699,0.06800920807730339
26700,0.10677825834952763
26701,0.07920695585895261
26702,0.16361600955157193
26704,0.0722188419689399
26707,0.7588120769596844
26709,0.08645421214107435
26711,0.4806043484502204
26713,0.7322708166030293
26714,0.05226043054964361
26715,0.141986389380638
26716,0.5027980477531058
26717,0.09484405899529433
26718,0.3017588995308619
26719,0.10710108121568136
26720,0.57965089679252
26721,0.1551445938362008
26722,0.03555981629473081
26723,0.09807226368988207
26724,0.2675563316246429
26725,0.13272569568993303
26728,0.05007931218983398
26731,0.11848966174539066
26732,0.0570477196559202
26733,0.04788320495961513
26736,0.052628161753631046
26737,0.574538785480838
26739,0.5304734509407563
26740,0.2193441150461471
26742,0.5228020485898763
26743,0.050953023524731814
26745,0.17029984251057517
26748,0.11864145114737715
26749,0.04663730864446122
26751,0.12176949544913404
26752,0.14044770946068558
26753,0.04158602242673274
26754,0.018010988457858496
26757,0.06170005242130072
26758,0.4464485118958605
26759,0.1255420084417375
26760,0.16924388074698055
26761,0.017907074408826093
26762,0.27992454514375664
26764,0.05024360974924124
26765,0.5999947645780322
26766,0.18235793850633727
26768,0.0974073048217731
26770,0.06382111556325909
26771,0.06793303267550509
26772,0.19959515999007235
26773,0.14350121131071616
26777,0.16713250426275617
26778,0.13786102057060862
26780,0.560600501475207
26781,0.019032736711504034
26782,0.4586516834039597
26783,0.041929998831174695
26784,0.055213908888549476
26785,0.6163560102185587
26788,0.0740333865363857
26789,0.13801990786871696
26790,0.2241473766139368
26791,0.2064450183199773
26792,0.05390517445836762
26794,0.01102158401810745
26795,0.061789754175926886
26796,0.0928458533500768
26797,0.11326966256222211
26799,0.08695571908707503
26800,0.15227942694023308
26801,0.06215144740163293
26803,0.22461593708010955
26805,0.10247095592117259
26807,0.011722544827651846
26808,0.03184936085466582
26809,0.1918228912556507
26810,0.024176132090346063
26811,0.11195138941508588
26815,0.1488527325509985
26817,0.09737669229066816
26819,0.30963432360892196
26820,0.07609354121186512
26821,0.0535681441499531
26822,0.041307106515173754
26823,0.2715586602453603
26824,0.09333111262655804
26829,0.08717141405716075
26831,0.38486437603461704
26835,0.009603910986344739
26836,0.17638370220721816
26837,0.042704899059529976
26838,0.2956770027704028
26840,0.3145553281008599
26843,0.04355059432924596
26844,0.14224287698835958
26845,0.32201222795502843
26846,0.7187510342045305
26847,0.5199338863002394
26848,0.13654523765974919
26850,0.6711833555986016
26851,0.011629838447497935
26854,0.42152237882198546
26855,0.26403350026122074
26857,0.36927942524868324
26861,0.0922622417019892
26863,0.09308123138688577
26864,0.07896502413902544
26868,0.22092688065922308
26876,0.03982773170722962
26879,0.03184109799669058
26880,0.48906481269987256
26881,0.7600136633491084
26882,0.056346363520547435
26884,0.3623753924798523
26886,0.023936461501109788
26887,0.07036233249533166
26893,0.33040402566326893
26896,0.2876324036957328
26898,0.18676524502016198
26900,0.4577824182081211
26903,0.12152193865737104
26904,0.04283506604854337
26905,0.021927009741220176
26906,0.09474867862687444
26908,0.1453259012619084
26909,0.15934319502094837
26910,0.04457782900484041
26911,0.6823970856590353
26912,0.062377886927624096
26914,0.09921415473503296
26915,0.6016216211101251
26917,0.7496185404561547
26920,0.21769246157808333
26922,0.06288680415775931
26923,0.5577891967642868
26926,0.6507422826324331
26927,0.00797057561234449
26931,0.20588392824473192
26932,0.06048977135247612
26935,0.5831892489261998
26937,0.3807010278465804
26939,0.14626465088060073
26940,0.015533011133774316
26942,0.04985827009830167
26943,0.693856103357722
26945,0.04280101412454578
26946,0.06913452803409664
26947,0.23330407181378113
26948,0.7499741780005807
26949,0.24118835287191404
26950,0.06984044281450714
26951,0.009383805707415007
26952,0.4089814954191934
26953,0.5164636800066478
26959,0.07456938590245579
26961,0.24577619686171726
26962,0.05955017219172822
26965,0.20102453864775846
26968,0.03620526719511148
26970,0.011877377092775362
26971,0.6011523419462197
26972,0.07803830175580792
26973,0.016751487369331713
26975,0.22217762199528557
26976,0.09945909468942926
26977,0.06087114729177048
26983,0.13147519025215845
26985,0.17319773341201516
26986,0.22044745124781615
26987,0.07519916066850242
26988,0.16453179640667978
26989,0.027889746575434565
26991,0.28661212477883774
26992,0.11284052731910271
26993,0.019684025902521142
26994,0.40868090437961063
26996,0.10108314665913504
26998,0.053954990873563646
26999,0.14431365272604083
27001,0.22807686858122891
27002,0.1390792227096229
27003,0.08477517678277575
27005,0.09020354557255046
27007,0.32300489257681037
27009,0.17778385358306908
27011,0.6475162043535518
27012,0.2625234285743591
27013,0.042815496632784195
27016,0.07355576516059525
27022,0.13247246840098895
27023,0.0785923761643734
27026,0.0686704260769256
27029,0.1746083999003274
27030,0.05311624470722426
27032,0.145271357092578
27034,0.07294996116967169
27038,0.20594562135574584
27039,0.0300182815365377
27042,0.10229876525375987
27043,0.06929012112239138
27044,0.21495510126646306
27046,0.03371415168142965
27048,0.6433746172804139
27050,0.2458297111424281
27051,0.14259168923929508
27053,0.1528992065537283
27057,0.35892911636484026
27060,0.10304785181648109
27062,0.15355042859367307
27064,0.14639344374184762
27066,0.041846187284799274
27067,0.4457635943456379
27071,0.03884018402146034
27076,0.052630596576827934
27077,0.10363980616530796
27080,0.14242550516581262
27084,0.03264389054200412
27086,0.15903832032687573
27087,0.05570737335660142
27088,0.41830093968853266
27090,0.035952220647545254
27092,0.5075215525952061
27094,0.1509424303134654
27095,0.044547992687117
27096,0.03760996578587456
27097,0.05026193138992358
27099,0.15282232689641403
27102,0.1411618810787806
27104,0.0991511371335264
27105,0.3707873290925464
27106,0.3489583348159323
27107,0.16829690902818545
27108,0.0775288299464798
27109,0.08053131818856211
27111,0.414429511359666
27116,0.3260924832676268
27117,0.27449371641420117
27120,0.07622501154685483
27121,0.09605373975802303
27125,0.20788442950300542
27126,0.1947200894476599
27127,0.18314470701518626
27129,0.06896908736589868
27130,0.27836372734147186
27132,0.28124281520571176
27133,0.04602321553792336
27134,0.08319734664137268
27135,0.04333760984490322
27139,0.3270310810527225
27140,0.8322557313602021
27141,0.06575827416031674
27142,0.16251192637641132
27143,0.088899387851115
27144,0.36627510066514823
27145,0.054764389486089936
27146,0.023870422967103525
27149,0.07309683397798124
27151,0.4861100975660021
27153,0.03772792947761725
27154,0.04888960735471785
27155,0.811872015843248
27156,0.18178151437108148
27158,0.8651674812560447
27159,0.3208950203845279
27161,0.865061502112955
27162,0.06933295284663828
27163,0.1575331176806178
27164,0.6441618041961102
27166,0.1728634012444902
27170,0.05141119043394072
27173,0.2489286144246307
27176,0.03480196540714799
27177,0.2946711202053034
27178,0.06348680643715869
27181,0.08827226938969314
27183,0.03173614548406413
27184,0.029913445137559024
27186,0.13515490591975587
27188,0.034312183155855235
27192,0.20189695960652138
27193,0.8231783495769577
27194,0.0996111738269523
27195,0.03358140527901707
27197,0.32303411891544215
27198,0.06931879049248572
27199,0.44627202846802533
27200,0.23561496680978528
27202,0.15992313792800375
27203,0.24153800529041086
27206,0.3389545154677687
27211,0.22636506705355502
27213,0.04390875886798155
27221,0.05159554272148661
27222,0.8709228698983232
27225,0.1403347749033046
27226,0.24085091746433393
27227,0.07522209127676063
27228,0.04973125623844213
27229,0.6709164794485617
27233,0.1555910454383934
27235,0.10462112089015638
27237,0.23743968895210987
27240,0.1114954504518539
27241,0.13595882446706548
27242,0.7069056020678386
27245,0.13010638802468535
27246,0.07700187172919194
27248,0.015456324363728692
27255,0.8282197600854968
27256,0.100666348838236
27258,0.2119640158672012
27260,0.5495648695866285
27261,0.05926477092183104
27262,0.36958876203793284
27264,0.7199669759104189
27265,0.20408324719407328
27266,0.09665798757148787
27268,0.7457830260944973
27269,0.032222767639215055
27271,0.1058802545790392
27273,0.014934409729483334
27274,0.22217311492220285
27276,0.11246961689250284
27278,0.5109888409048055
27280,0.27954839570457646
27281,0.0677243594960921
27282,0.5673381154294594
27283,0.18288478968529814
27288,0.07197655801545182
27289,0.4052085901461583
27293,0.01452650743355279
27294,0.12323498252567325
27296,0.40868090437961063
27300,0.01778060949984661
27301,0.16362651694433578
27306,0.04781989043713847
27308,0.15020011149193963
27311,0.18245853258927697
27312,0.27889594761177106
27313,0.10247953048107447
27314,0.1350436820526146
27316,0.0461245867448762
27322,0.08375556986016297
27327,0.06813839874842934
27328,0.237698870476181
27329,0.09893137503795807
27330,0.20186547234616767
27333,0.07873152998765323
27335,0.0471625281937367
27336,0.14813226712076838
27338,0.1343429230659731
27340,0.34551830987202253
27341,0.0860451585357135
27342,0.13161219123416382
27345,0.0355495679532424
27347,0.04009411797780113
27348,0.18828680935182573
27349,0.0842219918484575
27350,0.1939124565022634
27351,0.22084568068873411
27352,0.17696360628164587
27354,0.5997345997638531
27356,0.249870821444919
27360,0.022612969514675233
27361,0.5956772303733605
27362,0.10197733316653122
27363,0.10115792973192475
27366,0.37573389066797486
27367,0.046863710059708207
27368,0.7220849814704471
27370,0.013436548586384512
27372,0.01718829220234348
27374,0.21213748245749448
27378,0.05829515525140884
27379,0.13730639009438222
27383,0.03377295955760483
27384,0.04073338811338424
27387,0.8251260069183436
27389,0.2391708305476606
27393,0.13267126313020888
27394,0.8472738386543052
27396,0.01696179162568547
27397,0.3755447706538203
27399,0.19398138489816355
27400,0.1995632982328573
27403,0.08004234123967899
27405,0.08294330853027773
27406,0.6191759583324116
27409,0.19754550192783257
27410,0.05891055282561801
27413,0.04594927734051513
27415,0.14116470312362944
27416,0.3845300118795169
27418,0.06807469326263978
27419,0.2042526912881861
27420,0.3836391013748817
27422,0.2456376652959082
27424,0.09419345112612558
27425,0.3516705029024691
27429,0.2520257780577636
27430,0.06206063029496129
27431,0.2844928939126666
27433,0.4265993621194369
27434,0.08187296141365241
27435,0.15179941915664869
27436,0.12324848462982085
27438,0.05227023351722893
27439,0.05220292088888166
27440,0.5370112183884275
27441,0.7295250271085953
27442,0.4180628599668967
27443,0.4040050972509148
27445,0.027391335035794002
27446,0.08492739873043856
27447,0.08128640555407035
27449,0.5659205624725357
27450,0.08195202556352657
27454,0.6412878052272687
27456,0.09803455808629279
27458,0.342996905882536
27459,0.8828305765360355
27460,0.03339746601390404
27462,0.12714597326279733
27463,0.04863254828116404
27465,0.23256614497451428
27467,0.20425397867607992
27471,0.5803175283273019
27472,0.0945761693896896
27473,0.10279168584613348
27474,0.7767783967149868
27475,0.05276972889325113
27477,0.43420863276830735
27479,0.11441265514207803
27480,0.09971337896993654
27483,0.5027643041249144
27484,0.5165502259175228
27485,0.756155891486039
27486,0.8816912704984987
27487,0.17302591050317956
27491,0.3247270749715899
27495,0.2623520776326123
27496,0.15594691920228254
27497,0.1806916679742214
27500,0.766060557807322
27503,0.20108981169637163
27505,0.05053229462419535
27507,0.1165270295589425
27508,0.20215624030163926
27509,0.10393403690239657
27511,0.4267459222134293
27512,0.49446331799947835
27515,0.03800839671158556
27516,0.20858248141200567
27519,0.15601398221124535
27521,0.19447734083959492
27526,0.09860645613634479
27528,0.057365205972034324
27529,0.034850876633533846
27531,0.07758529079065762
27532,0.03371451885759197
27538,0.11477964264909736
27540,0.14145246376839393
27541,0.2933971327736052
27543,0.4038745638310268
27545,0.4325591186766139
27547,0.17952344435294282
27548,0.3880577176515201
27549,0.6348886545864129
27550,0.6639923742494256
27551,0.3433654491506395
27554,0.6093888060088376
27555,0.43174646993414434
27557,0.7871081495312418
27560,0.23389188473273032
27561,0.22685443744901457
27562,0.03794794322843087
27563,0.10315375743070221
27565,0.12048247540498046
27566,0.2729759645509631
27568,0.3210624380012845
27569,0.3181205368643191
27570,0.3099631422984701
27574,0.032692670438814235
27577,0.17678254236754168
27582,0.5993358132766283
27583,0.2826073890163758
27584,0.06215460522448762
27585,0.07769776266882314
27586,0.5644248551783065
27588,0.2086011376870943
27589,0.043807942615209414
27593,0.11444385283956646
27594,0.19896234183312209
27595,0.16059894927812848
27596,0.17428784025017802
27601,0.04004028275708823
27603,0.02965264289983556
27605,0.4841048240146327
27606,0.09886800452456806
27607,0.18115574149860722
27609,0.042313731910256266
27610,0.06836738201942899
27611,0.09350764637601085
27612,0.07658866439631376
27615,0.045746735612625065
27616,0.7434279233509773
27619,0.741432472352209
27620,0.08164943415476256
27622,0.18151306018739533
27623,0.08265821682993724
27624,0.7557722362415054
27626,0.07797685361647495
27627,0.06697223901802798
27628,0.5370062064652523
27629,0.08902123154393267
27632,0.6545236927364183
27634,0.11767254873528386
27637,0.30893056758298204
27638,0.19321449419691833
27639,0.2478118142016464
27643,0.08726565625299962
27646,0.03854170555516885
27648,0.17734393575498217
27650,0.06043869017714155
27651,0.79074048887775
27652,0.25480109171683935
27654,0.6224109727051454
27655,0.5214755207469864
27656,0.13152153722691945
27657,0.15822826299916504
27659,0.33925456873213716
27660,0.7605317173056981
27661,0.2635575456663925
27662,0.08874781293816937
27663,0.565615967927427
27665,0.8127149807986525
27666,0.07960843056324779
27667,0.0783329680937838
27670,0.3042040711201515
27671,0.48745202024919226
27675,0.09691898049848034
27676,0.8198929533899065
27678,0.20837587573729308
27681,0.06951304278048713
27682,0.4009294042722506
27683,0.21161941535452375
27684,0.7548572519730316
27685,0.05152002243008055
27686,0.3055748534455952
27687,0.29748930732099543
27688,0.12145762123590494
27689,0.10862758271402291
27690,0.18765107838857203
27692,0.06819555221847953
27693,0.04223371501831517
27694,0.328522248057322
27695,0.06421211460535557
27696,0.04613455166270505
27698,0.08898423687785915
27700,0.3566622285335293
27702,0.7963715377420276
27703,0.15242802852333945
27704,0.5926631483117323
27705,0.4473865026350243
27706,0.2080095809717488
27707,0.1425584416360904
27713,0.0692794671284862
27715,0.025414552355139973
27716,0.14639143404775798
27717,0.16637439726011044
27718,0.05721363101172117
27720,0.2466447726447471
27722,0.12614153810148496
27723,0.4509612492853479
27725,0.2337859017588679
27726,0.23354364215752488
27727,0.27352732402737173
27728,0.3328890016470978
27729,0.06727929827425269
27730,0.11860068184504567
27731,0.8398359112495193
27732,0.16336147003024967
27735,0.031214400489476154
27736,0.11191865007395688
27738,0.27416716148605574
27740,0.12379090786408278
27742,0.09044858159069298
27743,0.8785780035203536
27744,0.1510194203583917
27746,0.0734163406789005
27747,0.04941621687953406
27748,0.7640223027251734
27749,0.726906884287227
27750,0.11338138099363543
27751,0.1812590856907772
27752,0.06564006963351553
27753,0.030237246782429762
27758,0.18528617527834956
27759,0.3283754064766087
27760,0.6431163314266688
27765,0.12984322184155453
27766,0.24947330083144145
27767,0.32890359755026843
27768,0.24713193065489594
27769,0.05720530856689071
27772,0.08654735955440292
27776,0.29915666735838153
27778,0.15860920793736163
27780,0.17577608911919212
27781,0.1619683680938761
27785,0.030586000341702214
27786,0.022160035734878913
27788,0.20510043855623186
27790,0.10243023005561015
27791,0.7475879258984782
27794,0.7275797454684266
27795,0.20832554403614806
27797,0.06563772978987559
27799,0.08780654137555649
27802,0.3263498906871934
27804,0.2153083820963333
27805,0.20458350525674482
27807,0.06290195391789936
27809,0.027815024197221545
27811,0.14718780275850146
27812,0.1157079686013454
27813,0.41858959377944105
27814,0.33184618097777135
27815,0.0716566918677798
27816,0.046844600568850855
27819,0.08202198368335227
27820,0.11998797371850048
27821,0.38817070217786437
27822,0.03754423092065144
27825,0.027984019871050807
27826,0.1465510185810606
27828,0.14123652536676826
27831,0.049236438056571616
27832,0.035063249169488706
27833,0.06959888356310552
27834,0.29645685882089834
27835,0.058790932012167806
27836,0.07906023299421845
27837,0.09834064804963476
27842,0.7119488696802263
27843,0.5181027085469772
27844,0.34627889113046306
27845,0.05742419731125188
27849,0.08455690287544702
27850,0.65751476946523
27852,0.7698445901321923
27858,0.7589079379075195
27859,0.743578327364066
27860,0.08760177468182828
27861,0.11397915072648254
27862,0.04956444123956399
27863,0.06574392624837723
27865,0.23260321939615977
27867,0.06888467084656688
27869,0.06307688448525832
27870,0.2591145827136056
27876,0.2141878941395011
27878,0.05780824000135206
27879,0.48509284958231674
27881,0.25948881642744825
27882,0.0319364116218593
27883,0.044983634610868475
27884,0.7566436598692081
27885,0.05485121898257777
27886,0.035699232654406075
27888,0.07443845987044989
27889,0.3368070321095864
27893,0.08643557519701973
27894,0.035256642267770935
27895,0.06948325210581083
27897,0.11403238390089289
27899,0.1429288014489813
27903,0.1643985683373614
27904,0.1688422992620237
27905,0.17115243947472325
27906,0.07612290293179054
27907,0.1013330652110225
27910,0.31539734812968256
27911,0.2215684587088348
27912,0.12169650227428996
27913,0.12336979988234796
27914,0.8378060521430551
27917,0.019067286185626586
27919,0.09105374513981372
27921,0.62263628709096
27922,0.15043630918398898
27923,0.41667624490883165
27924,0.09859295377643315
27926,0.7130201423973874
27927,0.09867528079315384
27928,0.13075369555175717
27929,0.30963432360892196
27931,0.675494179897974
27936,0.20976086431670907
27937,0.12145350880424922
27939,0.034638428236203285
27940,0.1444751309673264
27944,0.21722362388551444
27947,0.09132208860243904
27949,0.02147046121286939
27950,0.019409204603271706
27952,0.25176555474113216
27953,0.08930043627216515
27954,0.08743790157016834
27956,0.6367967758211218
27957,0.09118980958451336
27959,0.8504251150146035
27961,0.10993675142435877
27962,0.2710967637828865
27966,0.3389003434647707
27968,0.038060146780660525
27970,0.08678646674816586
27971,0.03936230285483941
27973,0.07008428689231423
27974,0.15402236272862135
27976,0.08346967536336009
27977,0.06692817303807484
27979,0.15672203151505637
27982,0.0827538334436937
27984,0.2613052682414356
27985,0.0625215568709792
27986,0.07454339642162208
27987,0.031315802157585296
27988,0.14478501117612352
27989,0.07122857810154436
27994,0.18464921781628255
27997,0.09287131091187922
27998,0.19343279456782236
28002,0.07248139453541945
28004,0.05800634583998171
28006,0.008478828790460398
28009,0.3677803388969031
28010,0.18521188562129934
28011,0.07388692597155973
28013,0.09288202326123504
28014,0.04871290779042966
28015,0.08833490880620627
28017,0.11859086316375467
28018,0.14540491356684215
28021,0.6449036773582432
28022,0.08229364858573449
28023,0.11038735694703207
28024,0.0485939021298236
28026,0.08600713856467802
28027,0.1634682910991897
28029,0.18775528252044318
28030,0.1409055243525685
28032,0.09044141590784074
28034,0.17188083128010664
28039,0.20000644301414705
28040,0.3199326306082111
28043,0.20170884455697083
28044,0.6287728058986317
28046,0.06512575064991104
28047,0.15065038680024517
28049,0.20712254248457984
28050,0.12916364773076744
28051,0.014190422727526221
28053,0.2676562670463324
28054,0.0332292329299033
28056,0.199238740494697
28057,0.39469872812910356
28065,0.14551157931835196
28066,0.7460944055698071
28067,0.07049804552976056
28068,0.06275645174941331
28070,0.04340567339171687
28071,0.050067911402460606
28072,0.35182812031266114
28073,0.19579745617754601
28074,0.263858767678231
28075,0.07420376082463821
28076,0.16355288763773432
28077,0.6919034401981684
28080,0.11936622446917375
28081,0.22169134421040784
28082,0.6275433996371923
28083,0.06737404179813151
28085,0.09716768077981422
28087,0.09714173831068676
28089,0.06836323830923877
28091,0.2779594383160841
28094,0.11276201537201286
28096,0.1808914058239814
28097,0.5969814148487526
28098,0.04181774992329396
28100,0.49643116177778945
28102,0.10814526193486862
28104,0.275006758030991
28105,0.3065591781999237
28108,0.1812601684685856
28109,0.6885607264306913
28110,0.17957756681191864
28111,0.05485736428788238
28112,0.07550125879602544
28113,0.021191346457600322
28119,0.08759872281631664
28121,0.04748216020204235
28127,0.434412380315499
28128,0.24643260127142727
28129,0.009446122456550177
28131,0.07748316907100876
28133,0.20903420868408523
28137,0.24860372342115689
28141,0.06827125181626599
28144,0.7577256709348047
28146,0.013720552628959484
28147,0.03715188731064266
28150,0.6497369483691177
28151,0.4446983050936158
28152,0.03529469983676619
28156,0.14456666185325212
28157,0.13941544653876664
28158,0.043868842966441605
28161,0.039760281851469514
28165,0.1556491134221609
28166,0.16888194328907505
28169,0.044450479914125686
28171,0.5437855950756593
28172,0.1452167754937672
28174,0.28222882723373044
28177,0.7381978030796154
28178,0.2628433042767356
28180,0.0960030678863247
28190,0.08408887994947269
28191,0.12266752054611958
28193,0.09137160782400154
28194,0.07725024701388457
28196,0.03275527039829034
28198,0.06733462298436958
28199,0.017665136291467542
28200,0.09793019482382892
28201,0.06297652011829881
28202,0.5799297847845268
28204,0.2066852514743574
28205,0.20425465566164328
28206,0.0998286359384407
28207,0.4156991927331063
28208,0.18328808822700207
28210,0.15090428279735127
28212,0.13925625214851312
28216,0.1915025696061165
28218,0.05016107528733248
28222,0.08150929176283338
28223,0.23345082395606107
28224,0.06133133504943297
28225,0.35560184903355835
28226,0.02846393791067459
28228,0.10863353216974762
28229,0.2828159354463867
28231,0.1883025720476922
28235,0.07096249046977823
28237,0.058352835405283014
28238,0.03633155170479958
28239,0.11429495757927964
28240,0.10359479343917362
28243,0.7822870129102378
28245,0.24546265983333704
28246,0.21557446610803332
28248,0.10658922608396723
28249,0.07677987107461565
28252,0.11776153876573374
28255,0.053530265105389684
28257,0.05245549158423514
28259,0.14440982248120107
28260,0.45995543956491364
28262,0.6898589167920474
28263,0.12763367630410552
28265,0.23456342457891022
28269,0.31612964948097044
28271,0.3445997245004924
28272,0.042065658004640245
28274,0.10914228015887342
28275,0.041900922719283765
28276,0.11763337926507676
28277,0.10762243174796572
28278,0.06097297154683123
28285,0.07416037840825625
28288,0.5645943646349452
28289,0.10369091709950594
28292,0.039818198875627035
28293,0.08558913092368474
28295,0.11246675038288935
28296,0.08699496334859648
28297,0.12777052704387046
28298,0.7215602558133979
28300,0.17056285965131338
28303,0.08907540809661632
28304,0.061052252352511625
28305,0.569220323639008
28306,0.523544025652727
28310,0.03535627880542995
28312,0.14228165042112487
28313,0.04202290130734759
28314,0.1523773886408105
28315,0.1295192118680679
28317,0.011979575411060534
28319,0.04064639912722618
28321,0.06559254972266292
28322,0.037594340797066236
28324,0.8014550173024926
28325,0.14289427521332887
28327,0.03994730294211934
28328,0.2605018990717962
28332,0.1726265654825375
28333,0.03582544895851118
28334,0.08487654807305889
28335,0.22772710471375435
28336,0.20572049920050323
28337,0.24250049854482725
28338,0.06707893906480591
28341,0.3968206540137428
28342,0.22158876864093763
28346,0.22371685896595214
28347,0.20690061784082697
28348,0.06471041693700375
28350,0.6999853030177778
28351,0.05311228477666696
28353,0.03310608271007577
28355,0.2124724268987481
28356,0.04965574709828615
28357,0.02241572990711838
28359,0.014460936096458907
28361,0.10136888635872648
28362,0.04670524123317356
28363,0.052410157176012606
28366,0.31956019665143176
28367,0.6813345663308018
28371,0.3603078765368241
28372,0.24864925931036352
28375,0.5040730441234085
28376,0.07773200366273429
28377,0.7572716598625338
28379,0.032628611597215154
28380,0.09546634359518232
28382,0.05090880266607045
28383,0.2829432745255475
28384,0.14670804270622873
28386,0.2023477651808542
28387,0.07271018129668746
28388,0.10442571381728753
28389,0.10758158815640802
28390,0.05627417267934862
28392,0.23258574487356398
28393,0.4481571574358751
28395,0.04186777388642628
28396,0.16770518295127052
28397,0.06029711039650856
28398,0.562566512294266
28399,0.07325733170624174
28400,0.052907785972453596
28407,0.28048576828042965
28408,0.33650105941476877
28409,0.021797772557368887
28410,0.08389775585021272
28413,0.03400317464794757
28414,0.10936399188860689
28416,0.050510381719506205
28417,0.053903850155329246
28418,0.30962665679446705
28420,0.17086806760757203
28423,0.0657048127361472
28424,0.061328161060921906
28425,0.010127584059929586
28426,0.10627234279682284
28429,0.02812262526299117
28430,0.14099782756497012
28432,0.12489559753087277
28433,0.04854075918414101
28435,0.09888334016194543
28436,0.18114447974659406
28437,0.0857797904062367
28438,0.18325212490885556
28439,0.10503735344338831
28440,0.1588732831856629
28441,0.14914217299319177
28444,0.03364335110472469
28446,0.09890256109109521
28448,0.03284735490230449
28449,0.024549202721064648
28451,0.06720808226423339
28452,0.055992400261530746
28453,0.1420012203545485
28454,0.6523499142166299
28455,0.06052954292233777
28457,0.0795454962006808
28458,0.31432102596111866
28459,0.313804415773721
28463,0.3848409089671253
28467,0.2604008388627672
28470,0.16337053826620593
28473,0.12620074140332782
28475,0.07752876508103392
28476,0.13961880406558225
28477,0.2658661637920645
28478,0.21548945955923035
28479,0.20321636260162507
28480,0.08394664752836704
28481,0.1395246691908644
28482,0.6092182575773715
28489,0.44252537558176286
28492,0.39706408637271257
28494,0.18635825002900744
28495,0.05863912031865159
28496,0.16835974838218898
28497,0.22767416846780533
28500,0.05098540452377154
28502,0.5345015365547533
28505,0.16963724354245038
28509,0.04512874012181458
28510,0.04365371842451027
28511,0.06727987788136275
28512,0.08885718332836501
28519,0.1412575594878113
28521,0.5445089013497765
28522,0.7135805505209447
28524,0.05031676099842999
28526,0.05740101661854495
28527,0.22454202409944396
28528,0.05266274544363772
28531,0.23134193062439495
28532,0.7822558900399065
28533,0.6407981747748438
28536,0.10397316229765974
28537,0.1761188998269132
28538,0.5792117122779938
28539,0.10255207497645505
28540,0.11381263628629247
28541,0.02768638804959312
28542,0.12126371685440974
28546,0.07921501988819352
28548,0.03792233877777194
28550,0.03742627081313621
28552,0.15187108393352006
28553,0.29071451671229787
28554,0.3260851176931228
28555,0.43787210554800693
28556,0.03389297812110309
28557,0.24148198012668823
28560,0.12486285928775605
28561,0.11874864599750501
28564,0.07814081667400634
28567,0.03278758398431492
28568,0.13582004201493447
28569,0.12929597607225865
28572,0.060820891588280926
28574,0.02509328926684752
28579,0.014761509606120451
28580,0.3904482813282205
28581,0.07290396934171715
28582,0.8469345068743882
28583,0.0613493428756192
28584,0.06844093000532192
28585,0.2638452076451436
28588,0.33941486358921885
28589,0.41119938353939156
28590,0.06309392763540478
28593,0.14237390647095338
28595,0.39802399812960443
28596,0.17512564132990896
28599,0.11078900875475814
28600,0.2712814375671058
28602,0.1670135292359912
28603,0.12043054532479479
28604,0.7648255597070622
28606,0.1927250931639041
28609,0.1335405049811884
28610,0.07853109816722859
28612,0.6705375832711475
28616,0.03527057929326261
28617,0.1694892322888041
28618,0.16783100417735633
28620,0.09796066499694552
28622,0.09305534947374546
28624,0.20221766543949926
28627,0.04408573581497483
28628,0.20793430415246217
28630,0.051089701404765125
28632,0.04011036547088754
28634,0.725131215504819
28636,0.7529479874627011
28637,0.12358197589581178
28638,0.4268546042385316
28639,0.1283335412509097
28642,0.5310493126927519
28643,0.06679898873961768
28644,0.08417905483865204
28645,0.7120159901581445
28646,0.0423567306258229
28648,0.15038402167538475
28650,0.12186336948548335
28651,0.27127444174752147
28652,0.29969508425069225
28654,0.024876613807610568
28655,0.3929942574577153
28657,0.1999099754805228
28659,0.04097033067535168
28660,0.019658277446500783
28661,0.11177376924873711
28664,0.32874382984739087
28669,0.12858102642770627
28670,0.2131081555280568
28672,0.02458784578437674
28674,0.03873582088348676
28676,0.3511978781877281
28678,0.019163024483777637
28680,0.08752217178460217
28681,0.07300097295551827
28682,0.09677140506807436
28683,0.03465670416783441
28685,0.07097128687620864
28686,0.1337471331323938
28687,0.04455495205915223
28689,0.11647947527288241
28690,0.2847969892069811
28692,0.012165680747624008
28693,0.0910172640814702
28695,0.04172904837860154
28696,0.0490121777132948
28697,0.4491354525485885
28699,0.04157321394436158
28701,0.12351680073843098
28702,0.06220993648532493
28703,0.3588102301786063
28705,0.27271400688758335
28708,0.04601522125206177
28709,0.04805967184079255
28711,0.04816302676015429
28712,0.34160509191358907
28716,0.013012061835571125
28718,0.03225297643072943
28719,0.3177117242234085
28720,0.14964438184667267
28721,0.16008838951688176
28722,0.046273092961528935
28723,0.1509157686205688
28725,0.04468085334053309
28726,0.06093227094397613
28730,0.13908948356972742
28737,0.22874340048393138
28738,0.0459019539759804
28741,0.25350209394551676
28742,0.06546720848154278
28743,0.01489236736473714
28746,0.12350194587776196
28747,0.13512273131596264
28748,0.7679084244495088
28750,0.16596474109282944
28751,0.18217018956022848
28752,0.18640240374110997
28754,0.2043197476073117
28756,0.07064683293060524
28757,0.021897695323426843
28758,0.023968811071636734
28760,0.05459479871596136
28762,0.38320709962635935
28763,0.26487976209203606
28765,0.18172951618853703
28766,0.07261727061422125
28767,0.6494998785828522
28768,0.04348394376622969
28769,0.02529060232233451
28770,0.1315710033078489
28772,0.03405549670583757
28773,0.16594779472482507
28774,0.16875663710179928
28779,0.1423146678493656
28780,0.3642185753346731
28783,0.15995700812687974
28785,0.16448596930924964
28788,0.09106711965770381
28790,0.08644750930402444
28792,0.4213744472994654
28793,0.0962005414252213
28794,0.14093062464523545
28795,0.2972011065472555
28797,0.3252576853094417
28799,0.15561833614083323
28802,0.051667529406320044
28803,0.07447042943296918
28805,0.3143072180075138
28806,0.04309406439524663
28809,0.06819195554530408
28812,0.09844923875410003
28813,0.041802112592151025
28816,0.7254910075355679
28818,0.060479189263701556
28821,0.15236568606636267
28822,0.11759107137386451
28823,0.030180478219935268
28824,0.11740021614663478
28829,0.06373268075341543
28830,0.08419850065027637
28831,0.15647013106308802
28832,0.05320766982484863
28833,0.07635078461950728
28834,0.21587418176480597
28835,0.0899506798248554
28837,0.1733153133625452
28838,0.040378819387830306
28839,0.3467781346472241
28840,0.5387531027590792
28842,0.36463345108116657
28843,0.03701028333174088
28845,0.051061392530774755
28846,0.1130951484991148
28847,0.17845080722359127
28848,0.11989073011309072
28850,0.039988202551827244
28852,0.8445226727856813
28853,0.06932941221872971
28857,0.11537330513145015
28862,0.015756836431961033
28868,0.03630837160992086
28871,0.2288149190969258
28872,0.13608213844211725
28873,0.06524707097597397
28875,0.19033280954074772
28877,0.09136309178130879
28878,0.048039999201922104
28880,0.860858371485318
28883,0.0748119198921601
28884,0.3051451599882816
28885,0.05170493128937497
28888,0.04120083153490546
28889,0.053585985387613375
28891,0.3556682598906968
28892,0.1746398375238541
28893,0.27162061532692827
28895,0.17207368313643145
28899,0.05824253806481852
28900,0.5813474419624297
28901,0.030489921577769745
28902,0.05918579150300368
28904,0.015582507430505972
28905,0.039858821697972016
28906,0.09735401784697394
28907,0.2390108649501857
28908,0.1844950257858587
28909,0.11897950788658108
28910,0.03728244166531009
28912,0.0345719438271019
28914,0.034204579930822016
28918,0.08023692298846856
28919,0.393933385203272
28922,0.06722633464965046
28923,0.16959943145947995
28924,0.0434538247971412
28925,0.7676215989077344
28927,0.37567152086131567
28930,0.12236401516865184
28934,0.3685709600515518
28939,0.06471733475590831
28941,0.648607179691888
28943,0.013085744859412596
28944,0.056291858433275395
28945,0.2849708875566257
28947,0.07459965157519018
28951,0.2522851833889648
28952,0.21455289562563407
28957,0.13157987246544697
28958,0.09292725211682508
28961,0.14531925989435335
28963,0.14413407918659013
28966,0.12170065883244105
28968,0.06950752357585614
28971,0.25849378276121404
28973,0.07955864302002004
28975,0.6703237957795334
28976,0.0687488026623225
28978,0.1763186161809361
28980,0.5951433180990536
28984,0.3327941231103123
28986,0.17816976680996746
28987,0.05434848859205709
28988,0.1267410252724498
28989,0.5148620094319405
28992,0.2037061109921586
28993,0.0741178978547877
28994,0.019776032742313095
28998,0.04975584735955844
29002,0.19411076997359197
29004,0.033387079320992816
29005,0.6738482309642119
29006,0.18354113947351686
29007,0.25652944120850885
29009,0.06849011556730222
29011,0.19114881486421223
29014,0.10120774260741579
29015,0.023837842865648915
29016,0.725594021618483
29018,0.2053173702537723
29019,0.10623510145828544
29020,0.2623182523984834
29022,0.13221371748577007
29024,0.07271201733780899
29025,0.14711808424421668
29027,0.09623723822921028
29028,0.19188138470247598
29029,0.7208380462924439
29031,0.24323872034676908
29032,0.11775127926094374
29033,0.09980380798680245
29034,0.34669327120943205
29036,0.2250172712963411
29037,0.09569704452485432
29039,0.3243230112461526
29040,0.1719688830355139
29041,0.046754031800349156
29042,0.14567572155239006
29043,0.3892952228218093
29044,0.0943143927730724
29047,0.18698809983336398
29048,0.07074164878191119
29049,0.17401791838526495
29050,0.43612400249187316
29052,0.5017539258889142
29053,0.48705393649589057
29055,0.09445157659488387
29056,0.1511155956629507
29058,0.04316868214660685
29059,0.0887395648942047
29060,0.08488159336117683
29061,0.05468655182769294
29062,0.06888128860737774
29064,0.043820946442323934
29065,0.7668824049629996
29069,0.13279747131590994
29072,0.030067223567166974
29075,0.3408023053775581
29077,0.15574912341993943
29079,0.5702627491824462
29082,0.4356323545489031
29084,0.05636216723557044
29085,0.41076193087159746
29087,0.10098829481316995
29088,0.4987021545691194
29089,0.13086228851692241
29091,0.16490856870885234
29092,0.3556058044389502
29093,0.2691360278039927
29095,0.12798001145410945
29096,0.10245497343638492
29100,0.11550258028632866
29103,0.11344208670795063
29104,0.04618762762646867
29106,0.5257303144921331
29111,0.06346156387680993
29115,0.19980692685757726
29117,0.23768414756607675
29118,0.12097722309172597
29120,0.2836031057566864
29122,0.6163444286758154
29123,0.11451012848749066
29124,0.148657848575888
29125,0.29503292762989625
29126,0.18787776158547384
29129,0.07737165985253054
29131,0.029496579009871706
29134,0.2238795466814387
29135,0.11361006572313263
29138,0.10096939857956723
29140,0.23803283431393732
29142,0.005128500426125213
29144,0.16746345190779444
29145,0.2914659095683504
29146,0.055796055166427085
29148,0.03656351146873568
29151,0.7725582449029993
29153,0.30190415422868505
29156,0.35221808238585656
29157,0.1182050235655461
29158,0.49869936309718776
29159,0.08441354588866441
29162,0.4278716393957173
29167,0.1504305058283414
29169,0.07209047352998149
29171,0.470290338422834
29174,0.1296782007545125
29177,0.8193200086533323
29178,0.8183788335167875
29181,0.6650763948017754
29182,0.052119046506089714
29183,0.04486373804802904
29184,0.14322192104266623
29186,0.6960756073804424
29187,0.12654703577961332
29189,0.09682706543812937
29190,0.5080553043660214
29191,0.05386721253648916
29192,0.018141796753059974
29193,0.18092364259998883
29194,0.11307514948429742
29195,0.1263129432111232
29197,0.09308471948192006
29199,0.1197806088527483
29200,0.19463295654944623
29201,0.3759693587559803
29202,0.5504690039839717
29204,0.11970706707822582
29205,0.1863774364662867
29206,0.27403853693272673
29208,0.08180477023320432
29209,0.18411376335550178
29210,0.18227076260516228
29211,0.4351358097868237
29212,0.24108335017531385
29213,0.06951373996832186
29215,0.38636865046508007
29216,0.20154501496408445
29217,0.338155835497745
29218,0.06479918874853129
29219,0.10172209692893376
29222,0.07801320125471513
29223,0.3760134960892735
29224,0.13836317286427316
29225,0.609161781241139
29226,0.07592322634421565
29228,0.1800439073052739
29230,0.1313245112345568
29231,0.14968079283709146
29232,0.12450163806353251
29233,0.17332346648151623
29234,0.24422801606713895
29235,0.189249904434132
29236,0.18905076580950064
29239,0.503587267304461
29242,0.30858012221355047
29243,0.2435733340223813
29244,0.14652311169169116
29245,0.17202736888704157
29247,0.45580145119054855
29248,0.3631751673361598
29250,0.834258035912366
29252,0.10075353695941822
29257,0.08259140024900831
29258,0.0971834669465643
29260,0.034385476770144884
29264,0.2907978656731968
29265,0.08301910134933989
29267,0.11756017574588588
29268,0.20650057748884193
29269,0.6605150697409893
29270,0.10265375103848887
29272,0.24581749423482044
29273,0.17391244417703378
29276,0.4436858467204336
29280,0.14609708346954278
29281,0.026233978266289693
29282,0.38774657933975976
29285,0.05863373372622986
29287,0.41269739015175577
29288,0.21163340643464507
29289,0.0689988789623884
29291,0.5283356178012882
29292,0.05608842204915409
29293,0.732606517373537
29294,0.015956048663542235
29298,0.0813154313086039
29299,0.2539959668286698
29301,0.7204269750983572
29302,0.31313841174197726
29305,0.04635440280298919
29306,0.07882105724405013
29307,0.1812921685504482
29308,0.03434598614912273
29309,0.1800790103611088
29311,0.12597526575260207
29312,0.17497544517759359
29314,0.12147485806690882
29315,0.16592322133962586
29317,0.331350646277878
29319,0.15467122781888623
29320,0.10227462062744151
29321,0.10710367409988823
29323,0.5916794011614529
29326,0.11611926385962607
29328,0.052641115650596544
29329,0.14410769001734916
29330,0.04497555388536395
29331,0.12197478985888867
29332,0.07291125596041988
29333,0.07593674189696599
29335,0.1334799037390795
29336,0.07343769697336497
29338,0.06242305491577755
29339,0.36553447814560713
29340,0.30963432360892196
29341,0.1841883265695792
29343,0.5028517775022813
29344,0.09469114048468304
29346,0.5192867958285725
29347,0.10635549783816002
29350,0.1559119462544043
29351,0.022185286649550304
29352,0.2809577235123632
29353,0.1619259938611761
29356,0.21260696762226794
29364,0.12768128809796697
29365,0.19353064074290677
29367,0.8296710573600811
29370,0.15821080885862537
29375,0.38137069533281714
29376,0.08111985136431664
29381,0.4417148319589751
29382,0.07397639242416755
29384,0.025316896861444404
29385,0.17142242898233914
29387,0.07594958614939307
29388,0.11669783046614138
29391,0.019968385681861652
29393,0.033264954092189325
29396,0.19105408598394608
29397,0.07408941679227996
29399,0.3131828098910152
29401,0.11846531500299397
29402,0.175270313038039
29403,0.13429004468029193
29405,0.11979126461832164
29406,0.20316932575543017
29409,0.42849244669029307
29411,0.08624564933566672
29419,0.8717932089423382
29420,0.027343431200496697
29421,0.18989945132048042
29424,0.0147268903160266
29425,0.10564861968999492
29426,0.17776827771816517
29428,0.3177152798759797
29430,0.07261887920338736
29433,0.5536392353643808
29438,0.14200132358814102
29440,0.14256514030525036
29441,0.02505779371506755
29442,0.07435104419543631
29443,0.09113533740864298
29447,0.0487873306937784
29449,0.2698559294013667
29450,0.16370976056138764
29451,0.26859012960710066
29452,0.7444296376259696
29453,0.42929089263539016
29457,0.0914352083569213
29458,0.047051047231851724
29461,0.24584283256390313
29462,0.07027537733963521
29466,0.0496709398366792
29467,0.5306842973167796
29473,0.17631941136028317
29474,0.27147261168893183
29475,0.1372801074947633
29477,0.039178762321861585
29478,0.6753107322354206
29479,0.5571317874272185
29481,0.3376823963343647
29482,0.03445035774834991
29484,0.030299847193525676
29485,0.07912359308492715
29489,0.07047478003128274
29490,0.11122007216309723
29492,0.30321178075683597
29493,0.2854123886102322
29494,0.7331080601379879
29496,0.04430169969514427
29499,0.31779203250457394
29500,0.18215033670405562
29501,0.7897399788320048
29505,0.5926423636383302
29508,0.14713729386200525
29510,0.5925236401173688
29511,0.11517801292809203
29513,0.2930638731589279
29522,0.042015359012857814
29523,0.23918952703793633
29526,0.16121053031449556
29528,0.08382544284248003
29530,0.19536886024352387
29531,0.13369288101281826
29532,0.3436433640432425
29533,0.07020297689167898
29539,0.790546307966731
29540,0.09430364851507296
29541,0.15386343236083763
29542,0.531290042278368
29543,0.15038709387504826
29545,0.13729114502575163
29546,0.15715566183197835
29550,0.06335918971242072
29551,0.6835315072110869
29552,0.20194383317587744
29553,0.06528662072320665
29556,0.04486428659434104
29557,0.73294563085387
29558,0.3029775258328638
29560,0.20593524440793376
29567,0.3274806065807241
29568,0.12784929708823295
29571,0.7682792059178356
29572,0.13673195574493266
29575,0.12441090927306304
29576,0.6853578221324269
29577,0.5306718342704406
29578,0.23536685789564132
29579,0.058822504911142715
29580,0.8419190231682138
29581,0.03329486917977254
29583,0.2793507923746394
29584,0.2914219929226904
29585,0.059471589314534626
29589,0.06366233441779946
29592,0.19691254444641634
29593,0.2572769200746094
29594,0.16692187557513277
29595,0.21461301743371125
29596,0.03270290227106386
29597,0.06156907220702165
29598,0.06037474818356603
29600,0.09976904876773604
29602,0.06788324430854822
29603,0.0749147512497105
29604,0.5595667871989101
29606,0.2766901276739832
29609,0.5139543235246921
29610,0.22119509626771133
29611,0.06047568004656529
29612,0.44527574004765325
29613,0.31387946043362663
29615,0.7227531378864674
29616,0.32272197457310053
29617,0.07575741223127758
29618,0.25666945427694493
29620,0.6613073680979529
29621,0.5041099153921685
29622,0.1938612284171244
29623,0.7807849514977111
29624,0.07092566548125696
29625,0.06601063596629103
29627,0.1449292732877953
29628,0.15012313708328673
29631,0.06325868804867736
29633,0.08028243226254558
29634,0.07077048222965457
29636,0.13158817638288922
29637,0.23039099519780754
29638,0.09923177294270633
29640,0.07601771406547947
29641,0.1584848996208448
29646,0.03873483781261629
29650,0.0903996265248757
29653,0.0426623906059113
29654,0.07691312501387794
29656,0.016402061284450768
29657,0.1630477379384181
29661,0.2885844064497201
29662,0.039183990670840975
29664,0.10113596660233816
29669,0.6719331667429219
29671,0.7735466861470938
29672,0.21841223270796192
29673,0.25394127514799086
29674,0.035834987364872
29678,0.10784273492717487
29679,0.7093507546484414
29680,0.5181098134401969
29681,0.5656732669468386
29682,0.32242786609524765
29684,0.09965718584554768
29685,0.0422700497998414
29686,0.056921209837611376
29689,0.7197260297912442
29691,0.06395481410928629
29693,0.07068396206726862
29695,0.09363701777584027
29696,0.2966079135162524
29699,0.08556303429409988
29702,0.539545710391492
29703,0.14154435265926943
29705,0.08571310014267203
29706,0.3955526783890719
29707,0.02822502980466607
29708,0.43374924162804174
29709,0.661130052341236
29711,0.07581115829686944
29712,0.3460125136398373
29717,0.5903849562935571
29718,0.16351230522165647
29719,0.1296643944761841
29721,0.06193757158963315
29723,0.107560288438338
29726,0.094281578444725
29727,0.8760283949814699
29728,0.07091834727195061
29729,0.36407873617718184
29731,0.20962540523656878
29732,0.1727767758092753
29733,0.6006596833148716
29734,0.03331321314227049
29735,0.17891249481073415
29736,0.7586262479621015
29737,0.06725742243960044
29739,0.16383573358631262
29744,0.19176431589442863
29745,0.6903077672421881
29747,0.28533084800653424
29750,0.1318319801138724
29753,0.39488554689747213
29754,0.05151335161018663
29759,0.1788829285931139
29760,0.3789880591508828
29765,0.20689223257816994
29766,0.13417987638541848
29767,0.47084902241995197
29768,0.30955608294027287
29770,0.20918305108753263
29773,0.060270566408536806
29774,0.13682732843769296
29775,0.05729389834734501
29776,0.5012791121793471
29777,0.12213323968731077
29779,0.656506772877509
29780,0.06007325562618694
29781,0.217334720711924
29782,0.11609639611075365
29783,0.15550009844432106
29784,0.2970532113169531
29787,0.20757434513789874
29788,0.4669953056210589
29789,0.17964476506498991
29790,0.10880215379110805
29791,0.08954982952858356
29792,0.04050631038699953
29794,0.18957524665655512
29799,0.2553422210404722
29801,0.08667494894747076
29803,0.237485595132187
29804,0.07425854370670412
29807,0.17041778407240435
29808,0.3853890902317656
29811,0.07969843677545539
29812,0.09161809659545343
29815,0.5079181471463181
29817,0.3836847060876783
29820,0.1078825164343447
29822,0.04201444096073655
29824,0.3727115561514593
29825,0.8032636679131566
29827,0.23185585492529334
29829,0.3650267950574521
29830,0.12236515987120836
29832,0.04926197633508982
29835,0.08897365925361111
29837,0.27512501404707135
29838,0.133094620403433
29840,0.10761440208056836
29850,0.11352307060351798
29851,0.0863902983653234
29852,0.16414015431966983
29853,0.2132960331648101
29854,0.28672138525662394
29855,0.04677033910211097
29856,0.6235803832501664
29857,0.02973738309045361
29859,0.3279419295438264
29860,0.08972246706658207
29861,0.028475326909625683
29863,0.25200529733955696
29865,0.0379068734772365
29866,0.4854648260890866
29873,0.0950696074389362
29875,0.08419995282921906
29876,0.04401005436093678
29879,0.1897917733372094
29881,0.22175920753491318
29882,0.0580218458501685
29883,0.33132313349781806
29884,0.050478219602977194
29886,0.3749844904933231
29887,0.0818161967459596
29889,0.14203577579685206
29890,0.05744526334695986
29892,0.13764616143564817
29893,0.11797301285086402
29895,0.21048307023659896
29897,0.8224428227671996
29898,0.09783779105179638
29899,0.5952596381581295
29900,0.260577698376827
29901,0.18190377502323035
29903,0.05798794057724646
29904,0.03238382400182137
29906,0.4013627624919473
29907,0.024589859418265712
29909,0.28422136115308666
29910,0.3280671028254824
29911,0.19903558941435728
29916,0.6785733553120841
29918,0.43095809434586024
29919,0.034764104023445
29920,0.407750279078821
29925,0.17960983337142303
29928,0.05624547143239694
29929,0.5624144747721757
29930,0.1590905918308513
29933,0.6208495012434314
29934,0.3664577374312879
29937,0.09137810188703824
29941,0.6398188854764442
29942,0.1425473575834536
29944,0.12984944468948725
29946,0.2618426937386894
29947,0.12452867895377093
29948,0.4571015425676321
29949,0.09909514922241154
29950,0.10527393474540427
29951,0.4948220053299116
29952,0.058183473456767144
29953,0.1423951842920931
29955,0.11385445215495928
29956,0.3907450261682638
29958,0.016697970191716094
29959,0.09121876512573059
29960,0.03630498217672278
29962,0.10327572809185091
29963,0.18397384720346796
29964,0.07726943537337032
29967,0.5739436886011554
29969,0.2708931528026196
29970,0.05224995334206819
29971,0.023955313567233065
29972,0.17313424373278155
29974,0.4781275136194202
29975,0.44130375081365697
29976,0.04537336728929065
29979,0.144052882633087
29982,0.5154257007458755
29984,0.14336823250754432
29985,0.22383605823683503
29986,0.3532010602892095
29988,0.07239833729758445
29990,0.1870101623621407
29991,0.25864450610049056
29994,0.08443721339382027
29995,0.7815275197180744
29996,0.04705803865132125
29997,0.20616008173576275
29998,0.5341133634311429
29999,0.18670958194069898
30000,0.12606141295944046
