ID,reference,candidate,fold
4,0.1279324985571233,0.17337968250874067,2
5,0.0949984386010155,0.05182648196700075,0
6,0.1343790065051247,0.22083641883601815,2
10,0.1792361600381446,0.10533526567167045,1
11,0.1650486026997116,0.18049201784201746,0
12,0.1000382193765809,0.08747305169311007,1
17,0.5163336997310749,0.6203844497929948,2
18,0.0681516148013733,0.056251522124127346,0
19,0.3989123184663777,0.43188059753149377,0
20,0.2919373223423049,0.3325414456729589,1
21,0.0666855028926661,0.0767434679987097,1
22,0.309470760984282,0.3159252307435437,0
25,0.1081458946602577,0.09539294931020084,0
26,0.1309490510958227,0.11104956276561256,2
30,0.1065405900702864,0.10691096220405416,0
32,0.5775809389288221,0.669379084161221,0
36,0.0809822678121477,0.13955903282617407,0
37,0.0939672031589153,0.07851677964853149,1
38,0.1322902992103964,0.11155384219282866,2
40,0.1487456109923362,0.17200111137938634,0
44,0.089864030927308,0.07066513107694465,0
45,0.2226086701233297,0.2786033073544284,2
47,0.1835071531354257,0.16414197211079976,2
49,0.025735444438987,0.02089106019373395,0
51,0.5354485359832921,0.5199014908714835,1
52,0.0987936188317926,0.062180490965113425,0
53,0.0479949048367354,0.045927105418816776,1
55,0.444192804874202,0.5537701792491159,2
62,0.1893878905463374,0.21657356914263715,0
63,0.8150209970256859,0.8101684542467769,1
64,0.1405062621038592,0.1415594744164918,0
66,0.2252861085643713,0.2230520019549155,1
67,0.6235973994029912,0.5879569089651371,1
68,0.1620214976093056,0.22035673832372477,1
70,0.4786080592365966,0.5827845838779713,1
72,0.753326636141926,0.7430049315123741,2
75,0.039949695743412,0.05095488651223194,2
77,0.1420804420343079,0.11192614723589081,2
78,0.2150239473433625,0.20870536669890333,1
80,0.3993990938747365,0.458151427395409,2
81,0.0684735029248958,0.04069898733217108,1
82,0.0488145485714137,0.08218830619206705,1
86,0.0815384808350611,0.09181859370438397,1
88,0.0929271435118129,0.0877771029350265,2
89,0.0750031216780398,0.097934810212618,1
90,0.7664769497958936,0.8449848642463946,0
91,0.7712882864337602,0.7763025044587104,2
93,0.1578491624343175,0.1567314087650321,0
98,0.069765691820521,0.07946407742787924,1
99,0.1044480610745751,0.08309056425422072,2
101,0.1263792037324686,0.14924551560008045,1
102,0.083485489026206,0.13228710144721106,0
103,0.0738215886950262,0.1380612384832585,2
107,0.1366459851477955,0.13614352353435893,2
109,0.1723839269666104,0.14642075208598673,0
110,0.5964940805864319,0.6820658335322474,2
111,0.1271779150257901,0.14554620062569557,2
113,0.8773023179952675,0.8221137474990502,2
118,0.6652985146564319,0.6918127153993658,0
121,0.7654241122170199,0.7607859439320087,1
122,0.4010001428723616,0.4091145548781314,1
123,0.3625599929072299,0.35758060948215353,2
126,0.3584849079553324,0.37063162062081184,1
127,0.0807684890940934,0.06818865382608763,0
128,0.1585210412630958,0.1221717990911595,2
129,0.2077988084272512,0.17261179641322016,2
130,0.8040847724809055,0.690786776904632,0
134,0.1103068911101747,0.14341886736130458,0
135,0.1546246447501434,0.09940658343864901,2
138,0.1095514119172826,0.12090875090360932,1
139,0.2714726937558913,0.26772245981561393,0
140,0.1558806380111208,0.17943706727330955,1
141,0.3308181564667679,0.3790527160931768,1
142,0.1697068114009705,0.150132383186972,1
143,0.4531283078894802,0.46328974757809493,1
144,0.0402820076819185,0.016908764839235875,0
147,0.1190075491210417,0.1002777693358611,1
148,0.2515753832915799,0.19141337113605458,2
149,0.5152731116832322,0.4947519072570284,0
153,0.2334242172953666,0.20465313134129565,2
155,0.1198623658897783,0.11093664976833675,2
156,0.0556850951996606,0.05092288600375098,2
157,0.0573590435443931,0.049104814754877206,0
160,0.7514866752847852,0.7316241037917111,0
161,0.7968861740686606,0.7527938664577181,0
162,0.3856832295046341,0.35514288266284344,1
163,0.2623376357624445,0.23554563767789125,0
166,0.0852854165242741,0.10172666914665293,1
167,0.0467017132994026,0.020555861802132428,0
168,0.2458994269690149,0.2829980777370536,0
171,0.0486280125521847,0.043266305090812446,1
172,0.1002505413534997,0.09943739119069919,2
174,0.4455844192089412,0.4036030094839387,2
177,0.1126937837510583,0.0988773030887986,1
179,0.13719602430987,0.09206073930077885,0
181,0.1280812112811705,0.17877905011755818,0
183,0.0205189762136962,0.017393259052483727,1
184,0.1771059763296399,0.18196651230716188,0
186,0.3789736970230294,0.4342426888266955,1
187,0.0408662126798259,0.0324261248723883,1
189,0.1383074356467481,0.1382116709639846,1
191,0.0293327360402225,0.022020595679839723,1
192,0.6814254989592027,0.7170537927611793,1
197,0.1757138760746356,0.13935502561265545,0
198,0.1548849861656212,0.22598678687321944,1
199,0.1131302190164483,0.09656631145017011,1
200,0.3834551913066499,0.3794278957461135,2
201,0.2598953043901131,0.23098764687671508,2
203,0.0471033843238847,0.03900492614664125,0
205,0.0948531382859022,0.0879447096705834,1
207,0.2703325996609894,0.274590303295686,2
209,0.1530445010846281,0.16813984818781463,1
210,0.1135626991851444,0.10574491509984071,2
211,0.0485734132016178,0.04244003957546263,0
212,0.1771207402430991,0.1317312521115275,0
213,0.1416686133480731,0.16885022458410076,0
216,0.3717755267209243,0.3806619287429551,2
217,0.3230453394534991,0.31783247810584747,2
219,0.1259187094158975,0.08769578699839067,1
220,0.1928652905723669,0.16804844017643808,0
221,0.6623767297599882,0.7386848533337929,0
222,0.1931807407605023,0.10742180108210461,0
226,0.0682956201561928,0.0541719702664499,1
228,0.2131368709679446,0.23120102332603962,1
229,0.6130667841738415,0.6314862082443857,1
231,0.0852554833999974,0.07550852940404992,0
232,0.3908622095045642,0.3507501832147377,0
234,0.7451390353631168,0.7361672533323657,2
235,0.1806285354273821,0.12365490714624706,1
236,0.1321147160819356,0.11992502658257903,2
241,0.5199378811934989,0.5040908239975297,1
242,0.1265390680236929,0.12214041420016322,0
244,0.2394853079329068,0.2458978581528437,2
245,0.6165041332974778,0.4275348502258252,1
246,0.192586548131297,0.2656085110878186,0
248,0.0846510201300808,0.06406410395730648,2
249,0.0747793013418039,0.07287320368101928,2
250,0.1643300608743896,0.14006751056742836,1
251,0.406720391784981,0.4001117397279653,2
252,0.2082719805924499,0.17235939898079172,0
253,0.0850715450533835,0.07463609493940893,2
254,0.0723830917252098,0.046789485641568145,0
255,0.04865701510868,0.053725962539067654,2
259,0.1768197453705791,0.1488391226687742,1
260,0.6645831334250333,0.6759803558290771,1
262,0.1394443414495614,0.11632982435208208,2
263,0.1618187884295316,0.2085827092096785,2
267,0.2436595696354116,0.29397582715585313,1
273,0.41433826540025,0.4763228660412907,0
276,0.0989781743684667,0.07520661506838372,2
278,0.3015205221334277,0.3231559774645105,0
279,0.1867273784199137,0.22781504594889823,0
280,0.0716858444296865,0.0468372622743717,1
282,0.0587319141032193,0.0480194989512749,1
283,0.0888988412296212,0.0788595718397724,2
285,0.0514196570286157,0.0419870982769435,2
286,0.0390016496666983,0.03845884836633873,1
287,0.5630400318313129,0.621886447912127,1
288,0.057246835687805,0.0440488101208899,0
290,0.1108725259835777,0.09735978390099262,0
291,0.1928551726105696,0.13671247739409922,0
293,0.8536681139605524,0.8310263043809226,0
296,0.1081434142346075,0.10219471360209152,1
298,0.0804813242535043,0.0736961329253721,0
299,0.0639136893177231,0.05575822921186545,1
300,0.2078139663316545,0.13751656436767762,1
301,0.1472740583355755,0.1693095064456015,2
303,0.1870894057831084,0.18060247864496679,0
309,0.8262451231312915,0.7162837784827464,0
312,0.0787891715022142,0.07995877681976249,0
315,0.1308245465392128,0.10711165686952734,1
316,0.1409087797241634,0.11585536485535486,1
317,0.110112866820864,0.08791800141951883,1
319,0.72138550112377,0.688712222615555,0
321,0.355017403136291,0.3757022149110011,0
325,0.0301862625997245,0.020867463441353852,2
328,0.8092172226864637,0.8012752305005252,1
329,0.0397824537615794,0.05543137854463512,0
331,0.1015469281796398,0.17508528336970408,0
333,0.3561583031427789,0.30604755364363456,1
335,0.144604440504366,0.132024348900865,2
336,0.0602178969743047,0.06866021835437779,0
338,0.226419037473996,0.21353816439571982,2
339,0.127687487572821,0.15444515478855994,1
344,0.0878521431462373,0.07557365216925399,0
345,0.0759576470577891,0.07200593477989023,1
348,0.1117953761878781,0.1446949414248519,0
352,0.2625444232782934,0.20981045737255094,1
356,0.1335858352831074,0.14564217077449837,1
357,0.0652678067465284,0.053551704874822345,2
359,0.0945945948667664,0.08601478952213529,1
360,0.0480667666561241,0.049050465481097476,1
361,0.8863255485703301,0.7282659363475626,2
365,0.1138593088217389,0.09278289694687478,2
366,0.1927474685925592,0.2006514209807086,2
367,0.1412692698273802,0.19002317641208885,0
368,0.5165060924226572,0.5775082881424438,2
369,0.3632089970914864,0.39610443586391725,0
370,0.6540155071618418,0.6658709364496121,0
371,0.697014373117298,0.7648706381164521,2
372,0.0597475926695007,0.08787450255811088,0
373,0.2767545727685997,0.33019494823866613,2
374,0.1538761396388012,0.13370084227680962,1
375,0.1338032564181293,0.12935174236463634,0
377,0.4462787749764497,0.5689416172382302,0
378,0.0473767997977544,0.04365970426293,0
379,0.0456685369400203,0.03826798603627615,0
380,0.1026539091733013,0.07965460334325652,2
381,0.0982780645699747,0.08739244186980827,1
382,0.785832357907306,0.753296810390266,0
383,0.0596968861795794,0.0591631945369475,0
384,0.239114731784217,0.29203962236144876,2
385,0.1062073289974203,0.09490983860790825,2
386,0.0582091290638698,0.06375366311702185,2
389,0.1501843958215434,0.07885196528433523,0
390,0.269708337028568,0.27742819838939975,1
391,0.4731565873776046,0.5040088689393415,2
392,0.0403469668794063,0.0690884706415193,2
396,0.0979335043993552,0.08191968695632318,2
397,0.124454851163321,0.1142042986553855,2
398,0.1724332213030164,0.12636019940352416,1
399,0.078134272432558,0.05644819845848902,1
400,0.8010966174167685,0.6756462045343754,2
401,0.0772097475818088,0.07382375950164721,1
402,0.1139222024247658,0.09908780435002139,1
403,0.2280414214715184,0.2634588916161876,1
404,0.1755308097265731,0.15844531721116084,1
406,0.1947739802808091,0.1674616306969637,1
408,0.3014796000721521,0.3922182276903737,1
409,0.0257174873193633,0.019842141622337824,1
411,0.485731455591789,0.4896399204864936,0
412,0.3854662145319287,0.28362551757680216,2
413,0.1740954826822753,0.15030156192221789,0
414,0.1899663238824833,0.21214243421721884,2
415,0.020639749155851,0.017661295332362797,0
417,0.1002456535622861,0.11246073507140018,2
420,0.3216183126651614,0.34630147569320346,0
421,0.7058897043724374,0.6922261438589208,2
423,0.1084119718830207,0.09325235757233175,0
425,0.0492186040174831,0.044266065715790545,0
426,0.2123167122611703,0.20134243110956923,1
427,0.7522169915570451,0.6866377558253041,1
429,0.2131389769972209,0.25685969849207874,1
430,0.1179999344520062,0.11404302306475618,2
431,0.1494484529955489,0.12814659674667167,1
435,0.0738021692604098,0.055319267618933174,0
436,0.6198600553964858,0.6677702484355857,2
440,0.1793572076904473,0.13352813947524111,0
441,0.1768373676567093,0.16621661509654084,1
442,0.1981041459622178,0.2442440146103767,0
446,0.0910212745891625,0.07357402155454362,0
447,0.0985676457660067,0.08890852035806655,2
450,0.1375911061869366,0.12529497847941418,1
453,0.0829792400527138,0.09698094782348701,1
455,0.1205330900625817,0.11522008521517553,2
456,0.1796794954356307,0.1307948982390677,2
459,0.0811272696997733,0.06457023079765765,0
463,0.0509722024927721,0.05934289803948278,2
464,0.0421182400119694,0.03212944733572635,1
465,0.2868975229705213,0.29001882545754043,2
468,0.0875928729025477,0.0681646362613775,1
469,0.0425976402418546,0.03268381967634593,2
472,0.0871584798570764,0.10469206837968728,1
473,0.1443101186885318,0.1258453814438936,0
474,0.624751910019277,0.6125807228084853,1
475,0.1285887196232383,0.13734379188909174,0
479,0.3278753013149432,0.34133565217537715,1
480,0.2433438748561416,0.2892449912732079,2
484,0.5952824533977078,0.5670835586185009,2
485,0.1527593600666113,0.1470121346536903,1
488,0.0580456932451496,0.043190882559001456,2
489,0.2537947157228857,0.3017978244919028,0
492,0.769226936879739,0.7897459491337089,2
495,0.1793040124200807,0.1329619553890489,2
498,0.2610279839366534,0.3122331170775675,0
499,0.2649676315421774,0.24314093643878826,2
500,0.3327417818781021,0.2889144418645127,2
501,0.3201969440400921,0.3821937619522541,1
507,0.0665800423730908,0.10994357947023223,2
508,0.091051315239423,0.07945817467351057,0
513,0.0497979293281593,0.052826879504525776,2
514,0.8323071284390392,0.8512077571434359,1
516,0.0824902365902438,0.07562265401579382,2
517,0.1548338355704021,0.13689740654037397,1
519,0.3642985127830537,0.3513759011532288,0
520,0.0352756671680408,0.028307482154902,2
521,0.1233072829220359,0.15675364916597262,2
524,0.0781013008295333,0.06493065832373572,0
525,0.0577738252751829,0.04059366575416385,0
530,0.2421103260236514,0.19484695016996176,2
533,0.5450631793662218,0.6620307168634123,0
534,0.7959128593040921,0.7287855020393513,2
535,0.144680701517819,0.13138504867354012,2
536,0.1742378567778693,0.18794641037501564,0
537,0.1030490251285258,0.11419487588315971,1
538,0.1137219035803023,0.10560033259023519,2
539,0.2011249893067798,0.1599626088194353,1
540,0.5370585341015365,0.4635727302586916,2
542,0.2749723741178295,0.25691815213075253,2
543,0.6899023741595928,0.6485035647715537,1
549,0.0780981836500363,0.08208683947665682,1
551,0.4552975460710701,0.4566362629449052,0
554,0.3151246946116545,0.23797970414366088,0
555,0.1191719193827925,0.10853880881655495,0
557,0.1052789391157774,0.08646683405048612,1
560,0.077350424925628,0.05022942572830845,1
561,0.0559141004354606,0.04497315689315318,0
562,0.1635477166522614,0.13497283488167086,0
563,0.2570409868783619,0.2143725116550491,2
564,0.0304563245686498,0.035835430968464775,0
567,0.0746610577359311,0.05743384745723128,2
571,0.1055980125250325,0.07606543296853495,1
572,0.145527184768114,0.16035605770715566,1
573,0.1154426055354895,0.11255020798716406,1
575,0.1263438758947321,0.0627310627517097,2
576,0.7289977781180635,0.6966875026749952,1
578,0.213065926833037,0.21800605815576554,0
580,0.1608971027987738,0.20821084851713412,2
581,0.3716224243348268,0.3025313012927766,2
583,0.1175414483791697,0.1012952953652688,2
585,0.1661935824147079,0.1651477192522216,2
590,0.0219266345846806,0.020972189748968972,0
591,0.0586648094446524,0.04384432087593933,1
592,0.0766541142536269,0.060159071996546805,1
594,0.0906279893437284,0.08611458190774947,0
595,0.1085736812424396,0.09702979166725277,0
598,0.3052337721537376,0.34746612110624353,1
599,0.7477012561797305,0.7616063117357579,0
601,0.0817789412215685,0.06382850785817373,0
604,0.7458226519350227,0.7247020915533088,1
606,0.6404743808751154,0.6878653164283148,2
607,0.1782063661602566,0.13553363314604897,2
609,0.0729510083161169,0.0724473902056145,1
610,0.2677366704058129,0.28053540991621384,0
611,0.0499161677815872,0.054915868979934224,0
612,0.1798843407493699,0.1519905107253094,2
614,0.6630725089774611,0.6524836361446504,1
617,0.2091482622803074,0.19096026103706093,2
618,0.0794494168584054,0.0582217321764197,1
619,0.13043797239747,0.10817724580688237,0
620,0.0853916737461202,0.06450249618734638,1
621,0.0688891536266733,0.05157789457029303,2
624,0.2662856796184514,0.22982601165415967,0
625,0.2378337503433638,0.23369873331368418,0
626,0.273680109023828,0.30636927311033635,0
629,0.1589462948053129,0.1223762177330808,2
630,0.0887209304816146,0.09232806992781308,1
633,0.1806950984860245,0.18289273735786854,0
635,0.0628005890642063,0.04318085676041415,2
636,0.3459703000299674,0.2867526115981138,2
638,0.1198831377011705,0.07843154823408935,0
639,0.0942815439815936,0.0835736069185265,1
640,0.0670917951606926,0.05177413238455227,0
641,0.0624432316432251,0.051530778012651324,0
642,0.1622254592769233,0.1157484326213902,1
645,0.2322450978235813,0.22491345791052197,1
646,0.3183357390746261,0.3221910098613844,1
647,0.5583940086568984,0.5827699737373936,0
648,0.1444026193932988,0.13719628608069018,1
656,0.063538147372631,0.059456728351072304,0
660,0.1759771829013727,0.2141336648633821,2
661,0.0417301549061746,0.024542223646056124,0
662,0.1613375927305201,0.137191412495089,1
663,0.2640965244857368,0.29613721162779155,1
666,0.1299991421979348,0.16619675847519713,2
667,0.187308515898887,0.17690398376084046,1
668,0.1327992887370175,0.10459100121824617,0
669,0.5763012013639136,0.5011066311118626,0
673,0.6638872432422249,0.6913409972304836,2
674,0.8959815016128422,0.8882476526539202,2
675,0.0589457895974006,0.04138493450471732,2
676,0.7111794511208086,0.6430155156435529,0
677,0.7358029835943486,0.616235681112294,2
678,0.03585321209707,0.0328064143217241,2
682,0.2587233152124791,0.17563957109086026,2
683,0.1696987565424834,0.16181824994822291,1
684,0.0391877444232672,0.0314644922985208,1
685,0.0843053488236379,0.08256103855690294,1
689,0.107513970645724,0.11733890836583476,0
693,0.6133242883704711,0.6705129511405187,2
694,0.2235520339106024,0.18878525327208365,2
695,0.0511013232842905,0.05611826990666602,2
699,0.0294280692394174,0.027891496324698076,1
702,0.1442316354689994,0.18166261544664797,1
704,0.3570689457908614,0.48135388593248907,0
709,0.2131269913759729,0.29701238276278924,2
711,0.1161923908911376,0.08008783008439348,0
713,0.2631973820648541,0.23378190550684877,2
715,0.1049618655848479,0.1149461131403664,2
717,0.04967440389852,0.041653682474134146,2
719,0.2897726662352458,0.3256151808065875,0
722,0.1695012917479612,0.18898010699059006,2
724,0.1756898918643249,0.08099595115045972,0
726,0.3194036374328524,0.24689993725024859,2
729,0.0398204546112242,0.0526448880036008,2
730,0.5302289767612831,0.5846152481157986,0
732,0.1190795962927449,0.08683535395532473,2
733,0.4166898440618632,0.40067093736204634,2
735,0.0977074570384716,0.08217374882169462,0
738,0.0453117550192021,0.050453890940479626,1
740,0.6673462029850498,0.7236565128120065,1
741,0.0687104047995154,0.06203395901477278,2
742,0.2392800970537675,0.2277830003536882,0
744,0.1681036189044562,0.19475825553851892,2
745,0.0465686779287078,0.037408949132210025,1
746,0.0728757576393591,0.0777374575984853,0
748,0.1142436992653466,0.12910037525455026,2
749,0.3159229448793033,0.36007059430587374,2
750,0.7172598732976528,0.6235283437130108,1
751,0.14835145011598,0.1727308845346498,2
752,0.5688681990728475,0.5218868845920873,1
753,0.1204626175973322,0.09382637325415583,2
755,0.2286743474221658,0.26668257088714853,2
756,0.057110117149583,0.05780570857557105,0
757,0.0584381381643527,0.06451408674855019,1
758,0.5256592159947491,0.4763183194291547,1
759,0.0434991315566854,0.047243492641905124,2
761,0.3974787633939475,0.34033998587927916,0
762,0.2568569477350129,0.18867339769585006,2
764,0.2172282018290385,0.21938072308179962,1
765,0.1316712787184429,0.07809643399296287,0
767,0.0864139970024999,0.055829897722183,2
768,0.0666883188812202,0.0708759328622014,1
769,0.292537729596184,0.2524547258976002,2
775,0.1857533345610112,0.19892617636100052,2
778,0.3187659610699238,0.3519676767727541,2
779,0.5474750002660314,0.5247015429121099,0
780,0.2582570581671204,0.29304319352200975,1
782,0.3690265006080027,0.3209648399333322,2
785,0.0870052021666005,0.09034228020365756,2
786,0.1765965071419065,0.15085242195830148,1
788,0.1007952975019641,0.09393616643838046,0
792,0.3670422342501407,0.35947542253629455,2
794,0.2657455421263088,0.24007850288538904,1
796,0.125879836076277,0.09030327718119792,2
797,0.2711022265436155,0.3099760351020626,2
801,0.1401381567064635,0.19187235293332344,2
806,0.0749008418581825,0.09304218767171946,2
807,0.1761969655301959,0.12222597472918206,1
810,0.1881361828250994,0.14389143657007986,0
811,0.2062969564459667,0.21499266195061478,1
812,0.0356171952729744,0.06344295005298368,1
813,0.2289010756926577,0.20936636626028143,0
814,0.0966198435598399,0.11012385325558255,1
816,0.151555042582639,0.17176467608409807,0
818,0.1966218537632364,0.2350419230291611,1
819,0.1198312566936602,0.13819994734582483,1
820,0.0940494966933318,0.06867416886406717,2
821,0.2552160357819259,0.2485555074735421,0
823,0.1628243329622631,0.17583452241202635,2
828,0.4018537613577679,0.4223777942598249,0
829,0.2131311641969492,0.2298607355620198,1
830,0.0652507983044699,0.07091093662655193,1
831,0.116889324841893,0.1304949130450982,2
832,0.6532602933967535,0.40700108995767814,1
833,0.0690073594193414,0.07553108308037815,2
835,0.1341516209797633,0.16327061001298157,0
838,0.1111781913590971,0.06964437598449996,2
839,0.0311181054231852,0.022069061904764847,0
840,0.4141310218328586,0.4761429008322428,0
841,0.3145788219998389,0.34747924481701226,2
843,0.120974117886434,0.08085623060558157,0
845,0.0388363966044302,0.051884037962543705,0
847,0.1034985771102678,0.08698837665678093,0
848,0.7269635846007605,0.7316892097266916,0
851,0.6193928919324551,0.3541464800630263,2
853,0.2241962628521542,0.21600332893817945,2
854,0.0925852155068027,0.05683023784542862,0
855,0.1683944494701442,0.1735838039210006,2
856,0.1460582629766374,0.18722937484231578,0
860,0.219536529629366,0.1705220318084074,1
862,0.0498692838577868,0.0443843551680458,2
864,0.1825896559793836,0.18109210171619372,0
865,0.0623469745743708,0.03736993707470568,2
867,0.0953272433694153,0.10879570039074368,0
869,0.0921314253357634,0.08148608562385681,0
870,0.1573574261680538,0.1117126068864693,1
871,0.1787754538902259,0.19807618594773843,2
873,0.0608430213985322,0.049194563276625726,0
876,0.1575616710762461,0.1745127580971402,2
877,0.0484563392253545,0.0421251828294133,1
878,0.0931303014455768,0.10142031591804503,0
879,0.0973047417111633,0.08850890946696978,2
881,0.0719813937629072,0.07290129872046093,1
884,0.0804862097407486,0.07540566239518032,1
890,0.042484547857806,0.0380384641913313,0
891,0.2713324800028844,0.3285777396806081,0
892,0.1888364184692943,0.1897037910486309,1
895,0.3158184181742048,0.28779662091199065,2
896,0.1472435415533673,0.14426872229992138,1
897,0.6461782319494651,0.5552703814134793,1
901,0.2700361672676959,0.19282099865045577,2
903,0.0881009940366639,0.07927607340411978,0
907,0.8071560519098848,0.6932244545182246,0
909,0.1034803969340385,0.10775647620272268,1
911,0.7217126171609108,0.7435808267353672,0
912,0.0604360706105215,0.04940250143700703,1
913,0.0750045011515604,0.061865645401664,2
920,0.0548190317585773,0.03969042269893573,2
923,0.0713760172633023,0.05881039817394898,0
924,0.4327669474964341,0.24707324093986763,2
925,0.116449941918732,0.15655634918774788,0
926,0.3188949712101099,0.34975105907066306,1
929,0.0389672728327725,0.028962287508430874,0
932,0.0448718700482347,0.05460614444133717,1
935,0.1957195019759954,0.1894651888804113,1
936,0.166026830928146,0.1533352829469505,1
940,0.0780019562780917,0.043652255094615705,1
941,0.1259805242955934,0.14167593789832858,0
943,0.1055624927800752,0.10009291020848449,1
944,0.7852921987352779,0.690974038411241,2
945,0.0875768374598625,0.0888010365501356,2
947,0.0920962006682649,0.09452625052977898,1
948,0.1773528883030665,0.23190078620186022,0
950,0.259833067046354,0.27977782524605166,1
952,0.1745567350737884,0.13750892495987593,1
954,0.1046392224879697,0.104052710788269,1
955,0.1113346949651178,0.11336785215456976,1
956,0.1488618002794377,0.12377742056979613,2
957,0.0711559873375696,0.06203453169278378,0
958,0.17044661084829,0.181434907484406,0
961,0.3208982761151306,0.34847633243796355,0
962,0.2364066960489064,0.19138681273061164,1
963,0.0601312144471176,0.052128821295233274,1
964,0.1214485288994354,0.1303113673479659,1
965,0.0658955190121897,0.0691793459775471,2
966,0.0410716573960601,0.0415888586434476,0
969,0.1151055654982944,0.1169780459437451,2
970,0.0705110918735397,0.08787609228131119,0
971,0.0519628713375136,0.04620268129142015,2
972,0.1572241890076797,0.1539294375291934,2
975,0.1499975211213626,0.1678080678099414,2
976,0.153344915921901,0.16916403939292612,1
981,0.083149272796483,0.09669304682968557,2
982,0.7346963819003014,0.6062425062582786,2
985,0.1245402813538923,0.1346691277718748,2
990,0.5315759011193367,0.47714290983420554,1
991,0.2741742511279957,0.15004099732021337,1
992,0.399503974629697,0.3778493935232765,1
993,0.1273334266810799,0.12987198703632175,0
997,0.1882533800783796,0.15870902396528266,2
998,0.4816977384690893,0.5214740297651043,2
1000,0.6432620574711813,0.6604705789653781,2
1001,0.2193898066645839,0.17722922699969407,2
1002,0.062753417061044,0.07042309941879095,2
1004,0.3683101222346346,0.39913820641337483,0
1005,0.1107593012472874,0.09432073547007186,1
1007,0.2624203147430486,0.2327815901220823,1
1010,0.2097251055919523,0.18006070381807135,2
1011,0.0938773965404729,0.13919837928864087,2
1015,0.0840885889713776,0.0629519183484113,1
1016,0.127471894646183,0.11653661154030776,1
1017,0.1196185209489119,0.11202080991771554,0
1018,0.4906374159929464,0.48853335088604266,1
1019,0.2119028601817427,0.14658233229765466,0
1020,0.1321833646016814,0.19974305047039886,2
1021,0.1608082500277129,0.20557122451532317,0
1024,0.0993724213847746,0.0774079915622197,2
1026,0.1957343275102323,0.2002853763767274,2
1027,0.0784194793626549,0.09460717670916695,2
1032,0.145354189445654,0.1302573371567694,0
1034,0.0757107698760704,0.04838478390728082,2
1035,0.2214193630406731,0.2022984958573357,0
1039,0.0958865446842648,0.07801738547887493,0
1040,0.1323728079628496,0.07865848181817764,1
1041,0.2712745439871798,0.23423536717196225,2
1042,0.6667341900216608,0.5356336105965102,2
1043,0.0904847183803824,0.07993285310273521,0
1044,0.144470672691605,0.12075387815600058,1
1045,0.790144812549174,0.7861044692336407,0
1046,0.1077520193726066,0.08924278145688971,1
1048,0.4255327059269442,0.37411752658313124,2
1050,0.2096347791646733,0.19079773938732694,1
1051,0.6273460626971002,0.7088994477615886,2
1052,0.1183845587860694,0.0833332675955096,2
1053,0.1306787224503217,0.15764991944354623,1
1054,0.1404223237876816,0.14144954791337064,2
1058,0.1603731281204596,0.12349365276983984,1
1059,0.0824624996524924,0.07829188464205047,0
1060,0.6126513391599628,0.6167084254154586,0
1061,0.2598112290468668,0.30342229663450326,0
1066,0.0508066195461661,0.0439159116248609,1
1069,0.1315002854853149,0.12561228424472767,2
1070,0.2495416730102518,0.28983422009174153,1
1073,0.0348200006794624,0.05201277902527932,2
1074,0.0295668713449226,0.04407709882244001,1
1075,0.1777164896494028,0.21684645101613773,0
1077,0.0674510510633141,0.05922770583745447,1
1078,0.0213913554951598,0.019791833767591874,2
1079,0.3045088834843287,0.3142609365388279,2
1081,0.0999572387642516,0.08476855856716278,1
1083,0.7525622051034281,0.8086481098535924,0
1085,0.1293646927622925,0.10398142346580272,1
1086,0.2406240203129054,0.254090707092575,2
1088,0.3603556252960959,0.3016356835255062,1
1089,0.1431684314172838,0.12839473385390254,1
1090,0.0351906307407706,0.03355496817849993,0
1091,0.1472003078793917,0.1293889473731077,1
1092,0.1013247228386997,0.1100533858224057,2
1095,0.4976078113273416,0.38326308751509747,2
1096,0.052705943571343,0.0626681441164689,0
1097,0.111540184608642,0.09171898660069785,2
1098,0.2879086418575566,0.24125456615305732,2
1099,0.2731403574684575,0.2516989645060556,1
1100,0.132441912467754,0.13486291885855117,1
1101,0.2104641571669366,0.1627977653655076,1
1105,0.6581049722321405,0.616621332495703,2
1106,0.1052350022434079,0.14020179972267027,1
1112,0.1877688232940455,0.17305833925033257,0
1114,0.0630396132400677,0.048845294802051305,2
1115,0.1430746032386645,0.15459356790179513,2
1116,0.0962909067193976,0.10115060938981357,0
1118,0.3523712484631765,0.36739954465093505,0
1119,0.3046758880224762,0.36629340844779884,0
1123,0.2651017614230634,0.2675715756908536,2
1125,0.0949984728734526,0.09178612635745322,0
1126,0.2520271537824354,0.2342576140603577,1
1129,0.2710795697339195,0.3033831923484458,0
1130,0.2666027958557154,0.31485274915591366,2
1132,0.2786355493263023,0.2606159143147281,1
1134,0.7301738613806152,0.7472729371809068,0
1136,0.234174603564113,0.17637612541314127,2
1139,0.1487921108656303,0.22108389484735574,0
1140,0.0566720586214465,0.0372186222936069,1
1141,0.221190839970109,0.15441949920163195,0
1143,0.1078167695516279,0.07900171241397738,2
1144,0.1424269612489532,0.1373557181290927,0
1145,0.6872362136771452,0.7114801598961461,1
1146,0.7497988657094502,0.7708873671128449,1
1149,0.3589337683362186,0.2807652576186228,1
1150,0.4507613770444637,0.4630147263195017,1
1151,0.2975788156047511,0.3077014932878804,0
1152,0.3424521804496446,0.3933006018076326,1
1153,0.775669481370356,0.7894051530947765,2
1155,0.5384705365143937,0.443105387681324,2
1156,0.0598328320423285,0.06989938165726824,1
1157,0.0594162361877077,0.07676824107903463,0
1158,0.3953934850663491,0.4899830974701024,2
1159,0.2116773625327421,0.19941230578190328,1
1161,0.1959204892131335,0.15994117696979285,2
1162,0.094431048478786,0.08632582357223023,0
1164,0.0504440862603249,0.05715248009338855,1
1165,0.2267859522258002,0.22733362654007327,0
1166,0.7202723387556355,0.7328957657131391,0
1167,0.0763897993650909,0.060615557792330604,2
1170,0.1782743962940311,0.18561005830483002,2
1171,0.1784218270301277,0.17245342888137688,1
1172,0.1675030251000231,0.2086254900058181,0
1181,0.3953987858652533,0.4031432698125236,2
1182,0.8329964602011815,0.8170372271520856,2
1184,0.0999675699854044,0.0562565167913573,0
1185,0.0808494998184416,0.07661605518578218,0
1186,0.2423140520108263,0.3064881374453794,2
1188,0.2033453738906481,0.21007789987320563,0
1189,0.0508069921743883,0.056246935637921505,1
1191,0.1030576209719054,0.09303215627367728,1
1192,0.0660603727411544,0.05829730211973465,2
1194,0.0509426782929002,0.04364880011306493,1
1197,0.1623179784292014,0.12273334180975326,2
1198,0.2679644374203952,0.2833063641897907,1
1200,0.3498948169793819,0.24397484992373827,2
1202,0.1068202708634283,0.06683804729569333,2
1203,0.1102765791984191,0.10974408199643958,2
1204,0.3207623437253815,0.4060413468746724,2
1206,0.1440915454265728,0.13797631064322613,1
1207,0.839664670050812,0.8181743792951338,2
1208,0.114017461232663,0.14226732648765458,0
1210,0.1920564759539618,0.18867915773970007,1
1212,0.2985527052723158,0.2902146017461283,0
1213,0.1098620258537183,0.1501597217919265,1
1214,0.0885122585740337,0.0908356244459343,2
1219,0.152578386005977,0.17268222640049002,1
1224,0.1069803519515949,0.12480300801225837,1
1225,0.2109920541727867,0.19735423772373534,2
1226,0.2305877632628431,0.2121712112254297,2
1235,0.1227286630934073,0.12302934913736704,2
1239,0.1233865920442726,0.11546399800271759,1
1240,0.187773582868344,0.19015422239696067,1
1241,0.3046976101359792,0.2378194416053907,1
1242,0.5664046035558108,0.581316001984848,0
1247,0.8614191431957177,0.8368611182933245,2
1248,0.2243488001054912,0.20733356875233272,1
1249,0.0431453812809777,0.032100251427807126,0
1250,0.7664572426056796,0.7203611960880685,0
1252,0.0457641563060279,0.053282876122639454,0
1253,0.1406241334912791,0.14440166795650428,1
1254,0.0748273707633179,0.075780206247895,0
1255,0.0978031952924576,0.09865153320826636,1
1257,0.1985967369845927,0.18073394560015704,0
1258,0.0968585657696894,0.09042612581437277,2
1260,0.6310036255843342,0.6191806511654216,1
1261,0.0933913640012793,0.05913198910393983,2
1263,0.1459044552918881,0.162062230610591,2
1264,0.397359102669189,0.3833997063847289,0
1265,0.0594608841764962,0.045524005398501974,0
1266,0.0199584869234391,0.0250843251674673,0
1267,0.0773973078196026,0.0781632784909933,1
1274,0.1834370981681105,0.24270123884480801,1
1275,0.1279642062395893,0.12182301103476825,2
1277,0.0729913328851541,0.061500169763443455,1
1278,0.1906013842803446,0.26660160145274703,2
1279,0.0892003403611145,0.059749463788322,2
1280,0.0405967836520665,0.05276528688165212,2
1281,0.0475150889656334,0.04589435478719557,1
1282,0.3939015075382959,0.3536811235793025,2
1283,0.0637858384326886,0.09909006046206158,2
1284,0.1024253145975124,0.08504381677776172,2
1287,0.0355889772658311,0.03368430569879537,2
1288,0.0266671186549097,0.032524449658796396,0
1291,0.1270701929549269,0.11783160054628844,2
1292,0.1901524028311538,0.20536849953252934,0
1293,0.0803462014327982,0.0913332957258008,2
1294,0.0657051596550563,0.07012024348983215,0
1295,0.112037325645849,0.1265992596977211,0
1297,0.4988908262154415,0.5660786916609319,1
1300,0.1838130318963856,0.32534530940720263,0
1302,0.3526985017232562,0.3360261385276513,0
1304,0.7108048402041638,0.6758881712290236,2
1306,0.0866609815018375,0.08068655132771875,0
1307,0.287852857715983,0.27069392143074583,2
1309,0.2101976321017513,0.22875887540564704,1
1310,0.0960402870107483,0.18954210172762265,0
1311,0.6641543721305934,0.6634661493206009,0
1312,0.6500407593458792,0.6729439853284909,2
1313,0.0626922729268753,0.0410576329903489,2
1314,0.0294834856520479,0.0269456512988748,1
1315,0.6489067989253133,0.6342596942721154,2
1316,0.3302963892119511,0.32155675837977016,0
1317,0.044432830053728,0.0628315581463354,1
1320,0.0698649621722194,0.0692225495246946,2
1322,0.0992508218623372,0.09248312440325308,2
1327,0.106124518373382,0.11553319689356764,2
1328,0.3341517649750677,0.3155637760877739,0
1330,0.215083240872555,0.14458588694546803,0
1335,0.1132092548895836,0.14168720548569896,2
1336,0.1657126304201788,0.10574642540986173,1
1340,0.3830641011453706,0.39054457254617514,2
1341,0.0454234591510152,0.03590229502406642,2
1343,0.1387611302778517,0.1491847557716215,0
1344,0.5781229728977617,0.5260775563731903,1
1347,0.0655626558825451,0.0637697265660426,2
1349,0.0398989845319494,0.04746505753470895,1
1350,0.4415216005719483,0.40555785635066177,1
1351,0.3258948758421823,0.3433755305452442,1
1353,0.1661979962275536,0.146538342822991,0
1354,0.2064302689966244,0.1605143573756334,0
1357,0.1129209535616643,0.10776860225956988,1
1360,0.0619761961718008,0.060674076465652926,1
1364,0.1764596820218057,0.18476511662447875,2
1365,0.5000908766768879,0.4141732221254942,2
1366,0.2370110305196316,0.2574970861727318,2
1367,0.1181040948278139,0.14421844133711148,2
1369,0.711013188138161,0.7522458214872926,1
1370,0.2014372101316656,0.19404573154868437,1
1372,0.0587430190693245,0.06447506435794008,0
1375,0.1184942342077605,0.16065633399765197,2
1376,0.2082770043886103,0.22743776420310716,2
1377,0.1313298382946013,0.10505677554165765,0
1378,0.1548069332901092,0.13524647242840396,0
1379,0.1380499890858182,0.19511333627695135,1
1382,0.3342090550305756,0.4948973661583656,2
1383,0.1342223859275146,0.0987106677593401,2
1384,0.0273517077499682,0.035309921901630174,2
1387,0.0769505342221975,0.04737081785150993,0
1388,0.4756144393175193,0.4999843446495834,0
1390,0.3254392248800771,0.503354179486711,1
1392,0.0917914376516678,0.09805239570179591,2
1393,0.0733433901189017,0.05990241161913865,0
1394,0.1118325104896874,0.10776425153142466,2
1397,0.521005419983252,0.6079241074663347,1
1398,0.1858531544651441,0.169159523900753,2
1400,0.1122667466212,0.1402647374731158,0
1401,0.060430385928509,0.04765480490893475,2
1402,0.6769177269365688,0.5901706171177449,1
1403,0.1879540342314568,0.17724261157837545,0
1404,0.105526189682202,0.08738478297549211,1
1405,0.186496689350047,0.19100291601188374,1
1406,0.098984089141014,0.11156518632171405,0
1407,0.063534446353134,0.0679865021185539,0
1408,0.0781892803699747,0.05772124348010848,0
1410,0.0838065813610211,0.0887815712926394,2
1411,0.1746532853338032,0.16870778775754708,0
1412,0.0580132920923478,0.04865890142432775,1
1414,0.0576184856069016,0.07357878747547993,0
1415,0.0437937959477592,0.04944315715129673,0
1417,0.0940056200514355,0.11446715490882138,1
1419,0.1840839203911276,0.15338155300101877,0
1422,0.0545520097441233,0.0484280068348371,2
1424,0.2764692707183558,0.32183290615694976,2
1425,0.0908186167772181,0.08435123402953547,0
1427,0.1458849953726725,0.12084622186365146,0
1429,0.7583848351979922,0.779166417308835,2
1431,0.1923313578964123,0.210579252914809,1
1434,0.1959516384831714,0.2300560805318987,1
1436,0.759344741357482,0.7357174026862573,0
1437,0.14866773136962,0.16494556772550092,1
1438,0.0691743562951231,0.05393622892873945,1
1439,0.2917310539787984,0.2762378824135337,2
1440,0.1414856372823747,0.17394243912630386,1
1442,0.0734355281893838,0.0597696843979808,0
1443,0.2463983410611154,0.2045416722598224,1
1444,0.1290132934849597,0.10157625816959753,2
1447,0.3168820416127756,0.30452379622144143,2
1450,0.1725371071539508,0.1917809694529584,0
1451,0.1648139127144463,0.14204481213330772,0
1453,0.2032859528552094,0.1680989551509924,1
1455,0.1441612373730778,0.10949802386652041,1
1457,0.0959566455641097,0.06986430766232295,2
1461,0.8164718267423378,0.8247981585326116,2
1462,0.2496902354053586,0.2657254828373773,1
1463,0.0699413756625232,0.06568045498989736,1
1464,0.0382959975888606,0.0393010561931966,1
1468,0.2313112520872476,0.20835311396566844,1
1472,0.2638107730989156,0.31884939538114343,2
1473,0.0548228564451793,0.056798272963452454,2
1475,0.081529636813862,0.06164558890320643,1
1476,0.0626103715460771,0.07379843779773401,2
1477,0.1076371511955275,0.07826779176458923,2
1478,0.1446602960628467,0.1320265038782784,2
1482,0.2164575348510196,0.20940531166948417,2
1483,0.0559877381730672,0.0571707129463,2
1484,0.1136650917893914,0.12258328996296303,2
1485,0.1366512728180295,0.15057631953727313,1
1486,0.7594876235522491,0.8125449530748104,0
1492,0.1285972695376216,0.10200664694110963,2
1495,0.097870485425708,0.09838268941133392,1
1499,0.1837452848240519,0.15418799842741998,2
1501,0.1296244788759459,0.09435691943571857,0
1502,0.3237617073597317,0.34221005687809314,1
1504,0.1536192490803879,0.2541388106537884,1
1506,0.0445817091742484,0.03836550082758462,2
1508,0.1199939231553526,0.09743881890173979,1
1509,0.0581422628828334,0.10802847544602942,2
1511,0.0891599804763238,0.08597746257433506,1
1512,0.6902812390455285,0.6453951196594067,1
1513,0.2143982010569696,0.22438756478764815,0
1514,0.1658779213389518,0.14621953971828663,0
1515,0.1580753499465631,0.1388551318744723,1
1516,0.1712686631026718,0.16799218791117076,2
1518,0.7578515296027153,0.6335938169957515,0
1520,0.0510932195251433,0.039583459145894326,2
1521,0.6527945525904459,0.6737830134333809,2
1523,0.0914656209499524,0.07439145573166477,0
1526,0.5461511217469547,0.48141955558197025,1
1527,0.1488508364379052,0.18113802069191481,0
1529,0.5145849876088313,0.5008843103285547,0
1530,0.2587627816681631,0.22243293056163763,2
1531,0.1287451130061195,0.09557584699775692,2
1534,0.0467932633292278,0.034542414966644744,2
1535,0.135364703396744,0.114745260370738,2
1536,0.1685786292694576,0.14721743352037936,1
1538,0.5977422883447392,0.5171872776128776,2
1539,0.142903857421706,0.1632440383029498,2
1541,0.3309704169297393,0.4181522925264479,2
1542,0.3147757464068204,0.3459505398810341,1
1544,0.2137264761626762,0.20767251441586726,2
1546,0.0896557818408338,0.06969002537954595,0
1547,0.1044271571280617,0.11455271415921575,2
1551,0.12623165241785,0.13581627608121058,1
1557,0.1118412293134567,0.08670437375506262,1
1558,0.137603517387982,0.12206738871067753,1
1562,0.2949846524052618,0.3368834692610465,1
1566,0.186197567747357,0.15552449334764196,2
1568,0.1277180402979993,0.15774343813489733,1
1571,0.2418758302908396,0.20885300291801145,2
1572,0.5029165888653989,0.46198733752916576,1
1573,0.1573683460173789,0.18650762725378772,2
1575,0.2796887134107015,0.20452495505592722,1
1577,0.1750907947908177,0.15980385858000756,0
1578,0.1831707030945587,0.19896672236828056,0
1579,0.1731113081047529,0.16250222494105657,1
1581,0.0693558803066296,0.0570257798340133,1
1582,0.1582619804029772,0.11061723096526216,2
1585,0.1811075892881159,0.15959582451457593,1
1587,0.0730672678636907,0.09944381036805916,2
1588,0.0472343880243944,0.030136951761888898,2
1589,0.0992587851131911,0.08530218855642309,2
1590,0.072810174404737,0.07354346437363249,1
1591,0.1907685255816302,0.15989010185774344,0
1593,0.0865557706201096,0.06053445313908222,2
1595,0.1956737019638518,0.2161745962074425,1
1596,0.0926783044260724,0.11334960803606223,0
1598,0.1482761748007779,0.1829426896987525,0
1599,0.0644300023946893,0.048951967006232874,2
1600,0.1572507339219204,0.19096349485109196,2
1601,0.1244291467228189,0.12087483164045758,1
1604,0.1869442635685098,0.12093770382720989,2
1610,0.1270859226598711,0.10319496803067207,1
1611,0.1802015092904316,0.2131529646070534,2
1613,0.0419556960586158,0.04667734505541795,2
1616,0.2399453496198245,0.1927120710463962,2
1617,0.3705098224548437,0.36316110737922,1
1618,0.1307357558077042,0.10558373126684095,1
1619,0.1257181919840171,0.08350296310527144,2
1620,0.0702230269565194,0.0788210756569442,2
1623,0.1738504949752821,0.17213943732092474,1
1624,0.1195961864700208,0.12282093019476531,0
1626,0.7467889271848399,0.7207222248999867,1
1627,0.1490681190586636,0.1366808234202322,2
1630,0.1364351419467912,0.14705072920385454,1
1631,0.0480174548496034,0.03801434084037503,1
1632,0.032092641893104,0.025494866355660048,0
1634,0.1184642171552792,0.08349239190241402,1
1635,0.1396143312441398,0.16665031020872328,2
1637,0.1361472679606273,0.12650567447618627,2
1638,0.7415082972248506,0.7090692381144987,2
1639,0.4409372323993054,0.43567784240159485,2
1641,0.1334743721147869,0.14929574771698564,1
1643,0.159308732262803,0.13175211757023564,1
1644,0.23361851069811,0.21115110983390944,2
1645,0.6593537881251796,0.813119643465938,1
1646,0.1427466852823554,0.1820031424792654,1
1647,0.4529824388940693,0.4708403875215088,0
1648,0.1400709314546342,0.1560300995469744,0
1650,0.1406041121255972,0.1548028496375985,1
1651,0.081058996236331,0.17510744859896435,2
1652,0.0848928233916553,0.14493573499980583,0
1653,0.3123354686091553,0.28600989815002986,2
1654,0.3721502497374439,0.40788143189722753,1
1658,0.1227549001034555,0.1112751161909406,1
1659,0.1875793975928104,0.19202560196873678,2
1662,0.3045203454701575,0.28724999321077627,2
1664,0.0572652782554867,0.07686677457297328,2
1665,0.1017688823849767,0.10316942386734243,1
1667,0.7765675202446815,0.7924467610985495,2
1670,0.5373254623700348,0.662429901926361,2
1671,0.1816893190463203,0.1320331256565903,1
1672,0.2118401790682433,0.1692592341247296,1
1673,0.0953683701222575,0.13289369801637754,2
1674,0.1666287861976067,0.12282036075346786,0
1675,0.0693307167074888,0.08745558236683898,0
1676,0.1927747220088413,0.20537392057670267,2
1678,0.049440203018522,0.0390741856916877,2
1679,0.388236036532938,0.37189307477862965,0
1682,0.1498689833960459,0.1125523343887023,0
1689,0.1771459974245789,0.18789428683920673,0
1690,0.3128007002060953,0.4166428179261009,0
1691,0.0805798016937105,0.0495051465284113,1
1692,0.2116935118546638,0.13815268835953637,2
1693,0.207321616665798,0.17556358051738832,0
1694,0.095933570070055,0.07954352849460243,1
1695,0.1624545806134493,0.2659212317445052,1
1696,0.1621567227113946,0.15303088632716486,0
1698,0.2329099823804853,0.2062715672147109,1
1699,0.2335135167341813,0.25358891075111767,2
1700,0.0748843374138845,0.117210811313668,0
1702,0.0989638077614664,0.08630393787504982,2
1704,0.1636738022405262,0.11664694802470045,1
1705,0.1423347899429448,0.14219642877352462,1
1706,0.5032641165539224,0.48242339680616786,2
1707,0.8223507813709167,0.7969185219314996,2
1709,0.1611823005752615,0.13806585437935287,1
1710,0.0558500669641241,0.049744686114565,2
1713,0.7645233019096821,0.7827727444771191,1
1714,0.0462449161214342,0.032592193287863856,1
1715,0.2192762768125975,0.17316849131416667,2
1718,0.1290097945587239,0.14620095326727128,0
1719,0.0839174071857401,0.08318424096287466,0
1721,0.0659895421170594,0.0489472383981411,1
1722,0.2343025043064948,0.26864745407554735,0
1723,0.7098742118908992,0.6110869925847839,1
1724,0.0586470951645588,0.07272773697265753,1
1725,0.0415026223356547,0.023507413876927,0
1730,0.5821169416626311,0.5693656468867405,1
1733,0.1051993252447019,0.13824713084747065,2
1735,0.1304704271575724,0.09684796270154668,1
1736,0.2129019182353419,0.2930923159493379,0
1738,0.2528361958773985,0.2562258872872916,0
1742,0.1438643809885239,0.13564318472919373,0
1743,0.1190749754152629,0.13675686963524936,2
1747,0.2032674439220257,0.15829837804747032,1
1748,0.0718006084335042,0.0621925663662148,0
1749,0.056343966957412,0.10144288497448174,0
1751,0.0869006791207468,0.07591920636607018,2
1752,0.856808334632301,0.876717886423948,2
1753,0.1329337030665821,0.08932419313031816,1
1754,0.0745129251833048,0.12323519816336796,2
1755,0.1409907352056945,0.1158131557278303,0
1756,0.2511497876356325,0.1895474833054286,0
1759,0.1225751052368789,0.0856736710650978,2
1762,0.1626879562192476,0.15211486874746497,1
1763,0.1785331073620455,0.262161958211008,1
1764,0.0715036687248631,0.0691009084390876,1
1765,0.5344276201429038,0.5880028926052899,1
1767,0.8191499112023197,0.8118368111596289,0
1768,0.0929976874599887,0.0902226231911398,0
1769,0.080955383143005,0.07120688238458737,0
1770,0.1667647918231147,0.19129866825279704,2
1771,0.2553403055145665,0.2230400259944047,2
1772,0.1090622799216713,0.0964953834972617,0
1775,0.1219560545318236,0.13394171184978557,2
1776,0.8309796793882371,0.836488787800534,0
1781,0.2817027950342139,0.24229952698714913,2
1782,0.1147093614656756,0.10264747637558722,2
1786,0.1150291061843625,0.10005220710032214,1
1787,0.4822923307086733,0.49379142701436735,1
1789,0.1971193567424856,0.10967793064932803,2
1790,0.1068279849089354,0.08134117854561122,1
1791,0.0994922369160063,0.0807327840047605,2
1795,0.1992900273645614,0.24767739350505896,0
1796,0.545128474723792,0.4255455579008135,1
1797,0.1035332352124258,0.09166718625857728,2
1798,0.0478955665468532,0.044842005075050734,2
1799,0.0388201778498579,0.03496801347362687,1
1801,0.1974887969011588,0.21590212038236087,0
1804,0.149364362028171,0.13692667135671535,0
1806,0.0173862112974461,0.011493814628515401,0
1811,0.1746624473134287,0.129581151603261,1
1812,0.1266969137565776,0.09112690639347408,2
1813,0.1408713477639877,0.19354102658738315,0
1814,0.6166188374549493,0.5951347647415282,1
1815,0.0662599891678256,0.05430859723959925,1
1816,0.1986027668206527,0.15130150769733924,0
1817,0.1782830387256316,0.20025886212742394,2
1818,0.2827190901435145,0.2866149474764619,2
1819,0.0289507326315419,0.03643185508251855,1
1823,0.1188049568817844,0.0901285722010115,1
1825,0.2512117512054908,0.30715083944879834,0
1829,0.0450111661105947,0.06332247724863738,2
1830,0.6215509294138344,0.637669083705401,2
1831,0.2559488182615878,0.24878169275429934,1
1833,0.0610748877812666,0.061202205233122246,1
1834,0.1880434445117623,0.13941737354189698,2
1835,0.0540263892383776,0.05106085950823245,0
1840,0.8090371339830438,0.7413514038537482,2
1843,0.1359127448108013,0.10720715516951002,1
1844,0.1439905527979014,0.11051375239851423,0
1845,0.2965033516834233,0.20992465030168994,2
1846,0.6732206296928767,0.6715014610151007,1
1848,0.4593437456300656,0.4065150644577803,2
1849,0.1076733051346856,0.11162319546382801,2
1850,0.5172310121492564,0.5886557823973497,1
1852,0.0426965560114519,0.05056537372066008,2
1853,0.0757414119317835,0.06264570662824666,1
1856,0.1593781777540664,0.14746072365963325,0
1859,0.0804595171896888,0.05921673675479122,0
1860,0.4565126768192109,0.4480794508475135,2
1864,0.2211639313787801,0.2612960181213747,1
1867,0.1785985592202351,0.11258361492247122,2
1868,0.1685406363117292,0.2174266225697908,0
1870,0.77735882941989,0.7721768992296052,2
1871,0.1282191825031449,0.11975946240790936,1
1873,0.0888626872498306,0.06547233625779045,2
1876,0.1365295156803446,0.13395961221807845,0
1877,0.2013276768859278,0.20496855658958532,1
1881,0.1854419729257607,0.16214323861524885,0
1882,0.7378888054918259,0.7845612910188355,0
1883,0.074336523983739,0.054805029729371374,0
1884,0.1210997071776111,0.180271053965516,1
1891,0.0899109841067142,0.09835213661029568,2
1895,0.1629132309678943,0.2385790972378854,0
1896,0.0597965712330652,0.06620060479979896,0
1897,0.1371100946274699,0.12102935515008441,1
1898,0.0347589690875613,0.03153364807310095,2
1899,0.0458058109659292,0.034499762751462826,1
1900,0.1943330929958343,0.170456766087855,2
1901,0.1221097190749227,0.11529947126985317,0
1903,0.0640090218506416,0.06481042531695874,1
1905,0.0761233650064988,0.06504662603812986,1
1910,0.0933085386514801,0.07681497886575488,1
1911,0.2183434287793418,0.1866354564612855,1
1913,0.2200233200487297,0.19913798839846075,0
1914,0.0845221698622811,0.07197541283366238,1
1915,0.1669191563563848,0.15019795421187626,0
1916,0.0682358035111977,0.052537697363499176,2
1919,0.0743320539993998,0.059088648355012374,0
1920,0.1912452528898301,0.16258195204013526,1
1921,0.4773611307154783,0.46239415875388656,0
1922,0.1766927852029025,0.16849826275516175,0
1925,0.1038517877029651,0.11287433342362435,1
1926,0.0477595190758997,0.036169213894499355,0
1928,0.0784221733472765,0.07810340185667625,0
1930,0.0699090675456255,0.053851380202824047,2
1931,0.0966044790073282,0.1078791035068047,0
1932,0.437120057445549,0.35728114111413,2
1937,0.3598018382411931,0.31985408912699664,2
1938,0.0722608942392777,0.06823136291802305,2
1939,0.0622712975825735,0.04399366186215732,1
1940,0.1143857594970064,0.10093002865758142,1
1942,0.4144621145265902,0.49261087000944104,0
1943,0.1162452722127249,0.09984629471456528,0
1946,0.2725626049780132,0.2339886240732633,1
1949,0.1347955216422026,0.17682206540363998,2
1950,0.0811910360357915,0.07741365339982616,1
1952,0.1000312396330366,0.08047717792931612,2
1953,0.2034630319395331,0.20858849223268092,1
1955,0.0676245898152043,0.07989864469534314,1
1956,0.6948123905373549,0.6175056324746557,2
1959,0.046068374091339,0.044147746646268644,2
1963,0.0778418101139479,0.0745953693790285,0
1964,0.1712627567990427,0.10025297781905546,0
1969,0.6511793767175752,0.6833426184654738,1
1970,0.1617946753051417,0.11423572674636277,2
1976,0.1481973151651269,0.10314246395144876,0
1977,0.1063530076804441,0.11768442179607402,1
1978,0.082062776486203,0.08186850144377225,1
1982,0.813279785904739,0.8078213423219512,2
1983,0.0565920475622411,0.04932872292873278,0
1985,0.0489825816974038,0.03407613902522752,2
1986,0.3119072542834942,0.4528248476727613,2
1988,0.5813373657023344,0.5862981867263131,0
1991,0.0678418804789161,0.0723169075574466,2
1994,0.0326444879774067,0.0249920545842058,1
1995,0.2136387984399245,0.23819067114787748,1
1996,0.0486548531404436,0.06444197531625583,0
1997,0.096418413416136,0.06894625747910528,2
2000,0.1145218817694587,0.11308285498555273,2
2003,0.1460793607689741,0.1245371703081305,2
2004,0.710111569311143,0.7708402446517433,1
2005,0.0493038540885415,0.035836611095127625,1
2006,0.1394716121259352,0.10906865253306594,2
2007,0.1682074716244865,0.1409391933254043,2
2008,0.1637042930391526,0.17936433119672152,0
2011,0.2824678718597885,0.369031999438027,1
2014,0.3032445836706802,0.223362493554367,1
2017,0.6315038659035872,0.6808888012653401,0
2018,0.0638639943506216,0.035059235103423576,0
2019,0.1138263303277985,0.10435042482184324,1
2020,0.675478616730727,0.702630873271545,1
2022,0.067842206997144,0.06513891459103373,0
2024,0.0377734169341259,0.03682872581965845,2
2027,0.1193672954028987,0.12766616585774848,0
2029,0.2209275678349564,0.20748496472025874,2
2034,0.1803406022485987,0.14623845398960153,0
2037,0.0428105975751423,0.03349593670392648,2
2039,0.2997756928448993,0.144144026470793,1
2042,0.3165422816475319,0.3151567157040296,2
2043,0.19054511626979,0.17041604447115305,1
2044,0.1330839250429346,0.1434932604074285,0
2045,0.1529305046268274,0.1404485556801906,1
2046,0.7904952050704445,0.7851693009744878,2
2048,0.1479134344167021,0.10786881395399925,2
2050,0.1073868232836762,0.10608971511126691,2
2053,0.3737714400138162,0.35513454344030504,0
2055,0.1298391363989447,0.1198519410488139,2
2056,0.2218997183525455,0.1990651979697872,2
2058,0.1506381612618275,0.15740531392451462,2
2064,0.0711613123590976,0.06224252791878089,1
2065,0.1524659546450304,0.12330991407695363,1
2066,0.067536208555422,0.0812173738576281,2
2069,0.1551039936944116,0.10800192192654458,2
2070,0.112996284835893,0.1092860080123573,2
2073,0.1623397435417579,0.16572023142123612,1
2076,0.2558741374993996,0.31713258356184304,0
2077,0.367382715007456,0.3019277654620838,1
2078,0.5181585165111443,0.51367470499324,0
2079,0.0707463369151469,0.058367551331489395,0
2080,0.656860619996222,0.6170836988396884,2
2081,0.1263341400032576,0.12739004541608978,0
2082,0.1120123367951728,0.10579961437972733,0
2083,0.362195208692748,0.38562648989718584,1
2084,0.2469504706902826,0.224441588664321,1
2086,0.3632173739667155,0.39950646661834066,2
2089,0.1756635125125855,0.15663814973873533,1
2091,0.3120787117696985,0.24529482327530744,0
2094,0.0746882066275792,0.10255733748420261,0
2095,0.7078289794434854,0.7525325757277149,2
2096,0.1646078732455018,0.2744381760097815,2
2099,0.0475226475618556,0.06944691507292178,1
2100,0.6353408122675569,0.6567576866135368,0
2102,0.7811762256617512,0.7811329671409244,0
2103,0.653445970762491,0.49004040192323084,1
2104,0.0553238232360044,0.04294739807864235,0
2105,0.1752309838737151,0.1388626578605395,0
2108,0.2860158683890368,0.16395348449079045,0
2110,0.0751439886041633,0.04582116301798037,0
2115,0.8677713167414506,0.8469481930255337,2
2118,0.5338999629040767,0.4973026678621998,1
2121,0.0798520544489133,0.06428514155859452,1
2123,0.4552936224803046,0.4215309459167114,1
2124,0.0540187337311242,0.0434252859355082,0
2125,0.7040763109275623,0.7855490311187143,0
2126,0.1665198395436836,0.1391175125571694,2
2129,0.0794396932129288,0.06400106531784097,2
2131,0.796320957500576,0.7302261861696396,1
2132,0.1432818269655864,0.12921642412106513,1
2135,0.8215910207883654,0.8587441695434905,1
2137,0.2914809768123734,0.2245495992142817,1
2138,0.0624609359247668,0.060330693746389205,1
2139,0.2777877089546741,0.21895759886772034,2
2140,0.2858228480252034,0.22355448479843706,2
2141,0.5793284491877867,0.5926856567246427,2
2142,0.2001668450758907,0.21374318890345803,2
2145,0.8588347876821676,0.8717609844433089,0
2147,0.0718339739747095,0.11001393348825755,0
2148,0.261926306309819,0.35551219499420394,0
2150,0.0726881757804294,0.05544423335920065,2
2154,0.06550644082094,0.049451716823010194,1
2155,0.0897596983179959,0.07287431647859853,2
2156,0.8037791968128143,0.7432037271181895,1
2157,0.1758404594081344,0.1878294994357378,2
2158,0.0445065611220338,0.028495534505100825,2
2161,0.0970744327281414,0.10199911022503969,0
2164,0.2884988914059064,0.41888142444302784,1
2166,0.3521330354850756,0.39121128380972736,0
2167,0.0574287857681116,0.10480415972477625,2
2168,0.8953365602095705,0.8325611760890905,2
2169,0.2899416930391109,0.29742500415194506,2
2174,0.0874284879975727,0.08222665907407063,0
2175,0.142537937142931,0.09217844506981189,1
2176,0.096916697902051,0.10394865880563155,1
2177,0.0670550008820218,0.05297808332217977,1
2178,0.0909065393419286,0.07342038946170037,1
2179,0.0703487550289951,0.0660700933591224,1
2180,0.0762007389159758,0.06543804972326901,2
2181,0.1129792982445214,0.08927536126564725,0
2183,0.0597055522052961,0.05758221825100565,0
2186,0.1006979361208996,0.08867396862787032,1
2187,0.1069301410441699,0.1122159333508786,0
2188,0.4071884198999351,0.4763070878675962,2
2190,0.1031350921737511,0.07183410977206389,0
2192,0.1530884555345842,0.16517273746546396,0
2193,0.0532056027670691,0.05158682677408792,2
2194,0.0576341215871436,0.03443072307052967,0
2196,0.1947796268119923,0.24701408611387765,1
2197,0.1437830818661972,0.10373296772045798,1
2198,0.0907061641956126,0.10467507336299077,0
2199,0.0847950690288182,0.06925630789927881,1
2202,0.1520079544152699,0.14739835379110933,1
2204,0.2259354889953634,0.2146821869031112,0
2205,0.1679680424716239,0.16756354184443448,1
2208,0.1634745757124118,0.16146404833738834,1
2213,0.2045429130010782,0.21240042645460688,1
2214,0.111800272547923,0.0924887582752944,1
2215,0.2072478634612976,0.19133840661346735,1
2217,0.1620110976962048,0.12037868744573627,0
2221,0.2597550210825729,0.20726888287351497,0
2222,0.3330736857826879,0.35579958975671006,0
2223,0.1237868386624542,0.09373008074729157,2
2224,0.134207174597033,0.14885477994245697,2
2226,0.0821137071538697,0.07256653295301074,1
2227,0.1346952089935398,0.1507946192096639,2
2228,0.1495333944656381,0.20882433092601227,1
2229,0.0964591669835792,0.09629514621862327,2
2230,0.1471400144676989,0.14746319459395016,0
2231,0.2774595562384094,0.29766530494805477,0
2232,0.5284964545926235,0.5185306681008868,0
2233,0.1204595191270594,0.11779111127157954,1
2237,0.2049753839081481,0.27708176635793247,0
2238,0.0696425613438666,0.07771912950570983,0
2239,0.17015176975937,0.17744280566340073,1
2240,0.1166972305819206,0.15347474215376344,1
2242,0.6769075993976535,0.6329835109460414,0
2247,0.090502944126806,0.09099165879699297,2
2248,0.3805388621878794,0.4920258627899822,2
2250,0.0527849585267616,0.06333532036035297,2
2252,0.7790930008522015,0.7676990053546464,0
2254,0.2689905601816428,0.3315391014150721,0
2256,0.6162894499172836,0.6164982300009192,0
2261,0.12360852515451,0.09087874299804753,0
2266,0.1375627323537844,0.2184696350974643,0
2267,0.0309941377769209,0.0317632869425117,1
2269,0.8024040341802974,0.7863038052047986,0
2270,0.3300592976022642,0.29713722658139197,0
2271,0.0859213688412968,0.09861899312335229,2
2273,0.216450550179268,0.2806486101984179,2
2274,0.2795929071230423,0.24899653541988223,1
2275,0.1262553179275402,0.1139014683826669,2
2278,0.149071212030933,0.1334307523756987,0
2279,0.6707858842099923,0.7326309234703006,2
2281,0.1364118208406898,0.13115287219096186,0
2283,0.1672546882093952,0.1820462015128751,1
2286,0.0831669127301878,0.0709207328970257,1
2287,0.4337918381571832,0.38002717956100796,1
2288,0.1502848014523227,0.14525794775506606,2
2289,0.2428450307438915,0.21582184527620318,2
2290,0.1712731545816382,0.19535477382742297,2
2292,0.4402401396322457,0.43791937291473315,2
2294,0.285725960260997,0.40058331816257087,1
2295,0.4209514937928943,0.3423316362776042,2
2296,0.4383814353790484,0.4949095461103538,1
2298,0.3090533456755035,0.388635791403473,1
2300,0.158381262876631,0.21951520928485574,0
2301,0.7143685841787663,0.7892005277363393,0
2305,0.1449397860570581,0.12049788656109778,1
2307,0.4244764712885248,0.2956048832770972,0
2308,0.1297494016551332,0.1418700164000818,2
2310,0.1009140889907251,0.06458109275564432,2
2311,0.3859568237212514,0.39723098431632786,1
2313,0.6119960902047578,0.5440524354852105,2
2314,0.1041523748938497,0.09203654162183493,2
2316,0.1100800565908555,0.08361615026901642,2
2317,0.2634948910294548,0.21000568307254744,0
2319,0.1106417320844735,0.08872277088053693,2
2320,0.1978853210668489,0.09200339696059334,1
2322,0.5791478894546349,0.5267501274574459,0
2323,0.1569009425173164,0.1377671054460532,1
2326,0.1509940438839345,0.13666279869756498,1
2327,0.1049040313605123,0.14622838929973947,2
2329,0.1964203678281297,0.2746761023272433,1
2335,0.0920914569170732,0.1010464226204256,2
2338,0.1395496180174669,0.1361610394636755,0
2340,0.072770320387912,0.055049017241746795,1
2341,0.4056803358289014,0.4343084634275201,0
2342,0.185400108305975,0.14140596290622603,1
2345,0.132192440105965,0.1221335495524264,1
2348,0.0487397310155678,0.04403620486809993,0
2349,0.465920841165772,0.4079887669217901,1
2350,0.1954630103690917,0.25457358997937707,0
2353,0.3267832414675972,0.4525351329910059,0
2354,0.0854974249658329,0.07717783341186299,2
2355,0.1881982115472218,0.16548719792464828,2
2356,0.2112873873987124,0.1187586356799641,0
2357,0.72301773100291,0.7008641007432176,2
2358,0.0614586520307633,0.045187244085234925,2
2365,0.0775068258356169,0.08249103283008186,1
2368,0.1155688069015717,0.12159630265689833,2
2371,0.094255755885572,0.101119602966499,2
2372,0.2347181178219037,0.2245894966016554,0
2374,0.1243907427070424,0.16028995662305673,1
2375,0.78642557666296,0.816418452821555,0
2376,0.8420387339206139,0.7738287268261573,0
2377,0.1465521844469395,0.14909994779563607,1
2379,0.3961905663561056,0.40918884432245256,2
2380,0.0751831948056137,0.04222821412692955,1
2381,0.1011041030001692,0.0800130673569648,0
2382,0.0447772351828658,0.041495282256637574,0
2383,0.1757550846708061,0.1807260946297165,2
2384,0.1020388606281471,0.11190239086893805,0
2385,0.247218300580682,0.22621075959249914,2
2388,0.108334698276012,0.08198771098007067,1
2390,0.3702802878758445,0.3577250970731729,0
2393,0.7726682197343422,0.6773678896284854,2
2397,0.2081787527383438,0.22892509211707562,0
2399,0.1304050850417982,0.11087404531212405,0
2400,0.0807734996777066,0.12392527117211267,0
2401,0.1379205987061875,0.11079162531245412,1
2402,0.1829167778594383,0.17204692712345637,2
2403,0.6376780720716101,0.5951835813779403,2
2406,0.7182082753058745,0.8131170581954456,2
2408,0.6635479959931635,0.7009798241853376,1
2409,0.1282805265541426,0.10840885284328645,0
2410,0.0844533272722765,0.05125152476890042,2
2411,0.1483481185863313,0.14369648538471796,0
2413,0.6876748353954106,0.706745298354688,2
2415,0.2324544410881968,0.2633053833680331,0
2416,0.121082941212093,0.13295333366509904,2
2417,0.1334331913385901,0.15726839795111092,0
2420,0.0532623795894974,0.04570308246595875,2
2422,0.7653361051153575,0.7153037013921268,0
2424,0.1529009298676118,0.1436792309325486,1
2425,0.0563509990989931,0.03807061430495605,2
2428,0.37630205404022,0.3983032899495785,0
2431,0.2618438260869901,0.24044125688277282,1
2438,0.7753680273446291,0.7838001031434554,2
2439,0.0903503449258851,0.07191078137254238,2
2441,0.1642095543775314,0.1613202285214064,2
2442,0.2551173329290835,0.24622020235162442,1
2443,0.0821541280003075,0.04988280125139675,0
2444,0.443747267500486,0.39923316186470126,1
2445,0.2741426844026394,0.38131311263841605,0
2446,0.074580911969217,0.08566611540403267,0
2451,0.1304705645209008,0.16338466816459918,2
2453,0.110103618496234,0.12224962639139307,2
2457,0.1143030682318288,0.11607377621639361,1
2458,0.5041114858592394,0.6164538905218937,1
2460,0.1067887752513294,0.13275550144138026,2
2462,0.8074707931817666,0.7600449995187053,0
2464,0.5668335636513862,0.5101868006677954,1
2467,0.0990347241448877,0.09281233086195602,2
2468,0.1703672976379666,0.1528583043381252,1
2469,0.0608256816830566,0.050295117829182,0
2471,0.7200610988564279,0.7587178084040873,1
2472,0.8195938194979892,0.8145988059271776,1
2473,0.1237986462763618,0.14037553190567792,1
2474,0.1190555382474369,0.12989138817083457,1
2475,0.1960340773933683,0.1922916060838506,1
2476,0.3481005500426942,0.31147361136800833,1
2477,0.1569426714317596,0.1433295094496325,2
2479,0.1419249989851659,0.15195685317054994,2
2480,0.1023412754192204,0.1149379789255803,2
2482,0.036905266911413,0.026646442655723624,0
2484,0.1741754754579988,0.1485973852842713,2
2488,0.1908919809740435,0.20959033992167875,1
2490,0.4237103073150383,0.3660780735272211,0
2491,0.1591552738118888,0.13655552177950087,0
2493,0.14663277367272,0.15904494382517884,1
2495,0.379956657632161,0.40381325884798486,2
2496,0.1066323454730291,0.09895511714849137,0
2499,0.1556724256382436,0.18500233095044769,2
2500,0.1227908858181621,0.08426567522056927,0
2501,0.0366714748976562,0.03180163735955465,0
2502,0.0291205545666469,0.021075546518002676,0
2503,0.0995894121533232,0.08630135088586488,0
2505,0.1437860815338119,0.20671197190489624,2
2506,0.4443227701705595,0.4818880632932475,2
2507,0.0983024242611734,0.09047437010927839,1
2508,0.3598899091489386,0.5142270231797543,2
2511,0.6902725006806962,0.6913632303521763,1
2512,0.0774991106818326,0.0992245359794985,0
2513,0.1056214938070872,0.1117109482410012,2
2514,0.3703429303681494,0.40218835632744715,1
2515,0.0596764397436514,0.055892285433818675,1
2516,0.1772208934133061,0.1968136607804325,2
2517,0.1329024629801763,0.1903637264493534,2
2518,0.1508077788136797,0.14982626127212073,2
2523,0.1097368060026676,0.09442463016228086,1
2524,0.219617539493705,0.1836994349300076,0
2525,0.1489123890925452,0.07955080974118839,0
2528,0.3402897844642859,0.30378486357492696,0
2529,0.2089872731287353,0.25418351030049935,0
2531,0.317447720159428,0.2909249874684713,1
2533,0.0800405208099912,0.06237731574008805,2
2534,0.104414140283119,0.0909402039163379,1
2535,0.221751134582407,0.20854963326694032,0
2536,0.2446913121059955,0.3085841252312495,0
2538,0.2607416258255932,0.27824953971447447,1
2539,0.0934747475260239,0.09644016672826117,0
2540,0.3434407083778882,0.34928849789639327,0
2544,0.1110144188048556,0.10858712127833871,1
2547,0.0520733687546966,0.05469783808498075,1
2548,0.1795924310606654,0.18612444842008996,1
2549,0.0697588539029106,0.06153775593293308,1
2550,0.6157449400200553,0.5998498697968805,2
2552,0.140436611587652,0.11388559680648572,0
2555,0.1497058918967894,0.1606930839003604,0
2556,0.0499237922265287,0.06252586145586497,0
2557,0.0978348538609074,0.0817283891966922,1
2558,0.6796347536701832,0.7530847795545752,0
2559,0.1400305630367208,0.1640968318251235,2
2560,0.2541511460784929,0.22026388326588156,2
2562,0.1088702034177087,0.11687928261780696,1
2563,0.8205800697659429,0.7654731459147374,2
2564,0.1524815430731717,0.15161272128538902,2
2566,0.1187212008024264,0.12400104730944253,0
2567,0.2273854996482928,0.2059239130074477,1
2568,0.1065718863059652,0.08388357033187939,1
2569,0.4129001776470256,0.39460587463883,2
2570,0.1578518845477343,0.18097959158290156,0
2571,0.1884638338598384,0.20776646660081802,0
2573,0.2593346015953034,0.21098500367249526,0
2575,0.0935130705862821,0.06336166049238681,0
2578,0.1297744728619461,0.10784407476617863,0
2580,0.3796324627503726,0.43138968634553526,0
2581,0.1909610097841688,0.17956189837940956,1
2583,0.2144885335626087,0.30069393496363095,2
2584,0.0862561435643466,0.06233168606625015,2
2585,0.2492862098035728,0.28673984338698566,2
2587,0.1542726398966236,0.14994232504871927,1
2590,0.7267568807384026,0.695009551353025,2
2592,0.3492619244141305,0.42896476587537524,0
2594,0.1387925109402304,0.130414606850909,2
2595,0.1211336097465761,0.11627724403600176,2
2597,0.0520089684462707,0.08994684004640723,2
2599,0.0541922696551036,0.041110448165563654,0
2601,0.3200872272952406,0.3702173170914514,2
2602,0.0535287541087457,0.039922136949660916,1
2605,0.1417004451552567,0.1392976775562741,0
2606,0.1933520540119885,0.2679418975917996,0
2607,0.2928943686324682,0.29027265114794293,0
2610,0.0530081421985392,0.045230017106251824,2
2611,0.0501418334305387,0.0405062483116877,1
2612,0.2113077236924217,0.16716358073131732,1
2613,0.0817685905302829,0.07458049491641462,1
2615,0.0303737659614838,0.02144076562731675,1
2617,0.1290160803661051,0.11025057977970598,2
2620,0.1970597087546707,0.1528506816486777,2
2623,0.1287060744340386,0.19939630249684975,2
2625,0.1199907448249683,0.1026672338030605,1
2626,0.0999091719469072,0.08829973901793732,2
2627,0.1498040862433496,0.1300909144675052,0
2630,0.6232432018146027,0.6575257213464321,2
2631,0.1509226077370025,0.1256346559976143,2
2633,0.1312342782009834,0.10148099427572123,2
2635,0.2570312268098468,0.27176228575010647,0
2636,0.2346571806167241,0.24981645118978757,0
2637,0.3847068204349427,0.42901091067560115,2
2639,0.1212115225507575,0.11802815270708174,0
2640,0.0683604901196244,0.07283120361367237,2
2642,0.4276989170020698,0.4880559019137307,0
2644,0.2371647819486396,0.1849025192609604,0
2646,0.1095373396490515,0.08465000904910315,2
2647,0.6733682905154891,0.6477168144874608,1
2649,0.1067539610991819,0.09042858951827482,0
2654,0.1584133554504697,0.15695057285724345,2
2655,0.1280189527346185,0.13931897975525012,2
2656,0.5165679369986458,0.5312186815716127,1
2657,0.2405930545853751,0.205065999027786,2
2659,0.6069844468631912,0.6271064416516743,2
2660,0.6713856145796551,0.7738369449552924,2
2662,0.0653192563060872,0.07018836833304712,0
2663,0.1418499723367307,0.13648073195772473,0
2666,0.1761788620484986,0.1432443951554919,1
2668,0.1368473998403183,0.11347804726353328,1
2670,0.1963493026558752,0.25573491911461405,1
2672,0.4034781443206484,0.43629236957468187,2
2674,0.0432543925863411,0.0482213016797893,0
2675,0.1329733761775788,0.17070306979941943,0
2678,0.2600989300366655,0.22836981898348802,1
2679,0.1177532842712254,0.11810273811534587,2
2680,0.2375354441642776,0.2679533864537579,1
2681,0.0843089349221195,0.05960072725298055,1
2684,0.0429778203506672,0.05468400802125483,2
2685,0.7595371712206206,0.7974182046554894,1
2686,0.114665572240112,0.09990431914218058,1
2687,0.0375241081262302,0.0278307995196946,2
2690,0.1752698439968788,0.19736450448345239,0
2693,0.0943161578893546,0.11691657550101844,2
2694,0.1658121318080633,0.14912431241310473,2
2700,0.4367930913621313,0.537385939780388,0
2701,0.1981423418510536,0.14795268777601966,2
2702,0.2268023438985728,0.2104834627988235,2
2703,0.1105122103240269,0.12663844790475925,0
2704,0.7115395404586223,0.7142252740288471,1
2705,0.093208678352718,0.08066514489764823,0
2706,0.1028907677726438,0.055602175133645924,0
2707,0.7537315504849834,0.7265897787177462,1
2708,0.1163402607023383,0.09559356789130115,1
2709,0.0432796149352577,0.045983820425624725,0
2711,0.0418150792009079,0.038553432398501626,1
2713,0.1651304403125664,0.2463201195396346,2
2714,0.0933324026166462,0.08362773239652677,0
2716,0.3798362710430126,0.3800011910350962,1
2717,0.0798427271404399,0.06236173159795988,2
2718,0.3742533490279325,0.2417805683057253,2
2719,0.1655194383487059,0.15116591644491648,0
2722,0.0971649405912832,0.08519784517738765,1
2726,0.2612308729696984,0.33094027315411145,0
2727,0.0952703947480702,0.10467686575597834,2
2728,0.1472611184687566,0.13236776738457376,1
2729,0.2109792302449868,0.27112477897726195,2
2732,0.0903270318932721,0.11823358200787586,0
2733,0.0744360893339305,0.06531579498828392,0
2734,0.2074626462245545,0.32218094450248325,1
2735,0.1084709987746794,0.07988380650676985,0
2736,0.1386849232402938,0.19313910661730116,2
2737,0.1769275454380375,0.1570357477767428,1
2740,0.1723262733390836,0.1749866961911397,2
2743,0.2348841697779606,0.18683094960648378,2
2746,0.0272679128210971,0.026877700426848172,1
2748,0.0737178295030629,0.057609170155527925,1
2749,0.0796625712301342,0.0660296297614924,2
2750,0.3703765079500061,0.40050927816611204,1
2751,0.1508605369741205,0.21087125525460435,2
2757,0.5363097881860707,0.41786692739645026,1
2758,0.1728501270614933,0.19419892628153024,1
2761,0.0814904765446222,0.0711642213644586,2
2763,0.0963533816719824,0.07474481610335147,1
2765,0.0774003315464792,0.07088703418007265,1
2766,0.0795261378179669,0.06406030194740239,2
2768,0.1770135882893504,0.33244520839667424,2
2771,0.5765750961932277,0.5857726848344984,2
2773,0.7992364253425436,0.7812309460573597,1
2775,0.027148013157131,0.03390595850416095,0
2776,0.0971624737778267,0.07737652841061562,0
2777,0.8173020236488923,0.8154895928390069,2
2778,0.1136515080570307,0.09547414956848076,2
2780,0.0726535999287613,0.0708543349008501,1
2783,0.0293507273570061,0.031800105030347525,1
2784,0.338484076334832,0.45655912272980853,0
2785,0.3347277837899225,0.3153309202017608,1
2787,0.208920310966399,0.3471415806741071,0
2789,0.3016059435545374,0.240884975869262,0
2790,0.2614365659421963,0.22377606921943383,1
2792,0.2874327797235265,0.35287918498662024,0
2793,0.0510334578646465,0.066825872504329,0
2795,0.304446159214327,0.3118882554249982,1
2796,0.3029212040417258,0.34106182620609093,1
2797,0.4773764977237837,0.5093814059158472,2
2798,0.0753843391298338,0.06473167870490505,0
2800,0.1140430415438386,0.09494462892703416,2
2802,0.3433782943253088,0.4193279756272551,0
2804,0.0997928454173387,0.10680001253839339,1
2806,0.2728161467301981,0.23833538192058012,1
2807,0.1374451301712871,0.0984261406370721,0
2808,0.2126748610330722,0.14945960969182184,0
2809,0.0877673028640323,0.06038000377900632,2
2810,0.1181287987269913,0.10029745066771793,0
2811,0.3222426312245447,0.3564240338308414,0
2812,0.1461208806420507,0.14287993344288225,0
2813,0.0611430283990245,0.0566024797097383,1
2814,0.1267477403958142,0.1400938153142094,2
2815,0.1892805685318838,0.18677400689221688,0
2816,0.1333433938472895,0.14029091062819288,2
2819,0.1131418895170914,0.0929510811348037,1
2826,0.1758003050432147,0.1760039424359727,0
2827,0.0296719841134139,0.029175395089611828,2
2831,0.122451517511871,0.10246923606083405,0
2837,0.0545163982263314,0.06972463517391261,2
2838,0.0567927079756452,0.05854776353696185,1
2841,0.0971186155104996,0.11090614209236975,2
2842,0.0710368268011811,0.05510773960422452,1
2843,0.4341402943865519,0.38517543991117614,2
2844,0.3775427240298863,0.26582802394461397,0
2845,0.0953519131240147,0.08054284810189219,0
2846,0.0726856559201817,0.056413808795944924,1
2848,0.0895651639910407,0.07959081071147261,0
2853,0.7448095558422213,0.679544093634827,0
2854,0.0737826674397391,0.0762967945593849,2
2857,0.1962849301823592,0.19599732103926848,1
2858,0.0760135773256373,0.04438959005026895,2
2859,0.077166940063062,0.08079224973603795,0
2860,0.2240396313182854,0.2511275104311446,2
2861,0.5047135396520821,0.5273786853189001,1
2862,0.1192041714386516,0.13712535607431298,2
2865,0.8496665073661736,0.8928211885485783,1
2868,0.160879547554439,0.16637522802730603,0
2869,0.1746419798697435,0.20403929034989787,0
2871,0.1356503843455696,0.14134105820436338,0
2873,0.1364484017370777,0.11744310891947637,1
2874,0.0456606924637888,0.025342050159889502,2
2875,0.2079901780853614,0.22333597384428822,1
2877,0.5195722164429185,0.3568515904219769,0
2879,0.0778852004455872,0.07764609466518875,2
2880,0.326616983574215,0.23249408177445913,1
2882,0.1675026653567841,0.12116332980194283,0
2884,0.1086575465878159,0.11779455675095582,2
2885,0.0846605832768496,0.09817558273622017,2
2887,0.0515610080280533,0.05026571516249718,2
2889,0.1662422083745765,0.13587048544091404,1
2890,0.2191152141280821,0.22489547221726197,2
2893,0.0297888710744482,0.022479631717214725,1
2894,0.3745607505300244,0.41593767931191816,0
2896,0.4482050593180449,0.3887193515515708,2
2897,0.3311120881985481,0.37695941509707587,1
2899,0.1770632597274461,0.1444158722294804,2
2902,0.3833319316339275,0.3424326169429877,1
2904,0.4607336908684574,0.4328401846078716,2
2907,0.0284629979971223,0.022085170662664626,1
2909,0.3501757333614635,0.42686995666490873,1
2911,0.1654266340021985,0.195523912148519,1
2912,0.1122356668048532,0.15056699280847385,1
2914,0.1309182184695594,0.1087219589619373,1
2915,0.1105228354406575,0.12685331618170648,1
2918,0.2590494394567121,0.30861689956771465,0
2919,0.0922336980229084,0.0893868389116876,1
2920,0.1160795555445524,0.16535489718663304,2
2921,0.1811431290071894,0.17372690361905166,2
2922,0.1605490646694474,0.1664204099643572,1
2923,0.0757947293600327,0.07089852775426593,2
2925,0.1586486560380335,0.17959047074041537,0
2926,0.6101343518509772,0.4960191821388064,1
2927,0.8165482082148501,0.7424198743816968,1
2933,0.0414364746924603,0.030984636474173703,2
2935,0.3068236960324474,0.2607032849876162,2
2936,0.6124528123317918,0.6044147656532775,1
2937,0.1636735322277052,0.13265032317335904,1
2938,0.0520685325312852,0.04304629612020052,0
2939,0.7470212042706499,0.7731653050316293,0
2947,0.1262814001612405,0.08266316547375244,1
2948,0.5851711362414989,0.5169449126304098,2
2949,0.0678299118889794,0.05688111715347473,1
2950,0.1907126528021387,0.18028670005100972,0
2952,0.1213621969291765,0.12144952828364973,0
2953,0.4260268344514478,0.3743421339896555,1
2956,0.0373065359948064,0.04887869609719715,1
2957,0.0914145814417001,0.0859832234890981,0
2960,0.089474338640464,0.09848830817539175,1
2963,0.2649440128999679,0.2811288459181018,2
2964,0.8191837795658842,0.8346346478370508,2
2966,0.0819246720444295,0.08846792702144728,2
2967,0.1437493660851845,0.12695289684104474,2
2972,0.0763632079005993,0.06506152976902788,0
2973,0.1464908073061908,0.14283780244223376,1
2976,0.1483957119710825,0.13102229875198523,2
2979,0.2496109720089845,0.221060327114165,0
2982,0.3566147383296251,0.3002445323975819,2
2986,0.1121703180115938,0.0949133616788471,1
2987,0.1073772216005534,0.10401729351973878,2
2989,0.0720684222322413,0.028869383583424,2
2990,0.1415764168954443,0.09910020618721088,2
2997,0.6375071749307046,0.6451997683648901,2
2999,0.2306455828124334,0.23960123416027942,2
3000,0.1778934381584234,0.2757456455620454,1
3002,0.0282037876972101,0.02572962958677255,0
3005,0.7119607357216372,0.7484503553072358,2
3006,0.0808500443496609,0.09904307064458631,1
3007,0.1241599813063562,0.08513346725431438,0
3008,0.6823982136974706,0.7028234709956132,2
3009,0.2073490594270499,0.2666357663483009,1
3012,0.1307060898656266,0.14273105463901015,2
3013,0.1563566953627496,0.1460336612321358,1
3014,0.1086220003613051,0.10965612295200855,1
3015,0.0257221081523872,0.015916071002735524,0
3017,0.1346119147870175,0.10071461338678465,2
3019,0.8279560442054105,0.8066807850928224,0
3020,0.5718590765392427,0.5864183522278174,1
3028,0.1483944288151339,0.1600813741107592,2
3035,0.0618564295557252,0.08491346301365832,1
3037,0.1123868869016617,0.2036813676530177,1
3038,0.1393249448624144,0.05613515565227423,0
3039,0.0614164337447824,0.04328569823842153,2
3041,0.7983049503528694,0.8026404255933863,2
3042,0.1440747040426899,0.10873225293056553,1
3043,0.1524730633741757,0.12165628893227108,2
3044,0.8151214590004273,0.8074530351213398,2
3047,0.4953424908516548,0.44048876172433804,0
3048,0.139529149005148,0.12296970449668226,2
3049,0.06807741077517,0.06861534407598142,0
3050,0.2462594782188294,0.2836271184100833,1
3052,0.0817989740768595,0.1272846475804481,0
3053,0.3790277510806277,0.3185089049827499,2
3055,0.313214806375971,0.27228475928173634,1
3056,0.2924619105910216,0.2703620910327767,2
3058,0.1457363664555548,0.14195661518342664,2
3060,0.068066811604139,0.061021130635984626,2
3061,0.1135713489267871,0.09822077383769792,1
3062,0.1598361705704534,0.159806987627061,1
3065,0.0616990207960045,0.04946566875018598,1
3067,0.2745062281980536,0.18698300933965617,2
3070,0.3795157800742362,0.4038480942039314,0
3072,0.0701576865886505,0.12713750751783265,0
3073,0.1254999015597661,0.1077673831339138,1
3074,0.1910981912847139,0.1955334601371114,1
3077,0.1894444264536678,0.17754956922170295,1
3078,0.108681667776917,0.15385561663633052,2
3082,0.0473621460506087,0.037160654315634804,0
3084,0.1411082759692217,0.12937963015961532,2
3085,0.16235584005326,0.1859572716773911,2
3086,0.1166305109439789,0.13674391678675663,1
3087,0.6020447742520558,0.6839347462344698,2
3091,0.2197525982545065,0.2052635345628913,0
3093,0.2211774959642047,0.24308508189035394,1
3097,0.073041583439893,0.05716725972746922,2
3098,0.0716168741613045,0.06533716837049447,2
3101,0.081443985824918,0.09307805278245773,1
3102,0.1051344765844408,0.12990637361120871,0
3103,0.0711070311092823,0.062390554285228945,2
3106,0.0500731327009278,0.06274072772488683,0
3107,0.0288050116363067,0.022644985735465875,2
3108,0.0302795362373524,0.028232013598657124,0
3109,0.1215246307438762,0.11651748625202665,0
3110,0.0670732349259293,0.10685746850745784,0
3117,0.1381517824152201,0.1856842063818052,1
3119,0.1378090843903669,0.14351977486708975,1
3120,0.0357105936398093,0.027909947855927653,1
3121,0.1853598311778339,0.2065802352900109,1
3123,0.0437705395559617,0.047630553671036774,0
3124,0.2188340109117055,0.2381740743450186,1
3128,0.0671497693551319,0.029350064835244525,0
3129,0.3057502418121614,0.341437028857711,0
3130,0.178851763030046,0.20418132535429012,0
3131,0.0601965255798089,0.04159434862673495,1
3138,0.1133154003761622,0.12204666585819401,1
3139,0.1839629518671021,0.16916119650955866,0
3140,0.1419644006861617,0.11211127421436602,1
3141,0.5219278518294145,0.46565820765802696,2
3143,0.1215413135020149,0.0887611725937063,1
3144,0.8202423217801357,0.7680141893155046,1
3149,0.0551656664642802,0.050457312185227206,1
3150,0.0236116593816251,0.01853439607507175,0
3157,0.5798158174366536,0.5680526810706743,2
3158,0.0811773474974866,0.08212492428008412,2
3159,0.1211980606791259,0.14853481854285563,0
3161,0.1180846114068302,0.1497906369463795,0
3162,0.1436824564270288,0.13604792320024134,1
3166,0.2192688944908257,0.2585998497725438,0
3167,0.2546834039823327,0.23446663372055773,0
3168,0.1183850988759336,0.10559078127656275,1
3171,0.5918538377670086,0.5881615680282979,0
3172,0.1776984215301165,0.1510938022549426,2
3174,0.3184148220212193,0.42255931820030673,2
3178,0.1029367300422021,0.0805523430131453,0
3180,0.0289769934271867,0.03546055237636603,1
3181,0.1824899994302381,0.10028205183929449,2
3182,0.0459121140637366,0.0255564992219323,2
3186,0.477790835010878,0.5011187585534032,1
3187,0.7319120691851008,0.7261217235579368,0
3189,0.09303262126159,0.10292606714749414,0
3190,0.2054691263368901,0.19427338106401973,1
3192,0.4174203087038763,0.4074483792946882,0
3193,0.1041278605223132,0.07311314062296657,1
3194,0.1189715342112333,0.0762599000603162,0
3195,0.3932744070329614,0.4114863590379844,1
3197,0.1025460347431814,0.13820316006483432,2
3198,0.1434460225134078,0.14411032601003687,2
3199,0.2457127688536333,0.27417540914890315,1
3204,0.1163189193654011,0.1050763749571855,0
3205,0.0324392843745613,0.030854177638209076,0
3207,0.0841694416660876,0.09743806740116419,1
3208,0.0556262085781935,0.06404179018544498,2
3210,0.0901847280438385,0.09905627682478682,0
3211,0.3866724599736532,0.3687873608783435,2
3212,0.345233149132958,0.27087318360570345,1
3213,0.0655118026436889,0.051217503171499104,2
3214,0.069000903849336,0.04309662432862337,2
3219,0.3069770846983172,0.3768837477782618,1
3221,0.1400924651219004,0.07086898442750238,2
3222,0.0767293160048138,0.04977080320352597,2
3223,0.4525936828619026,0.5176850636495443,2
3225,0.1648367904004583,0.1524519444149285,2
3227,0.0657956085434106,0.05271572294297605,2
3230,0.0322624252207086,0.05545513166230352,0
3233,0.0774054272691529,0.07086798804554305,1
3235,0.3197904384495401,0.33623644071315795,1
3236,0.5819204230422625,0.5188488070923827,0
3240,0.3611264460664121,0.2848388319533132,1
3241,0.2322919462999235,0.2217886388474334,2
3243,0.6969998761230112,0.724512776667894,0
3244,0.1556111641432518,0.2212330001011867,2
3246,0.7090637963508778,0.8343983170664528,2
3249,0.1338703642146485,0.10681894057596053,1
3253,0.2522870396802826,0.2651162784983698,0
3255,0.2383251872254084,0.3117748550833612,2
3258,0.4836316273472791,0.5879675286676106,0
3259,0.0170165547641931,0.034378976672629374,1
3261,0.0985673640827675,0.09046141908596206,2
3265,0.5457658782772034,0.5446718222616282,1
3266,0.4389370482460293,0.5105946946807957,2
3267,0.1574928095595894,0.14205110800651916,1
3268,0.0618860947385306,0.05229709184308308,2
3269,0.2051337865838004,0.2848906283423325,1
3274,0.1153274240531661,0.11325496055931736,0
3275,0.1586810420165174,0.1129807016228337,0
3276,0.3018814362628788,0.40595335579904224,1
3277,0.1372865785628726,0.0635449060196977,0
3278,0.2882364165634302,0.3123585949457791,2
3279,0.4114982777787313,0.47732341357438757,2
3280,0.051547395277171,0.059652352712512624,1
3281,0.2107924551215135,0.2000118261607064,2
3284,0.056261161384473,0.043244611671365625,2
3286,0.0521103992967475,0.050644096066121747,1
3288,0.8164696550415274,0.8195977284486474,2
3289,0.0978006847798896,0.128730273686532,1
3296,0.5904732225600545,0.5790228748377435,0
3298,0.238394905360535,0.2557887476946056,0
3302,0.1776320218813088,0.15954272599161856,0
3304,0.0477419471046167,0.041480743975364574,1
3305,0.0415366265560933,0.0347282509605203,2
3306,0.1439089794388641,0.11125063191958696,0
3307,0.2037908364481417,0.1821039377826811,1
3314,0.1145612181356367,0.1406147372042062,2
3318,0.1267361106782441,0.11533746729133088,2
3319,0.5694541031234202,0.6000595385039281,2
3323,0.0984135012823211,0.1007474948064842,0
3326,0.0918186993847113,0.05800507016560962,0
3328,0.0466043520738707,0.05987168821261482,2
3329,0.0538106242435586,0.0338413674420694,2
3332,0.2219620273161866,0.17305602826944622,2
3333,0.1205521686192684,0.10045028230441941,2
3336,0.1421049827744014,0.1401560084678639,0
3337,0.5553605908985568,0.526798554812536,1
3340,0.0756537361471214,0.08244994077415997,0
3342,0.1398391454433198,0.10403640706674841,2
3344,0.1580687382763503,0.17660847420507755,1
3345,0.7311240397444874,0.6335464386419101,0
3347,0.605610049893586,0.6286474585611237,0
3350,0.3727515686647575,0.3468826970104414,2
3351,0.5950585431568972,0.7207687332263186,2
3353,0.1062862025626976,0.15539800409504037,2
3354,0.3924544233237735,0.35556195764802423,1
3360,0.2654029448859311,0.2584293466883552,1
3361,0.1463803892931776,0.1302823663883768,2
3362,0.1363370580344376,0.12781264493555636,1
3364,0.1307800444386914,0.12979872241082155,2
3365,0.1958232952527237,0.14246383726582368,0
3366,0.3637674467081025,0.39615502766253874,0
3367,0.1831491269471835,0.23859741748279903,2
3370,0.4775130276311682,0.5138246146622663,1
3375,0.0925147617665242,0.08481594943996006,2
3377,0.0645926450381033,0.055664125099453274,2
3379,0.6900212308651117,0.6860473384113455,2
3380,0.0738437128028887,0.09940071917833793,1
3385,0.14946364822872,0.1636173490387126,0
3388,0.2054235578235499,0.11722474323954621,0
3389,0.0983712818497731,0.18648075870098724,1
3390,0.6746517963470318,0.7221970717148045,1
3391,0.3858451541861313,0.49852345746301596,2
3392,0.1800235395691403,0.14518018320325365,0
3395,0.2289401466743506,0.20855850835457843,0
3396,0.0602076568425069,0.04409343913273975,0
3398,0.4653553148323807,0.42958309411351514,1
3399,0.2486825218533931,0.15925701070601958,1
3400,0.1317683554202283,0.13128407080445428,1
3405,0.0994394690344222,0.19070940103792358,2
3407,0.0646495763279793,0.0528165807398674,1
3408,0.1023066012226871,0.11374853218379094,2
3411,0.1722071790532997,0.1510721061819697,2
3413,0.1584248482132924,0.06530466895201602,0
3414,0.468612969565114,0.5937374158230962,2
3415,0.0947505275252382,0.10753799314398088,1
3417,0.1358920743921595,0.1259404064262345,0
3418,0.0450527980830005,0.02956070937007685,2
3419,0.768366678996601,0.8314091957671143,0
3421,0.0514644479197207,0.04927222809703713,1
3422,0.2464178911232572,0.26863427114983973,1
3424,0.169826047600747,0.2075479466421511,0
3425,0.1637503356689628,0.13999349843980902,1
3426,0.1051880937475437,0.09388310031984244,0
3427,0.0250211290394475,0.02053494934842625,1
3429,0.1747066716572408,0.18166219160021618,0
3432,0.1049427319737775,0.09683365475790137,1
3436,0.3965253093755652,0.44768939478940484,2
3438,0.1098313604561597,0.09567090541955325,0
3440,0.0683206606724319,0.08460091508283676,1
3442,0.3669650253808938,0.32694198863552837,2
3445,0.1506210184093491,0.18204419186481585,1
3446,0.1398191204504391,0.1698242132759336,0
3447,0.1626733531943151,0.18274851004275613,2
3448,0.1144135751212318,0.11850851276546764,2
3449,0.0561374132883928,0.08607492832037937,1
3451,0.2174649449025102,0.22184486649212587,1
3452,0.2273537979758122,0.31607217762585516,1
3453,0.1849163762034572,0.158579157826775,0
3454,0.2336039928011333,0.21584428644453257,2
3455,0.6942876807016528,0.6738430473101404,1
3456,0.1264721880454433,0.1241031834150835,0
3458,0.5832412208012756,0.7095390896706701,2
3459,0.121084784560873,0.08865717813241236,0
3461,0.0892088616038324,0.06989346175608245,1
3462,0.2313191059178785,0.2145070229957385,1
3463,0.1356853397385204,0.12677297698824286,1
3465,0.0297174727561015,0.03140351370971895,2
3468,0.1071618800416874,0.11003327930102876,1
3470,0.0677191002447713,0.04493318305655115,0
3472,0.230358609461464,0.2575224370511247,2
3473,0.0890232786434752,0.06815186230264125,0
3474,0.0218059676339331,0.018548733456802923,0
3475,0.1096909471520543,0.07923949810619575,0
3476,0.1623720099362611,0.14782432957334213,1
3479,0.0693824192579188,0.06375795573867432,0
3480,0.0391362424019304,0.04249512502093598,2
3483,0.1066667969766936,0.09549558561508163,1
3484,0.1682834208992446,0.17671500930882345,0
3485,0.1489613992013561,0.18535743198587523,2
3487,0.0936767482481802,0.08946313761529062,0
3489,0.2028527203067773,0.24427206443083638,1
3490,0.1130014950119575,0.07900712637799874,1
3492,0.0179766669584987,0.019779786166288622,0
3494,0.1420253657192439,0.13176473398229877,0
3496,0.1398965222457654,0.1534650981758108,0
3498,0.0626046042445528,0.07086156094639504,2
3501,0.8470192330757619,0.8023340535136039,0
3503,0.0461944904171626,0.042725184234462255,2
3504,0.1976674615667888,0.13462352949734688,2
3505,0.2094270656154849,0.18327588802424252,1
3507,0.0528138611401733,0.029460233691003323,2
3508,0.1172631194026194,0.10427746654614448,0
3511,0.1009103262478656,0.07938310727708173,2
3513,0.7707119359004934,0.7287340372537664,0
3515,0.0543946549001252,0.045693934617963394,1
3516,0.2245213119941743,0.2362442377261596,1
3518,0.344802027752028,0.1957249537715406,2
3519,0.1420088949279543,0.1897502110650623,0
3522,0.0563873374329933,0.04587819946105947,2
3524,0.17419072889377,0.19671840810323268,0
3528,0.5859206059151092,0.6317528969235742,1
3529,0.0960650087205361,0.08558727093071544,2
3531,0.2426000822108252,0.20387863983390078,1
3532,0.2682968770972475,0.2915038510465049,1
3533,0.1138672466725495,0.08771224257429822,0
3534,0.2241804535742751,0.21776252882608285,2
3535,0.0844323671736298,0.0652598245957422,0
3536,0.5023062714619655,0.4115907983269624,1
3537,0.5974985040133722,0.5984625686029541,2
3539,0.0557849700771466,0.056808433806138994,2
3540,0.8746802275883572,0.8407112004844558,2
3541,0.6096487574404329,0.502911054863644,0
3544,0.0807593143605609,0.08921879897253189,1
3545,0.3069737505988013,0.34432379072003005,1
3546,0.1618220013979011,0.14965534202017997,1
3547,0.1017035408763731,0.0477377700145257,0
3550,0.0651279338308911,0.05760481187055998,0
3551,0.7037443743217917,0.6694488863017717,0
3552,0.0463973591483483,0.04620880448819738,1
3554,0.1417783254805257,0.15624830950823224,0
3555,0.2952078463969556,0.24296492684951654,1
3557,0.0822255120867232,0.0690736623462298,1
3560,0.1895426629983942,0.17156290838108007,2
3562,0.8114263723443706,0.8088416224154262,0
3565,0.3294431968547019,0.3285642572399916,2
3566,0.2297487307465951,0.22299389138000159,1
3569,0.3653049655268138,0.4518711489210364,0
3571,0.0489925936624883,0.033699882118304395,0
3572,0.1211696492049082,0.09306641660862507,0
3573,0.5042174316178858,0.49585389980227523,1
3575,0.1737681464675998,0.15682246858988758,2
3578,0.471691956047059,0.4929905187175337,0
3582,0.1672058014927948,0.16597935330756858,2
3584,0.8817829002034397,0.8712773840001956,0
3585,0.0625001322335575,0.057290655035336424,1
3587,0.2444193794789869,0.21468844055763964,1
3591,0.2580244225298077,0.22908066558897555,1
3593,0.65655946257688,0.6598953209602686,1
3594,0.7789384146480627,0.854788262165692,0
3597,0.6153270008179317,0.6136965683010986,1
3599,0.2490418177262905,0.25089367493920145,2
3600,0.1140015270809398,0.13837067637781644,1
3606,0.6764238245217382,0.5454641908256873,1
3607,0.0524146498079945,0.032250969223301125,1
3610,0.0234533642146424,0.030163719713432274,0
3611,0.1061152644943591,0.1066065201957304,2
3612,0.0248286666773624,0.020505531850748927,0
3615,0.0727293233818484,0.0653496971325367,2
3618,0.0322381325212021,0.03355300446331137,2
3619,0.2901245741255356,0.37351534632013217,0
3620,0.0832273726348733,0.08363301529613491,1
3624,0.1008748075062027,0.08640016150965663,2
3625,0.0602149108133325,0.07512116232256275,1
3627,0.2118332680330047,0.22179898618906585,0
3628,0.1061544867236133,0.1244721431576809,0
3630,0.0807481161699787,0.085082355742276,1
3631,0.0805690334392347,0.059293078445968074,0
3634,0.1301013319444142,0.12723573154830375,2
3635,0.0614300662887145,0.062008361547682606,0
3639,0.0976825716459253,0.07389216778690527,1
3642,0.089101899978363,0.09806284791482285,2
3644,0.0780843446616248,0.0795737327949599,0
3645,0.7074410191708945,0.6913090984710497,1
3646,0.0831139255650017,0.0814700540128482,1
3647,0.0366909535864128,0.0243088161910325,2
3648,0.1198995916890651,0.11557259882273675,1
3650,0.4129608898098131,0.3823013729074841,1
3653,0.1871845023657901,0.15879392845499707,1
3656,0.0964250122383749,0.0900933577559305,0
3657,0.7264518837218183,0.7594851238271907,1
3658,0.109625884212471,0.1160423745226613,1
3659,0.0963038117612155,0.11347542726895904,0
3661,0.0326137811996466,0.03155350502804018,0
3663,0.2290487693888467,0.17612544176729467,1
3667,0.0830496680788052,0.0835199809326646,0
3671,0.3604408846618145,0.3954919096465469,1
3672,0.1444982302013056,0.184905193720023,2
3673,0.223291918836385,0.2823323232226645,2
3675,0.0988296637802688,0.0905877805489324,1
3676,0.2156107329815913,0.33301881608657985,2
3679,0.0824446457773652,0.1307546154542065,0
3680,0.0870550036729528,0.09194257478206758,2
3682,0.5914378211472344,0.6641600925460875,1
3683,0.2484793663292467,0.2535459705554666,1
3684,0.0968286870134283,0.06117676836975922,0
3685,0.1031609739714823,0.09826812437306695,1
3686,0.0536661366435036,0.03239640170402872,0
3688,0.1279370009059811,0.08670034154736748,0
3692,0.0170043953031748,0.019999042584715222,0
3693,0.3582529209509751,0.39684984465709,1
3694,0.1700291390170069,0.22961633884752797,1
3697,0.1171747654159159,0.09300163273686733,1
3699,0.4166560703569604,0.43877795521237184,2
3702,0.0774935142204329,0.0995517400702999,2
3708,0.1688700836584439,0.14041783218742948,2
3711,0.0467945828154409,0.04359406400331325,2
3712,0.0877575958200667,0.0661239499788453,1
3715,0.2058442399678664,0.25000162780930696,0
3717,0.2715235312159407,0.31032067272098096,2
3718,0.3148958117273467,0.28141199068522127,1
3719,0.2130094602496774,0.18464424890790995,2
3720,0.3723509506797509,0.4093935971646785,2
3721,0.3689122475867687,0.2970795356811501,2
3722,0.155552121295417,0.17481554708916971,1
3725,0.2158193937452378,0.20469112380734164,2
3726,0.4206827762457285,0.4194514643680873,1
3728,0.1543031875198951,0.19405570151702387,1
3730,0.2749905471911384,0.2652812354148532,2
3731,0.6117620275086363,0.6672485940296888,1
3732,0.0673899083929015,0.047477046914064874,2
3733,0.1050912114428184,0.08845756340358649,2
3735,0.154389438791305,0.16230404880599103,1
3737,0.0286907082468158,0.03343947523698193,2
3738,0.0467376462835137,0.04538457322798385,0
3741,0.0819857234322357,0.062231364783476864,1
3743,0.110436184020227,0.08317509876007832,0
3744,0.8137244068787504,0.8189169036200965,2
3746,0.1051215476072691,0.10115971054169635,1
3747,0.1385098709931501,0.08656336030802747,1
3749,0.2140378439417959,0.19699623491599322,1
3750,0.0885053122937122,0.0506830228678444,2
3751,0.1337025704537507,0.11490266554809143,2
3754,0.2731935058731074,0.24336142383165899,1
3757,0.117614726006512,0.12747222367222746,2
3758,0.2529643228308724,0.2492979666181826,2
3759,0.093629433962338,0.09705455134358269,2
3761,0.0807594581951615,0.0667431963259304,2
3764,0.1583286551909236,0.14676183468038237,0
3767,0.8082054492888251,0.8217138719648134,2
3768,0.097748001173175,0.09970502221061175,2
3770,0.1151438307180545,0.11932224718885885,1
3773,0.1385139472603671,0.1261725878424849,2
3776,0.0744652533781881,0.0814256521390482,0
3777,0.5308917612371558,0.43218688749579115,0
3782,0.1593869712037876,0.15514678835741996,2
3785,0.2602007563499517,0.21413572437047845,1
3789,0.1232000306124631,0.10296790858181601,1
3791,0.1513500522565684,0.20536662413453693,0
3794,0.1070450285985893,0.14504532508198242,0
3795,0.0757342863591785,0.06464507230677143,0
3798,0.1813096411842046,0.15419630618387256,2
3800,0.2877321671777272,0.30894406857648543,2
3801,0.233163462299107,0.14112857146243413,1
3802,0.0962285048179353,0.09745977091980743,2
3806,0.3489495781326235,0.3983582591288257,0
3808,0.1141864647048407,0.08697903737916206,1
3809,0.1006540274350714,0.09552409986961272,2
3813,0.3529925151971079,0.3619730893985554,2
3815,0.1966612707028926,0.19621320946503681,0
3816,0.2094035190655591,0.2741264253280458,2
3817,0.139510850464977,0.17512254459928767,2
3819,0.3117397408339116,0.3440965491496531,1
3820,0.4926154029858433,0.5419077637834042,1
3821,0.3614095319829208,0.31687901238737093,1
3824,0.0565664104522952,0.05946120043193932,0
3826,0.062551349060464,0.08005237981406396,2
3831,0.319170754367297,0.3844168956403476,2
3832,0.1399071607274553,0.17725810874978537,2
3833,0.1979899049396303,0.24076961736668379,2
3834,0.083180503937014,0.07664728963979027,0
3837,0.158305458438579,0.18458772290307163,2
3839,0.18402779951799,0.125538899867981,2
3840,0.7173527185860694,0.7002357795124425,2
3841,0.1066104243223495,0.09563838727064797,1
3842,0.0932553173463752,0.09285191195904872,1
3844,0.1113302947793534,0.10836259565843516,0
3845,0.0556168141080834,0.07115260311717828,2
3846,0.2039502692510119,0.23266143175194937,0
3847,0.1965080947759659,0.16245818635121573,2
3849,0.3367294578528397,0.4806467996338186,2
3851,0.3859778153758137,0.3431174148637768,2
3852,0.2240258172573824,0.2345507883389289,1
3854,0.7053521987384871,0.7113498062795655,1
3857,0.0602529279298549,0.04354339738861408,0
3859,0.2559954989371077,0.16324076733448453,0
3862,0.1483457044598059,0.14187666082230174,1
3864,0.4395569595975915,0.4775581292083364,1
3866,0.1153322030684656,0.10799385737283608,1
3867,0.69786284844022,0.7536558235416521,2
3868,0.2757714761292938,0.3367754252864008,2
3869,0.3125995168131841,0.33227499703549845,0
3870,0.4565860241314901,0.409289447141373,1
3871,0.3104530750539265,0.343396963352412,0
3872,0.6097519523141712,0.6232227607242542,1
3873,0.8294568883062398,0.7614805314482751,2
3874,0.4518229758439835,0.3483354738317883,1
3877,0.0698829616097271,0.04190392280017763,2
3878,0.1877974527985247,0.2409129766653032,1
3882,0.0398024650638942,0.0457237333050075,1
3883,0.142189716485128,0.15572304053780833,0
3884,0.1005378688068944,0.08525467356218887,1
3887,0.1545974733176423,0.11352898984801035,0
3892,0.186991447573232,0.15717807912531434,1
3893,0.1242177553485012,0.11669965978623686,0
3897,0.1122747236123446,0.12568090436931234,1
3898,0.0737635436635245,0.08444567566863931,1
3901,0.0826107158380987,0.05679806383051672,0
3903,0.1845300765241972,0.15097601953275605,2
3904,0.2836788006280966,0.3056366066856289,1
3909,0.1622505717350136,0.159956921896078,0
3912,0.2588903007276084,0.30255920917291323,0
3914,0.0439897559876432,0.05471971038129685,0
3916,0.0328511147332668,0.04475429238427385,0
3917,0.6645095404063996,0.6367950250368116,2
3921,0.204060193144507,0.20063396290093785,0
3922,0.0806068182208324,0.06381805741087695,2
3923,0.1515608243861481,0.16223018302390288,1
3925,0.073696224970854,0.06044947912363337,1
3928,0.0759790352995875,0.06435216384278593,1
3931,0.2128095094547027,0.20915877475828007,2
3934,0.1660249589491823,0.18948844883241195,0
3936,0.8195043171755494,0.8383820737997191,1
3937,0.2216914233476487,0.2012277188296533,0
3938,0.5711650230503768,0.5687131418935943,2
3940,0.0893457449507151,0.05646524740702248,2
3943,0.6456031520506689,0.6321560821438907,1
3945,0.2659770080314303,0.1874989487998116,2
3946,0.2334963556214411,0.3180382795010608,1
3947,0.1950951549015889,0.16479668667027797,1
3948,0.3708337415482066,0.424952629180731,2
3950,0.2260585995659183,0.2168616186517839,2
3954,0.1064359412899725,0.16404622213530776,1
3955,0.0628327844178481,0.06054027812852805,1
3956,0.0270700371531779,0.023079258646317224,2
3959,0.3937297357616667,0.4362565520087662,0
3960,0.3899142315803967,0.37293906456040243,0
3962,0.1566637089936813,0.14573260139126196,2
3963,0.3080165904437004,0.27384101663927723,0
3964,0.8067804258829102,0.810503399232442,0
3965,0.1306536365104261,0.09096607113553315,0
3967,0.4363245042318941,0.4627035923778774,1
3969,0.129631847336316,0.14584085845040184,2
3975,0.0402780120757203,0.03814342401021983,0
3976,0.0618335406660175,0.054920952077729894,2
3977,0.628254374191032,0.6517136934326946,1
3979,0.2252254071866747,0.18308765613873892,2
3980,0.0709124848145665,0.05364231564083687,2
3981,0.0495976842569827,0.04339331869271638,2
3984,0.1922279288322004,0.18494583924535693,1
3987,0.1087478463418152,0.08177687293502527,2
3988,0.0819535827451583,0.07072065771540477,1
3989,0.1473792768166672,0.15890470029504683,0
3990,0.0647004555097149,0.06095827818029573,0
3991,0.5620231294805434,0.502829467308815,2
3992,0.0592875323556883,0.059921930930788556,0
3994,0.1679230000657598,0.12103662710018787,2
3996,0.1242067008011894,0.14011630438329473,1
3997,0.1560017251871938,0.11237518599227707,0
3998,0.1096783619724838,0.09849699932642617,0
3999,0.837926025757437,0.834520957686376,0
4000,0.1875194823946548,0.20530366162266592,1
4001,0.6484974023617616,0.6464642300381656,0
4003,0.1533269345419565,0.1905658479239962,0
4007,0.8761595599122086,0.8983087006172515,1
4008,0.2043353823586083,0.19991326590074598,2
4009,0.3180387347834715,0.35242431702097826,1
4011,0.06266266111918,0.07008963816071792,2
4013,0.0542540049846506,0.0668761926217287,2
4014,0.8404910826787743,0.7269277933876641,1
4017,0.1590722892033675,0.13848132848101363,0
4018,0.106498319200088,0.08974728379737136,2
4019,0.3885063830122212,0.41497502446326645,1
4020,0.7783545764064842,0.7021922768318511,2
4021,0.1845465830848661,0.19770877343120755,2
4024,0.1349120522055474,0.1025674799273841,0
4027,0.1333362653791615,0.1392746721674524,0
4029,0.1064325581562958,0.08402976993317345,2
4030,0.3416281063347348,0.3400406615120076,0
4031,0.1483099879814194,0.10369822752457859,0
4034,0.0497845995348722,0.03352717175812462,2
4035,0.3597546575112212,0.43181273830738887,0
4038,0.0933872750858713,0.07224281325150182,2
4039,0.1169038953586101,0.1037022299978953,1
4040,0.7896472561089086,0.7653174172773559,0
4042,0.506293330963085,0.7113564974810942,2
4043,0.1600929403804224,0.10695783964142583,0
4045,0.0782113871186811,0.06192136615161437,0
4046,0.0969013207886551,0.08746719382616083,2
4047,0.2119385244131536,0.24478595564131023,1
4048,0.8024284166445705,0.8031635424995006,0
4049,0.2891690224031241,0.3187746248469933,0
4050,0.2552968228927578,0.20627345999896907,0
4052,0.0618069531997593,0.03943423865971385,0
4054,0.1357859771657825,0.10616121024870734,2
4056,0.0869293222427794,0.08400927598057975,1
4057,0.2504247443486979,0.3691235890776095,1
4058,0.3140573127946888,0.31877864935865363,0
4059,0.0314519362570871,0.05474346766685735,2
4060,0.0673838500866349,0.06478794099649837,1
4063,0.1771553953143496,0.19310594259811498,1
4064,0.3625886786588886,0.39910475672878065,2
4065,0.7073084801046847,0.7127861250910271,1
4066,0.6963457442498968,0.6334737980583537,0
4068,0.1158296832666406,0.1226015835368859,0
4069,0.2550313192530535,0.2624520911734629,1
4071,0.1093224106276513,0.1037855696718924,0
4075,0.1156017818501334,0.12107623768511644,1
4076,0.1420269464194118,0.12867324102398572,2
4077,0.7099222601264197,0.7122093118652799,2
4080,0.1283739031648637,0.08220578670588168,0
4081,0.0864512671353249,0.0689654633552493,1
4085,0.4008860235070915,0.5029834111767306,1
4087,0.6007792682123527,0.7161510994867142,0
4088,0.1388884075248815,0.1745458196285055,0
4089,0.1112742501975673,0.09866047567385033,0
4092,0.228018805722394,0.1763321975233579,0
4093,0.6868850510575818,0.5890095843147882,1
4094,0.6826466147431034,0.6550598538623615,2
4095,0.1192143259556567,0.13342208626712027,0
4096,0.3041638228169026,0.29411555895783126,1
4097,0.1955298856590417,0.20078415970518487,1
4098,0.1524099391597985,0.146427353362471,0
4099,0.7711093464489637,0.7364805405214203,2
4101,0.2210129773933656,0.2145130480646201,1
4102,0.1470241415212645,0.13422401169501513,1
4103,0.2348971899210557,0.30472285564808066,2
4105,0.6291811646980058,0.6171590283587184,2
4106,0.1614697692456621,0.17414439483076127,1
4109,0.0851110190654707,0.09364466188906533,1
4110,0.1548148196222944,0.14355913766209233,1
4111,0.109212436386637,0.09989128442383036,0
4112,0.2809336405821609,0.21211460557661624,0
4114,0.2355668273109358,0.37248731135186225,0
4115,0.1929724971847437,0.2429315123495014,1
4117,0.1317673733942081,0.13397101747596782,1
4118,0.1029040665515422,0.11175907094738553,1
4121,0.0975411161289757,0.09059252144195383,1
4125,0.4774104002513337,0.5203692374008263,1
4126,0.1324550350624507,0.1473038988837656,2
4127,0.0765828837016667,0.058935398314705206,2
4128,0.1545067070755131,0.1973039389944252,2
4129,0.0990741316450233,0.08644908549825964,2
4130,0.1401306233550281,0.11798784764082668,2
4131,0.1866846577003842,0.23384813204935279,0
4132,0.0208739065037524,0.02742101706824815,2
4133,0.0535345220107497,0.035072244073716875,1
4135,0.0760894070704657,0.03895306134443398,1
4137,0.0474041649437639,0.08598528711240888,2
4139,0.11575320083399,0.08707466104109961,0
4140,0.0920043733729888,0.10441333466069569,1
4141,0.141782475443105,0.11860271301944184,0
4142,0.6558742423466578,0.6072720534670583,1
4144,0.5784902353736704,0.4900724658437258,0
4146,0.6690844387871986,0.6602454231131013,2
4148,0.8094654087669967,0.8409244510426028,1
4150,0.1900366310879018,0.20557983563925303,2
4151,0.0925188049347756,0.08089598991138608,1
4152,0.0488640933313387,0.05115612124367582,1
4153,0.0678707775274014,0.05737634281657685,0
4156,0.3442462176279937,0.36011781745366245,2
4157,0.0918615469902548,0.10245541557497488,2
4159,0.2120270600643549,0.1951176306801599,0
4160,0.0844774394364886,0.050413162458337754,2
4161,0.7288372433187668,0.771321019673674,1
4162,0.5302543795968311,0.5164294619043475,2
4166,0.6944526798185252,0.30958066377850046,2
4167,0.0423380363364457,0.049230325847174204,2
4168,0.1001989614581187,0.0692313616578043,0
4170,0.5256004094433074,0.4866988308564689,1
4171,0.0499249845811563,0.0428983928453505,0
4172,0.0358499459928423,0.03818575644826627,1
4173,0.0664719304426895,0.04463841876667238,1
4175,0.1122643336456118,0.11061677536307073,1
4176,0.0675941514974076,0.0509800739762403,2
4177,0.016350042163708,0.019795851743409597,0
4179,0.033028917081756,0.02219994411586665,1
4180,0.0437031732678776,0.035867967531071,1
4182,0.1426996775727106,0.14992021367926675,0
4183,0.0881899289485757,0.07304106263154153,2
4186,0.2760057213474006,0.23391202329780755,0
4187,0.0806193060412983,0.06529910212419537,0
4188,0.2200776800501311,0.2773604128065566,1
4189,0.5464768685765311,0.5675315639945842,2
4190,0.5166234133521488,0.53614484565029,2
4192,0.1650855815033455,0.150921783526686,1
4193,0.8806384186230626,0.8737363438855875,0
4195,0.1956518880517549,0.2377887451906054,2
4196,0.1453974608581627,0.1550158696800605,2
4197,0.2910479166783803,0.3004652209005164,0
4198,0.0452122981274717,0.03866703021920988,1
4200,0.276427664328668,0.3510232138579216,2
4203,0.2111313470892722,0.23702932440427482,1
4205,0.1932303581734047,0.20379146710483217,2
4207,0.165062428645823,0.16095259028905248,1
4208,0.148836019139425,0.08136101282246887,2
4209,0.8403102364212063,0.6265220334523931,1
4215,0.1095554750139513,0.09024172040989131,1
4217,0.172201809425904,0.16147894792659645,1
4221,0.1921847099911434,0.14695115614750187,0
4222,0.1568439757317228,0.1659577849292509,1
4223,0.6847695267203865,0.6948486804203537,2
4224,0.0695448916996861,0.04304122350240362,2
4225,0.3497302241250266,0.36602156825386045,2
4226,0.2281550300595436,0.18368475262747735,1
4227,0.0907223071752155,0.1342571037373828,2
4228,0.1413480050486444,0.1435882577244619,2
4229,0.046972910814256,0.04380438127254805,0
4231,0.1939434008805286,0.17592715695911612,1
4232,0.2553439588467185,0.19012198307397976,2
4234,0.1602835843431792,0.19670863470292577,1
4236,0.1587657503177555,0.1503870825143441,2
4238,0.2992963665463571,0.3436568015527493,1
4239,0.2241807512515038,0.19152612216134185,1
4241,0.1452255268377973,0.17914527831333693,0
4243,0.2374598632199758,0.20257060690743534,0
4244,0.0629190052876702,0.06085338469348722,2
4247,0.2254676232581239,0.18221699293500607,2
4251,0.2369958681872361,0.23247315244801198,1
4253,0.1630938463408351,0.13877200170165613,0
4255,0.0886414547132551,0.07638579281884537,0
4256,0.1579206550922029,0.15423617088953745,2
4257,0.1644878661179674,0.14800216467491595,1
4258,0.0742181411747268,0.0520534050191864,0
4259,0.0715891045204967,0.09717496579346452,0
4261,0.1567456029171458,0.21119096347856936,0
4263,0.4891743082529785,0.45157161159223996,2
4264,0.5305157475008805,0.47249819482695005,0
4265,0.1070424164591946,0.15645522411730076,2
4266,0.0409251021935018,0.040023538900564225,1
4268,0.1914503315165079,0.22881924921979752,0
4269,0.0553721225284236,0.049374736984877224,1
4270,0.1371244708184406,0.17191444251739818,2
4273,0.4458161251051911,0.46189502806579696,0
4274,0.2813132062324782,0.2463440244350827,2
4276,0.7545000734023972,0.7819183803617167,0
4277,0.1248590333540104,0.10329620509027282,1
4278,0.1889947913713639,0.1725660811169435,0
4279,0.0820840924971757,0.0750538971772083,1
4280,0.1417008584463685,0.1437216113201167,2
4281,0.1303365650384247,0.10983701774632013,2
4282,0.3033231070843971,0.3733616847410177,0
4284,0.1084943601667736,0.10259451762408961,1
4286,0.4039250267006446,0.43471764724534534,0
4287,0.0904696023972575,0.08546540057018556,2
4289,0.1087213936510448,0.1101812615087337,1
4290,0.1313286993863764,0.11097415331246638,1
4294,0.0452907693121032,0.03932875312853065,2
4295,0.2927222746919669,0.2806439437206264,0
4297,0.1024315190975994,0.12023727971453547,2
4299,0.184877472642155,0.18263124131791364,1
4302,0.3603722233605826,0.4309650549136268,1
4304,0.0684513683349564,0.07779504749268637,1
4308,0.0517625602096196,0.0552348129717045,0
4310,0.2273465929729503,0.2463274861894163,1
4311,0.2136298430925863,0.2196469361601737,2
4312,0.2563583136703225,0.2712782153283331,2
4316,0.1928078548900798,0.20715188501525025,0
4317,0.1489788990458084,0.1093619090969487,2
4319,0.0929055825623784,0.10516084679367282,1
4320,0.1780082421653454,0.11771283252537734,1
4321,0.0543739354719291,0.05831181330274787,1
4322,0.1611406672344317,0.15096378334779664,0
4327,0.2632068309292487,0.273586363956843,1
4332,0.1380676618646389,0.10123741543543172,0
4333,0.2423360110747274,0.2436203872632463,0
4334,0.3013021162439411,0.16729715833361236,0
4335,0.095018577204926,0.08641545042126535,2
4336,0.2761557392127742,0.22048793359722532,1
4337,0.922657540449124,0.7218361892501703,2
4338,0.1145510278516728,0.08258227212906896,1
4340,0.2580619283723179,0.2844300802997502,2
4341,0.715274137138203,0.559189144992709,2
4342,0.1970262127001951,0.21226807547260473,1
4344,0.0797593406053105,0.08373551661246614,0
4347,0.3794314645769104,0.5081183519202735,0
4348,0.533315499528897,0.3929239977562664,1
4349,0.2596025935605097,0.22186270871297642,0
4353,0.0941050690076834,0.09172285962357524,0
4355,0.1865204635923112,0.21967495319441666,0
4357,0.1497002464648363,0.10750467711639637,1
4358,0.3043999564890856,0.33717509136628404,2
4359,0.3060171048840776,0.2964953694171485,1
4362,0.2768913392391141,0.34924110203072156,0
4364,0.1811716359965493,0.18679814775026823,1
4365,0.1132615816677997,0.10243770636419941,1
4368,0.1677116580422847,0.17108074844287618,0
4370,0.0729714292403861,0.0532803371281106,0
4372,0.1004244193641469,0.09092478467077611,0
4373,0.055547841305772,0.04975245323537695,2
4374,0.159779377492468,0.12369571719745015,0
4375,0.5181998402132622,0.5037257869497898,1
4378,0.5683989190685321,0.5705955676711174,2
4380,0.2999053594723619,0.32736413650138474,1
4381,0.0919547000212487,0.14380666343747234,2
4382,0.2594220089155775,0.19911537051940992,1
4384,0.0375499549330585,0.046701750493475,0
4385,0.0967309736412384,0.12128765861158022,1
4386,0.1391990781292663,0.20718063301338735,1
4389,0.0554787653040228,0.05976148908263613,0
4390,0.0431700866864311,0.07882315084874353,2
4393,0.1679758111781245,0.16507578455577737,1
4398,0.1093324232208092,0.05749576715972356,0
4399,0.0319598212468758,0.026516014721576626,2
4400,0.0455073190662909,0.03216564214146863,2
4401,0.2736061511257429,0.3413878189378712,1
4402,0.1724469970552785,0.18726318078482268,1
4404,0.1774827769483382,0.16520142920168712,1
4405,0.3862149641822874,0.48738984824342013,0
4407,0.1526491215787544,0.1023844698238138,1
4414,0.0317946974560727,0.0281232216984945,0
4418,0.0669032264833067,0.0655906057472872,2
4422,0.0712564946254136,0.06904144955409718,1
4423,0.1058888637145814,0.09310831906338272,0
4424,0.1372390182346076,0.1544551254493962,2
4425,0.4389761770431362,0.43892867854753426,0
4430,0.1229286148648914,0.1150709970640169,0
4433,0.7563624434222924,0.7444160355156649,2
4434,0.1243023672363555,0.0949035891546334,2
4437,0.3807574220421133,0.3923512284186632,1
4440,0.0512180146850051,0.05686472560693333,2
4441,0.1210165963918733,0.10172574456340407,1
4442,0.146303243689624,0.12284713853514456,1
4444,0.0979604902453078,0.08705617732773792,1
4446,0.2284063334004251,0.15168859991854702,0
4448,0.8410450013767707,0.7904582136778511,0
4449,0.1480568785132726,0.15222401146178086,2
4451,0.1390028266435632,0.1583032292481881,0
4455,0.3124889329654443,0.3495667648004941,1
4457,0.2755572337359302,0.2710695802107829,2
4459,0.0852578542329182,0.08319708033517645,2
4464,0.0968310571604248,0.10466455213550208,2
4465,0.1260057317624379,0.11570006287010882,0
4466,0.5622234831523568,0.49359739028725075,0
4467,0.1354119791704531,0.1328813958905326,2
4470,0.0425403620523859,0.05601101901266558,0
4471,0.8300148308367488,0.8278861851237506,1
4472,0.0749827805028202,0.0688668321821093,1
4478,0.0944638454676609,0.07200776944764017,0
4479,0.0728056822781015,0.07718268741529388,1
4480,0.1276341769401757,0.12500439924189344,1
4481,0.6146488606880213,0.5110147152084266,0
4482,0.0706584968460537,0.10433797272124073,0
4485,0.0544628530094062,0.04021063963008752,0
4486,0.1380245719358691,0.09407782489697437,0
4487,0.1238606402391225,0.059729317537127895,1
4491,0.1170014617068066,0.11581464897707645,1
4492,0.0990513342356238,0.09208813621125922,1
4493,0.8302295652947784,0.8562341624234884,0
4494,0.3123889083099312,0.25296954462593946,2
4496,0.2006917746111967,0.1562163636185921,0
4497,0.3090295653075,0.3339227735371764,1
4501,0.0561008509043835,0.04191012673955985,2
4507,0.0285121686049372,0.03981751026838647,0
4513,0.0248815028002054,0.025797220293290027,2
4516,0.0999007566061198,0.08127886214284942,1
4518,0.2951230482987061,0.3263970487273018,0
4519,0.0659651539013364,0.11756289872926348,1
4521,0.2413726285011337,0.22292498415877024,1
4523,0.6855203982926146,0.6829824388464101,0
4528,0.4676725096423229,0.5079088607376675,2
4530,0.1434898309337268,0.09670383370946903,0
4531,0.0491120309269281,0.053526733185507755,0
4532,0.1775095028051048,0.18940627644938196,0
4533,0.1709204019375468,0.1641922549644207,2
4535,0.1441734381994277,0.19446131169600173,0
4538,0.3496629485972722,0.43813410765851935,0
4540,0.1178988607493811,0.1385051806232394,2
4544,0.3127288238250508,0.2429178976332016,2
4545,0.1557373206386446,0.18585562587409477,1
4547,0.7006258118792602,0.5522372804198823,0
4548,0.0510708418291406,0.03959670748732035,1
4549,0.0581965050178075,0.04889416545033145,1
4551,0.6497323481349548,0.7254032642667518,2
4554,0.0461962590221557,0.0463277686099772,0
4556,0.6659958382015609,0.6820670932416606,2
4557,0.30173084392613,0.3377924575330268,0
4558,0.1293862636223404,0.11470510095688577,0
4559,0.2343554203934737,0.30991150805246825,0
4560,0.0620601259701129,0.08204974307968654,0
4563,0.0918825551456376,0.06668357839822774,2
4564,0.0860162883596456,0.07340722587162554,1
4567,0.0925777313111266,0.14424467316629172,2
4569,0.131446897695099,0.0718093070295922,2
4571,0.130061084745624,0.15620333202904527,1
4572,0.0639499573251964,0.026322660889712,2
4573,0.7842499758211957,0.6726319510364624,1
4574,0.0298991734537147,0.02228980078934135,0
4576,0.1098767813790757,0.1006687291574227,2
4579,0.0755993527781401,0.17986756477085641,2
4580,0.5038474985218285,0.5221647906222369,0
4581,0.1108864977674765,0.08369389886611603,1
4582,0.283394991592143,0.39071548154959956,2
4583,0.5060700214859848,0.5099335603444304,1
4584,0.838263013386966,0.8367260762731007,2
4587,0.1943685610822698,0.20220030590562357,0
4588,0.0797237905453603,0.10312479856118226,0
4590,0.0737241442962948,0.08306276312562855,0
4591,0.3874222268183711,0.33650050386046987,2
4592,0.1953221752107451,0.21846846751577592,2
4593,0.7742608642985993,0.7848463934759773,2
4594,0.3164314106823117,0.3260527556050758,0
4596,0.1024903407939517,0.09381005231275033,1
4598,0.1038115594005424,0.09792506306813925,0
4603,0.1040987423911921,0.11442578916251765,2
4604,0.0375028847183745,0.029734308810106497,2
4606,0.0776105019205768,0.07770773507826179,1
4607,0.1835221809269467,0.2317759609078472,1
4608,0.2343077290752748,0.1804813872353553,2
4609,0.7792611239353026,0.7891374414666179,2
4610,0.1595800110475854,0.1310492588034728,0
4612,0.2153575663187159,0.2432528046431222,0
4618,0.6561718691792757,0.6973163117908511,1
4619,0.1138418980476912,0.11556659947054645,2
4621,0.1803301782499129,0.21524295128183135,2
4622,0.236534546226092,0.2514252774352582,1
4624,0.1993027549409239,0.3696848161173212,0
4628,0.2234925656249167,0.2914624935163278,2
4630,0.0366717686512972,0.03664349901663915,2
4634,0.0720415416164083,0.07013516733600268,0
4637,0.1776216133019565,0.17543027160907668,2
4641,0.7917029335488038,0.7342176509468377,0
4642,0.1355528764173305,0.11732774107035883,1
4643,0.1497246086340223,0.15674550871743703,1
4645,0.0938494000858511,0.10919388998145074,1
4646,0.0268225505132679,0.04128255299109645,0
4647,0.0807100699695296,0.09264548273071345,1
4648,0.0785410357162861,0.07349993053638004,1
4651,0.1949563981244828,0.2333954091406321,0
4653,0.104730304186093,0.12357780113080957,0
4654,0.7416266914482579,0.6935506236972697,0
4657,0.1190425710100152,0.10307437155769206,1
4658,0.1537387112640784,0.16510667150142955,2
4659,0.0767877729913053,0.059405103602774026,2
4661,0.1126774274358634,0.08688989134980869,2
4663,0.1228500195429308,0.09546274319018327,2
4664,0.1641930004693671,0.15471924320005664,2
4665,0.0913032029822032,0.10387392549050745,0
4667,0.1353880408018327,0.09806105626549727,2
4668,0.2156958034652543,0.25485672060537423,1
4671,0.0463761591050492,0.0894424486564475,2
4672,0.0782430144466772,0.08218188240067478,0
4674,0.7111822437936486,0.726947718261952,2
4676,0.1351385952277861,0.10226686298988218,1
4677,0.0576815710395972,0.060235530846524374,2
4683,0.2009906357824618,0.13746581422957038,2
4685,0.2902396918353065,0.3354416558270231,0
4687,0.1606068092408668,0.14838010595360712,1
4688,0.0834564988884591,0.0991008351958953,2
4689,0.6471904033832735,0.7102101090535772,1
4698,0.7270071821277465,0.7548895732172436,0
4699,0.2408008782780486,0.22633498196410454,2
4700,0.103501594081984,0.06247403538927105,0
4702,0.0660738464961668,0.0499014882141573,2
4703,0.1874448964722565,0.21232472654481285,2
4704,0.6823324759911104,0.6521150928893057,0
4705,0.2982793557876268,0.3467196627566972,1
4706,0.1673511123488422,0.1552964381402714,1
4707,0.2291272397669747,0.26006066120193727,0
4708,0.5868250485122226,0.5900679555326455,1
4710,0.0497995841663656,0.0643754531474698,1
4711,0.1845029745650672,0.13219681499307998,2
4713,0.1519853936427472,0.14319601405927568,2
4718,0.1004465687671813,0.12378429087280522,2
4719,0.0807855364263872,0.06240990051365468,1
4720,0.738939460372968,0.6783033569941546,0
4723,0.7037758906459982,0.7391364554381737,0
4724,0.126700875430008,0.09647484152606235,1
4726,0.0893817902257361,0.09067323471129447,0
4727,0.055526763589213,0.04473899456690393,0
4728,0.1658245067951426,0.13594584502030127,2
4729,0.4386681437896529,0.43217515186606825,1
4730,0.1297451172455869,0.14710998052485558,0
4731,0.0421895630831726,0.035607633590370925,2
4734,0.0688788016879151,0.10678718257692503,1
4736,0.0189875130273376,0.015673119029378475,0
4738,0.1320106599408501,0.15492985325116326,0
4741,0.5006836459385531,0.5180179191289841,2
4742,0.0714620863759535,0.05885125659375902,0
4743,0.3149163572188341,0.29149535496357093,2
4744,0.052645718542257,0.0403263779639814,2
4745,0.1695901182582823,0.19622069000748646,0
4747,0.6044846738114077,0.6406976819671688,2
4750,0.1633047791763799,0.13240744334947643,0
4752,0.0940120905831538,0.08902654810069584,1
4753,0.6129388065756873,0.5666709700195007,2
4754,0.2687178770926145,0.25281209720478115,1
4755,0.0364270184707696,0.028184916914009622,1
4758,0.3144441898762369,0.26515526694633185,0
4759,0.0319155983233629,0.0307427813048496,2
4760,0.2092195505101538,0.20857085179407678,2
4762,0.1536400333885327,0.1616878555566626,1
4764,0.1003329274596726,0.11471484919841872,2
4765,0.6184692432768859,0.6682220725976649,1
4766,0.014202559619227,0.0096474771398848,0
4767,0.1153298309273812,0.0941405786452931,2
4768,0.4509592801466845,0.4546611232212904,1
4769,0.1005427381086881,0.14119569919481625,0
4771,0.2285330184082607,0.216707878114961,1
4772,0.1314567943290538,0.1732132000955423,2
4774,0.093042238907824,0.1238491949467552,1
4776,0.1638870607612723,0.12138887855871162,1
4777,0.0757381250084087,0.08204149356447175,2
4778,0.3539538180595666,0.35343114538205744,1
4785,0.1470139199315384,0.12031721001524927,2
4787,0.228136967768543,0.22851638916345646,0
4794,0.0586828129667407,0.04363394991800775,1
4795,0.0782149828542643,0.05745723557721845,2
4796,0.1606182766141141,0.1740811559927446,0
4797,0.1285538700573706,0.08678422722271452,2
4801,0.1280421491018297,0.14821851069014197,1
4802,0.5603387713421959,0.5828041739052805,2
4803,0.1487639061789726,0.17959760616506124,1
4805,0.1142172022381157,0.08182312467855608,2
4806,0.0278044637792174,0.022252529366548278,0
4807,0.1547503942248143,0.17976195037678872,1
4809,0.1085331665083959,0.09038350807391353,1
4810,0.0681828372035722,0.07068509375558871,2
4812,0.1494779299455841,0.14553064875698188,2
4814,0.0672386888661264,0.049515353561496424,0
4815,0.284204687118217,0.28005094289289756,0
4816,0.1192992702835433,0.09231563284849634,2
4817,0.1191847675229599,0.10354266794958317,1
4820,0.1479213723786652,0.1361997970469824,1
4823,0.0745432219682685,0.14292215179647202,0
4824,0.0541102863102838,0.05200255622787477,2
4825,0.1267365522683786,0.13017926586261358,1
4826,0.1252126572889474,0.1149897825792735,2
4828,0.120280621043925,0.11077361201381716,2
4829,0.0565205310527126,0.057275681083734445,1
4830,0.3263610635884527,0.35193969814373777,0
4832,0.1130136033702167,0.0894496468597906,1
4833,0.1183308204149144,0.0908779184280296,2
4834,0.1282488567179127,0.10137612380069333,0
4835,0.0527605933989339,0.07263077832514027,0
4836,0.1383826272610623,0.10312495154967008,1
4837,0.0973157413214094,0.07305651089794947,0
4839,0.805204640116986,0.8024230488902584,0
4840,0.1264302590974503,0.09964220173041692,2
4843,0.0531588272273468,0.0491510165579667,2
4845,0.061214647930347,0.0540296882243858,1
4846,0.2239754843527303,0.20400377800186886,2
4847,0.1170849556041747,0.10555664325445917,0
4849,0.1191748345862102,0.1091298185939828,2
4852,0.4331742407365908,0.42188715135698573,2
4854,0.1228123979880036,0.08245612604231023,0
4858,0.4873315857244019,0.5452199983294015,1
4859,0.111530792682219,0.13682826942318083,0
4860,0.0352574714676533,0.028754946991495722,1
4863,0.7576135237081477,0.7765570432601621,1
4865,0.2964217928759419,0.3306926179837198,1
4866,0.0620298103223897,0.0581341970458484,2
4867,0.7409053567145194,0.7171550759198508,1
4870,0.0732714712912095,0.06211596517375392,1
4872,0.1325817222712283,0.12352770712644044,1
4873,0.1177255162427002,0.11330290802159981,2
4875,0.1430242496367225,0.22117739145686532,1
4876,0.5484759087988391,0.5908024414681238,1
4877,0.3057782801528229,0.327503879160546,0
4880,0.1027367603833875,0.08325430826859574,1
4881,0.0649514540377459,0.05006074464468605,1
4883,0.816354670025359,0.7679799110346519,1
4884,0.6772040911223705,0.6190395633570589,1
4887,0.0408688969447359,0.09119241278202952,0
4888,0.1155732411565005,0.09054294762894129,1
4889,0.1756822391067762,0.13222509437145966,2
4890,0.1653514535938772,0.11654990775158922,1
4891,0.1620045437466126,0.1802514557412513,1
4894,0.7393533013048511,0.7637969483954514,1
4896,0.1480223762403913,0.1407981352430479,1
4897,0.0677217782381902,0.0826207734377686,2
4899,0.0552219082502213,0.05001289005674608,1
4900,0.0976960804788935,0.12281259751853776,1
4902,0.2566173870732639,0.2776821902325612,1
4904,0.0600970607011551,0.0644465940724659,0
4906,0.2318361187288004,0.17438301448479018,0
4907,0.3494739827503972,0.4368498851714394,0
4908,0.1942087511741631,0.20846201607339343,1
4909,0.0308393861914631,0.031238765475979275,0
4910,0.7979244394534227,0.7402567160948479,1
4911,0.528632207884099,0.5408951987133455,2
4912,0.0400203169101078,0.04202272879566735,0
4913,0.2602715286663152,0.23627450931897445,1
4914,0.2569964881751169,0.3239109519102181,1
4917,0.2973764947493439,0.33942783712282004,0
4920,0.753867592065954,0.6154484748038136,1
4922,0.3199407636085954,0.3846161756118065,0
4923,0.143475445848254,0.15681930219722895,1
4927,0.3953681558101475,0.39705691280761346,0
4928,0.2109917285320634,0.22888989210910549,1
4930,0.0744274972423198,0.08917537591518107,2
4932,0.6342173577984586,0.6271046867539107,1
4934,0.0429327168701593,0.0363978060987468,1
4935,0.5262177952724216,0.5631599776750772,0
4937,0.3553697807614143,0.25168190458696116,2
4939,0.1968907388765147,0.2136974726550313,1
4942,0.1076982849282071,0.07728954957634868,0
4943,0.0993927153055109,0.10065150037465907,0
4945,0.09453022458504,0.07281171102331402,2
4946,0.0954510356141629,0.08718706855213484,1
4947,0.1529448077061398,0.19319985826819314,1
4949,0.1631276577704633,0.1378008410106488,2
4950,0.1376619121872726,0.13563440595562726,1
4952,0.3898502064752324,0.3131428968641877,2
4955,0.127116656557099,0.1064500798855969,0
4959,0.5165876766011778,0.6051020629109249,2
4962,0.118553363171628,0.12847298346721356,2
4963,0.2651227531360926,0.24656736258298234,0
4965,0.0982609284002604,0.07311360914371268,2
4967,0.1917717350964287,0.17429547794915307,1
4969,0.1361596414063807,0.15383960513453476,1
4970,0.0948194149236398,0.07167008252426192,2
4972,0.2014185598943612,0.16906818909006052,1
4973,0.1726064620439588,0.16604193437556192,0
4974,0.4542186200934987,0.5296943917091446,0
4976,0.0729484476137695,0.07465742419551791,0
4977,0.2354593661609647,0.2770859939109475,2
4979,0.1322493128135663,0.1470319558475429,0
4980,0.0389113461176008,0.03597353733859687,0
4983,0.1881833001163928,0.1930064893747633,2
4984,0.1058613034328102,0.10057274444436169,2
4986,0.6320371612511253,0.7016818750337639,0
4987,0.2092644716506318,0.15601266422970547,2
4988,0.0836400003868798,0.09676017955271347,2
4989,0.4081748261193792,0.48629831719033834,0
4990,0.1374795909742404,0.12764132172756665,0
4991,0.3396278974409996,0.2993018413813543,0
4994,0.068870741535969,0.07049932309191331,1
4998,0.1213288008946923,0.09853048373279863,2
4999,0.1024475546125626,0.09705819742287394,1
5000,0.1836654759001686,0.19522145083498182,2
5002,0.0447718507038075,0.0508949064360433,2
5003,0.3647351151738522,0.22482023134825324,2
5009,0.1221246329703399,0.10879701787220303,1
5011,0.2336927950624466,0.2243627495957134,0
5014,0.1915184782308566,0.1734960046802388,0
5015,0.152668173459994,0.1373766142383083,1
5017,0.0722849875951423,0.0551495438135998,1
5020,0.4515822540936102,0.42512601906119996,0
5021,0.0593089131110334,0.04687102356901063,1
5023,0.1779928921709363,0.16867322039572766,1
5025,0.0958449466802326,0.09352107330242748,0
5026,0.0949331144328605,0.09101838981281543,2
5030,0.0500783901676964,0.02496745458912905,0
5032,0.7693203812666276,0.7430989368577183,0
5034,0.0611048389542757,0.05847767599549592,2
5039,0.138600440873222,0.10809901932583615,1
5043,0.080084283294339,0.06609460305371873,2
5044,0.0924932544304435,0.12329433119505333,2
5045,0.0730540447914723,0.05473900375822657,0
5047,0.0348723049915609,0.031329425877210645,0
5049,0.7443412694479136,0.7603719199504041,0
5050,0.1501328012618837,0.25459419805657535,1
5051,0.1766348372104942,0.13743473297695163,0
5052,0.2486662238904139,0.2483425180937449,2
5055,0.166787830920947,0.15318004192464854,1
5057,0.8176746496702018,0.8220300119178537,2
5060,0.1704493532856062,0.18475119633324363,2
5061,0.5465007168840692,0.5933451341081992,0
5062,0.3329776532590208,0.34740024462019703,0
5063,0.1419412574055204,0.12790285411471147,2
5064,0.1058272416769724,0.14839785885164786,1
5065,0.5962654830721977,0.4347512481332169,1
5066,0.2381252483238567,0.2239899637374811,2
5067,0.0961213646133194,0.1637745416875103,2
5071,0.0530774758441385,0.051929863042827,1
5072,0.2450478219065774,0.1966508883983615,1
5076,0.4669960014405427,0.5403584900044206,2
5077,0.5183584216257809,0.5717403200269572,1
5078,0.0344019056036707,0.02376471625563365,0
5080,0.7982212260484352,0.735841247749287,2
5081,0.2645071331810759,0.31232567148377394,2
5082,0.1945582089496752,0.1294184791943685,0
5086,0.1494642236694707,0.08315433873044224,0
5087,0.0898398169011224,0.06292557327496533,1
5092,0.2136418610870515,0.16834948196640984,1
5093,0.0590982075653734,0.07538466206463815,0
5097,0.6927868449222152,0.6117479454350706,0
5098,0.1653993697159899,0.15943909074045642,2
5099,0.0717780500057735,0.06703052848001292,0
5103,0.2952881233932828,0.32319419208065936,1
5105,0.0674125185206734,0.037504035944074726,2
5113,0.258654596371724,0.35058745995362295,2
5114,0.8249642600356067,0.7920938901966398,2
5116,0.6461122525000823,0.6804080699931948,2
5118,0.2113473657123103,0.12882274489619497,0
5120,0.0405584221219617,0.04147140167430695,0
5122,0.4239905746332395,0.42748216942395795,1
5124,0.3167189115095155,0.24697088098862044,0
5125,0.1876664448031819,0.2608930844774014,1
5126,0.2077053685869104,0.17051508090188847,2
5127,0.1706505070066643,0.24067761322612402,0
5129,0.5977668196351978,0.5438190484382983,2
5132,0.0863373979407733,0.08258812671849255,2
5134,0.1885751895493903,0.24644471363951412,0
5135,0.5915952539035316,0.609880882326396,2
5137,0.6301322354916079,0.639181624637633,2
5139,0.0580493480493312,0.03949203574161786,2
5142,0.0953511374590667,0.07368629789701255,2
5143,0.1442914889059562,0.1441465674458545,2
5144,0.2748574196468606,0.2935636302534385,1
5146,0.186665267528402,0.18432765346770671,1
5149,0.4051984064826503,0.35101082934263705,1
5150,0.2809981870353223,0.2656256218575137,0
5151,0.5309591998328282,0.4781635709146911,1
5152,0.2145605819409379,0.13234677028636627,0
5153,0.0615985819359626,0.066993881596181,2
5154,0.124443288510356,0.14817416206188833,2
5155,0.0518687572560667,0.028996568086315476,0
5156,0.367932255709144,0.3963237224573195,0
5159,0.110713961087592,0.08090819342145562,1
5160,0.094480900736751,0.10854663203988155,0
5164,0.7857661783604873,0.7365702713460653,1
5165,0.1050285797968579,0.07901259840911266,2
5166,0.0487050583866009,0.038945122067468224,2
5167,0.1817543449745899,0.18368649879605128,0
5168,0.151594694774442,0.16233262134354332,0
5169,0.107954105238386,0.07967799091517125,2
5172,0.8385140063936362,0.8374431474528592,2
5175,0.0975992338150262,0.11178892193326109,1
5177,0.0413303408067851,0.03928609338413393,2
5180,0.2128439609772299,0.217794291909308,1
5182,0.1839560413385452,0.1977938595548359,0
5183,0.0310237783149632,0.0270482898669421,0
5184,0.1702136705801631,0.18147516910110664,0
5185,0.1601587384822416,0.2537111350235869,0
5186,0.0165476876090741,0.0199325716337703,0
5187,0.0663988885155423,0.06218638125941582,0
5188,0.0794053169763342,0.09650411493506225,1
5189,0.7568216616866256,0.7075401314300933,2
5192,0.4014860865536055,0.3831886730197329,1
5193,0.2470367646817659,0.24362098310398475,1
5194,0.611443737827392,0.727615361358932,2
5195,0.0446772870290703,0.05424687976233521,0
5197,0.1054420638787551,0.08487338381946487,1
5198,0.1636963854821481,0.1342535794884148,1
5199,0.3306938235977304,0.25831224549033527,1
5200,0.3883985767425874,0.3979654205485234,1
5202,0.1055756858190015,0.08845100601563613,1
5205,0.0651193386445274,0.06487732108357003,0
5206,0.1493615707618292,0.16603685603060553,1
5209,0.1900936302273027,0.22433994746511113,1
5212,0.5555891300110128,0.48015880489760043,2
5214,0.0764034529335013,0.076236227446118,1
5217,0.1129669593418598,0.10857561957655178,2
5219,0.6535361004379664,0.6980624531996623,2
5220,0.2053007618201467,0.2307483332534313,2
5222,0.1196164284508638,0.08767553226833621,2
5224,0.6758163221524438,0.6110061606764867,0
5225,0.7231455934576133,0.7116105724325008,1
5226,0.1995138412699424,0.11852178796542212,0
5228,0.0793901480273525,0.0647253056539758,0
5229,0.0519944783001549,0.05863093723136982,0
5232,0.1077517909286492,0.08084487628609383,0
5234,0.5827143058971261,0.6159869462166159,0
5238,0.2302895745632667,0.31260720098255945,2
5242,0.2193363446846821,0.20292696201819166,2
5244,0.0853358414140182,0.0690746076972243,0
5245,0.1032226251621947,0.08680487195553549,1
5250,0.0519378680693667,0.05119897589403963,1
5252,0.0749659568638021,0.06631560038091877,1
5253,0.0439638754693543,0.04350550766712223,1
5254,0.3022084418367116,0.2974915668701406,0
5255,0.1469133082272324,0.15101078309595062,2
5258,0.1779139880037314,0.15771816811613104,0
5260,0.1691969962496637,0.1753926161878258,2
5264,0.0424716792657548,0.042020550075952706,2
5265,0.1279399628707908,0.13714048522534122,2
5269,0.1152827304491444,0.11558059434572507,2
5270,0.0665232965078058,0.0462652740814984,0
5273,0.138101213756465,0.15867559213472449,1
5275,0.2306979626141243,0.19185792956167783,2
5280,0.1382361255344284,0.11927948350216641,1
5283,0.1283854868368865,0.1030285733317982,1
5284,0.2639031840665917,0.27319688455421165,0
5285,0.7253452072462204,0.6690656755955284,0
5287,0.0309268535863349,0.03218026775997035,2
5288,0.0505062712730625,0.03207326283561442,2
5291,0.1271375371946434,0.18078255955338324,0
5295,0.1671314180062024,0.16956761224672334,2
5298,0.1536624222451243,0.11611810189898579,1
5300,0.14867735713489,0.1801649918084068,1
5302,0.2878831782711381,0.2939132982021264,1
5303,0.2860183736678289,0.2800223872777482,2
5305,0.1065084272221069,0.08882165355389902,1
5306,0.1973269994948521,0.2666492254975105,1
5310,0.1520060824926313,0.13601032853206813,1
5312,0.1657022876066986,0.12471784873157821,0
5313,0.164925039159783,0.14624608300069858,0
5317,0.6535746352619687,0.7126564742450843,2
5320,0.2057008838026686,0.2648078401920705,1
5321,0.0875784269838932,0.11151009043260954,1
5326,0.2228143926932,0.22531097137864642,1
5328,0.0698255876858128,0.0534933216425853,0
5329,0.1450120807638399,0.16277152465552763,0
5330,0.0588537164981613,0.05402179469950042,1
5331,0.1728298245236041,0.211673978844619,2
5332,0.3422474426706453,0.44134453064457485,0
5334,0.1111254887491658,0.15870421489656322,1
5335,0.1227099235014538,0.11593938629417991,1
5336,0.1205699270539649,0.12341442299251307,1
5337,0.1573044182987084,0.46352436203853936,2
5338,0.1295307046319668,0.14212497334642052,0
5339,0.8226164009161634,0.8403195632546454,0
5340,0.6118059258903066,0.7208146768799252,2
5341,0.1543030847569455,0.14323245647297295,2
5343,0.3967911717657587,0.4246665950946586,0
5345,0.057709421180035,0.05068687553967295,1
5346,0.4545731344579507,0.3825759168475539,0
5347,0.0762801446907081,0.08439885032286061,2
5349,0.546591673347324,0.5123824595051398,1
5353,0.4424759907683476,0.43848897671487774,2
5356,0.136940179829719,0.13148618207145157,0
5361,0.1550462076692999,0.18244710891166627,0
5362,0.0733223090776586,0.09056262720524826,2
5366,0.1165347204390263,0.10001477365773981,2
5369,0.2322774955613295,0.21454008252730683,1
5371,0.0723503748492996,0.08767556449774994,1
5375,0.1129155995410927,0.11906362614284248,0
5376,0.0332234566311386,0.02788656962122435,0
5377,0.0625901680422125,0.0589320692553263,0
5378,0.1368460693800675,0.12325459557165883,1
5379,0.1329524957049635,0.14735901203477067,2
5380,0.1421862756038363,0.10613981097139474,1
5381,0.3020432435999867,0.30213660652483115,1
5382,0.2149498456859799,0.18445815045771852,2
5383,0.1520698242430175,0.12591132320974918,1
5384,0.5431520530070821,0.5196771542213959,2
5385,0.2949217387550202,0.33044273763212073,1
5387,0.0993113619774277,0.05076240786860015,0
5391,0.7802145688744325,0.8216909946167188,1
5392,0.1528186953353031,0.11995551758286971,2
5395,0.1692305217552043,0.17919981686195474,1
5397,0.1357964770131278,0.10404830730539244,0
5398,0.1036820431481295,0.061596499046764425,1
5400,0.1970849197862902,0.19172360678505554,2
5401,0.1014146046943798,0.04658072714643328,1
5403,0.1638332319066622,0.15285815680266318,0
5412,0.2612992471570988,0.2979040348148138,1
5415,0.1135247813813681,0.12894108160277562,1
5417,0.1759563680411068,0.14235050582968006,1
5418,0.0899441270489843,0.09857197054654124,1
5420,0.6175046885608672,0.5782518156575934,2
5421,0.039024492681419,0.03869308308767588,0
5422,0.094121490656831,0.09181063423709974,1
5423,0.1253060723435458,0.1464072911706365,1
5424,0.1134599212970108,0.11530901151407202,1
5425,0.3765463907756523,0.4724473959942019,0
5429,0.3593260356715221,0.3973282800925077,1
5430,0.0932915866253745,0.08548948343936164,1
5431,0.0762330041457953,0.047591464614002224,0
5434,0.0697739984575443,0.05173181799783753,0
5437,0.1878098338059624,0.18530029400106546,0
5440,0.7911507305176331,0.8165186601425525,2
5441,0.183614746852862,0.17262607628900734,1
5442,0.0387295613190475,0.04181531916867798,2
5444,0.2728190163649211,0.21220276375640573,2
5446,0.191277549638179,0.15331990517036534,2
5447,0.3851466720805435,0.5405877008679915,0
5448,0.0222426402787704,0.02028546881496895,0
5449,0.1870118950100681,0.1873440264487785,1
5450,0.0483184006183171,0.05041375767428177,1
5451,0.2103023216280293,0.1484170705027354,1
5452,0.4679430225652977,0.4507111817637117,0
5453,0.1260439464503522,0.13468582134668083,1
5455,0.282656264757205,0.3056618307937974,0
5456,0.4801309242362284,0.44011061563281545,1
5457,0.0986561005191355,0.12548456146873482,0
5458,0.6585741687788336,0.5751150777651189,2
5460,0.0495841680690967,0.031200432002782778,1
5461,0.2234769335453983,0.2144517998956191,1
5467,0.730870729097459,0.6355192284562072,0
5468,0.2227181173337066,0.20834911299915196,1
5470,0.2308951102556337,0.2688709137137234,1
5473,0.4956039605392529,0.4317652624161398,2
5474,0.0819563101600584,0.06926724736731818,0
5475,0.4049544765946846,0.5193695281528466,1
5477,0.8207039650731164,0.8672898645989973,0
5482,0.0237277175714193,0.013856592178245902,0
5485,0.0803910127885944,0.06160851811927495,1
5486,0.6819728692809837,0.6375684823240773,0
5489,0.1953832032131516,0.15922787186738208,0
5491,0.1012735351831847,0.12372473360901887,1
5492,0.231796292940505,0.25576800847704495,0
5493,0.1624619696615603,0.13649677792560796,1
5495,0.0605415076166386,0.07572907430524807,2
5496,0.2592218402200237,0.23056449840455578,1
5497,0.0912778649959683,0.12463465718054414,0
5498,0.3165390828203194,0.4605236095802155,2
5499,0.1384889387098608,0.18554853525352466,1
5506,0.1388683382307186,0.25925416324029305,2
5507,0.1320309511665793,0.09058101829247857,2
5512,0.2878837888204201,0.4694052941468365,2
5513,0.9016521833094768,0.8300528533674246,2
5516,0.087134852398992,0.08445804565884676,2
5521,0.1571188869967409,0.12725870746267232,1
5523,0.173220989283412,0.14543671059500995,1
5524,0.0333378281285227,0.04423177529080155,0
5525,0.2367879413133573,0.19222082295465015,2
5526,0.0907747011693574,0.07714066084921246,2
5528,0.1931712327711513,0.24169760304073337,0
5529,0.175730533421023,0.17692957172177085,1
5530,0.1091886115881861,0.09617028397085906,0
5534,0.0842754027394186,0.06166467260317958,2
5535,0.2520872353589486,0.1999883739950117,2
5536,0.0482749661521215,0.0429527975590255,1
5537,0.3463094263969163,0.3980679836164248,0
5538,0.0393841351615191,0.026275472115585626,0
5539,0.1864405009396414,0.16379640271158627,1
5541,0.2158028408673173,0.21113405566224416,2
5544,0.223646675227595,0.22300030117564235,1
5545,0.2065826691931311,0.1622791258812856,1
5547,0.1633644076245275,0.19917851012294274,1
5548,0.1103050481524992,0.11283893250644893,2
5549,0.0806859154395724,0.06992003615940945,1
5550,0.3286101809830801,0.22655711474959558,2
5551,0.1823244936182762,0.13361370201496206,1
5553,0.0714762857250827,0.10093368725399553,2
5554,0.2378960825819462,0.18263439703203121,0
5556,0.1125246203319878,0.0873703162121862,1
5560,0.179864834327329,0.1724239300585388,0
5562,0.1271096509652762,0.12412943049760132,1
5564,0.0447226338026947,0.0324562348017795,1
5566,0.1520654370159303,0.110372500277305,2
5567,0.0713068403185168,0.053421185283999625,0
5568,0.1896597361034771,0.1425603405655077,0
5569,0.1201027548646353,0.09789583963700267,2
5573,0.1574042409816113,0.15278063525306765,2
5576,0.030453944859127,0.030986120265187652,1
5579,0.1100270905366815,0.0665143281434876,2
5580,0.4163627127017574,0.49710735685053764,1
5582,0.0863636566361373,0.06386742458898405,1
5584,0.1873723649671833,0.1943666010796804,0
5585,0.1074692054290345,0.1257713562098294,2
5586,0.0540884057662288,0.04647380171763287,1
5588,0.2050311950970126,0.21433971575768201,2
5590,0.1533305339558168,0.12159745351106926,2
5591,0.2230372217121545,0.20776007419982562,2
5592,0.1866343758070869,0.2347167894031502,2
5593,0.8072158720782201,0.6964551679140947,2
5596,0.2250949298980992,0.20254663187909605,2
5597,0.0507057385903495,0.037528961835004176,0
5602,0.2253626594373219,0.2360709988519552,1
5603,0.0988624364062265,0.06968257441157608,1
5604,0.0658009546121085,0.055738897472451504,0
5606,0.0666834940748706,0.0752902141264576,2
5609,0.214345254578753,0.1783828226033987,1
5611,0.753905264184469,0.7671244436093863,2
5614,0.1659014670085431,0.18995151985030106,1
5616,0.0209046267793334,0.0184425845243633,1
5620,0.0791427110729046,0.06992735146794594,0
5622,0.2082524340690638,0.1866987299084899,1
5623,0.1725626188682723,0.18406927115647212,0
5624,0.2569531277394873,0.25771359980475606,1
5626,0.1346664709834606,0.10301083500548386,2
5630,0.3102616913387793,0.3302677231978702,2
5635,0.0420117401069578,0.03881440392832637,2
5639,0.3127085830075122,0.2745468207286622,0
5640,0.1234842045838983,0.14300544456425884,0
5641,0.051289035442217,0.057048408484837596,0
5643,0.367406117829915,0.4119082971333632,0
5645,0.1474896799644917,0.10476944632177908,2
5648,0.6206447643029391,0.7336688842046539,1
5649,0.1961240127526239,0.2038392432050785,1
5651,0.4590172946607085,0.42690150644574637,1
5657,0.064734792989703,0.08545676468020103,0
5658,0.215651409226018,0.17240966822228104,0
5659,0.7113486599033435,0.611602521414853,0
5662,0.1127012931626866,0.10794208459891952,1
5664,0.0704617920329076,0.07185433644176917,1
5666,0.1739895347428043,0.176584011621721,0
5668,0.0226746281992075,0.030082666743938773,0
5669,0.1379580057345052,0.0871004119670856,0
5673,0.1410328603812278,0.1386935281507159,0
5675,0.8208903352634576,0.7856236869695754,2
5678,0.100103954429932,0.1002085505880316,2
5680,0.2790893030671612,0.30169774877725125,1
5681,0.0633255645415089,0.05093538143239143,2
5682,0.8132115944963207,0.8057892337409136,1
5683,0.660923210437135,0.6974375308839217,0
5685,0.1670111749879056,0.14672227874951355,2
5686,0.0521188012027966,0.09388317773378937,2
5688,0.0282270744859337,0.018731913644755373,1
5690,0.2284972015234385,0.1844749902342167,1
5691,0.2184373662476868,0.2123142208711017,1
5696,0.1606203225214496,0.1713930618560919,0
5697,0.0725500997808023,0.06550401386880413,2
5700,0.117290248167233,0.1381361365689563,2
5701,0.2121062344834902,0.211710681408201,1
5704,0.1112862305600915,0.12940441637497815,1
5705,0.1721473820795633,0.1413112133073145,0
5707,0.029205351966383,0.032916577829764454,2
5708,0.1302541026761238,0.26787982434768126,2
5710,0.127379597825694,0.14702262867745186,2
5712,0.145161531119756,0.1615422322597695,0
5714,0.6968331145710034,0.6494116636100185,0
5715,0.1953428734132499,0.15962844336298307,0
5718,0.4433579429592988,0.4496624902694177,2
5719,0.1942936274385883,0.19793935237848703,0
5720,0.1471828336324707,0.10735697547133322,1
5721,0.3521121890970617,0.34566415986794774,2
5722,0.8240859542472923,0.8268676198515719,1
5724,0.7026688546784619,0.7101882086699226,1
5725,0.795776834937964,0.7823701386195285,0
5733,0.0493190990036616,0.06602240350978415,1
5735,0.1624606011758443,0.18093077574072325,2
5739,0.7122103257644877,0.573710302926057,0
5740,0.0679032813082285,0.06460179774350518,2
5742,0.1228761915024374,0.09126780071654247,1
5744,0.2475287280897974,0.22685079865929964,2
5749,0.1336150403187105,0.1384723638460374,0
5753,0.1728354487754899,0.11356377710527057,0
5754,0.2635546370701174,0.31119296658951173,1
5758,0.1012557707751555,0.14158125362075163,1
5760,0.0979969247915745,0.08197698025772368,1
5762,0.2182896568260095,0.20916556825133759,0
5763,0.2658148900796955,0.25670191675996246,2
5765,0.0986867482442411,0.11084605291779992,2
5766,0.1729360035882466,0.2027121059314495,2
5769,0.0765690369688428,0.0868504781368246,1
5770,0.7881610682894981,0.7619917363090727,2
5771,0.446505298412808,0.43086226096922287,1
5772,0.0906067512066843,0.08813781656522526,2
5774,0.0731963580278086,0.0660558600272868,0
5776,0.0688079384494843,0.058236670710533706,1
5777,0.1320560761526122,0.09795877844322431,1
5779,0.1086279468689068,0.08754569447547782,1
5780,0.1685221555805642,0.1870762632361766,0
5781,0.1963524499054332,0.18142620446593488,1
5783,0.1891521381001754,0.17580918105898122,1
5784,0.197802064179145,0.12457765099597401,2
5785,0.2673421953630356,0.2147643584488132,2
5787,0.7706423160487055,0.7278857384248989,2
5788,0.2740273927530979,0.28134306968914835,2
5790,0.1807882220048273,0.13375082074108874,0
5793,0.0448139302371976,0.027638566724859603,2
5795,0.0971093753065654,0.09559879481884656,2
5796,0.0842899346124905,0.06432535723290052,0
5797,0.1586706540010949,0.13946868656127664,2
5799,0.0578841824561254,0.1014268224731641,0
5800,0.7195581910603811,0.6597343621127699,1
5801,0.4121707751074979,0.4034622353821634,2
5803,0.1330122686487241,0.09737708514381617,2
5806,0.1182797238921899,0.08712534850064857,2
5811,0.1737647955280806,0.15467086760879017,2
5813,0.7601529988149145,0.7661212189283162,2
5814,0.2456544678086973,0.20612363050520835,0
5815,0.308902613994062,0.2518771526308745,1
5818,0.6755944975843291,0.6730021899220672,1
5820,0.7231604973324716,0.6483977566570959,1
5821,0.2569183547944659,0.2723295608113411,2
5823,0.0777053242946227,0.06495277397866342,0
5828,0.0376271892479634,0.03814256262217545,1
5829,0.7680425743320769,0.7022053845420129,0
5831,0.0928395380785448,0.10249438450460885,2
5832,0.7730106556392213,0.7789588654487831,1
5836,0.0196943351067863,0.017791538320113074,1
5837,0.1505013926348509,0.13592362325077417,2
5838,0.7891707426321458,0.8390141547040015,0
5839,0.6430228753571751,0.664415516656144,1
5840,0.2291181655660488,0.19550478523076703,2
5843,0.210087087196014,0.18146660574080115,0
5844,0.2055841770517519,0.23492592181771887,1
5846,0.7039360371351745,0.754612938068092,2
5848,0.313378963103003,0.250219417061395,1
5849,0.1425390527825286,0.1609652700161405,1
5850,0.0624771887945203,0.05843881540349988,0
5851,0.3469887463948667,0.2884779533079589,1
5852,0.0964953764957552,0.0756661447854762,1
5855,0.2870118961234896,0.2889150886500941,2
5857,0.1175135271252417,0.17698780240960138,2
5858,0.0705769592185185,0.06562126150789972,2
5859,0.1576885763516389,0.153496065277278,1
5861,0.1125232762877932,0.10243234570678753,1
5864,0.0451136468683734,0.052711640186354373,2
5865,0.4580289910266932,0.38003350053975016,1
5866,0.0487867939125444,0.05890371021575022,1
5869,0.2716402903698758,0.2612097649454878,0
5870,0.1214532527827721,0.14741128178332963,2
5871,0.1340673751164709,0.10694716732278955,1
5872,0.0677211714596924,0.06482117222333138,2
5877,0.2012740962010652,0.1215464857052835,0
5879,0.0478058779466315,0.0450331040295769,0
5880,0.1132906533482522,0.09194955062566412,0
5881,0.0663784253803935,0.06000215902662892,1
5883,0.2294212225082681,0.18233779580684206,1
5884,0.7107493394085148,0.7267450990474222,1
5885,0.6260625123270324,0.6361251852034477,0
5886,0.6063596954576426,0.6360080709919272,0
5888,0.0444838101091652,0.03755419523071137,1
5889,0.056816454758095,0.0476202327764119,0
5890,0.1037783446550622,0.09534991015560501,0
5892,0.0949061356336691,0.07018278396254822,0
5895,0.2312339613165061,0.3114129100843608,2
5896,0.0731955932953463,0.05561767893725557,1
5897,0.0738618978647012,0.057826122894264545,2
5898,0.1123522850249219,0.11585465508815343,1
5899,0.0713029004132194,0.08447641844475383,1
5900,0.3149039487558238,0.21202390486231013,1
5902,0.4988960665310393,0.5380364304857301,2
5903,0.1633733870848916,0.1914440999979491,2
5904,0.3019717299917463,0.22928307375080292,2
5905,0.2637980103263385,0.22746968127574604,2
5907,0.1666009660460115,0.11174459154153346,1
5908,0.6301024730273234,0.6073866633866298,2
5913,0.0836555737458816,0.09901184563135797,2
5914,0.0576713324627096,0.04391076820770405,2
5919,0.3335037961146422,0.26915699713719476,2
5920,0.1358172658046462,0.14268290717198104,0
5921,0.210701218769667,0.22936206635647463,1
5924,0.2070849028451542,0.18524803435026815,2
5926,0.1397165747029878,0.11082891879169737,0
5928,0.1198374928306541,0.09822899383438966,2
5929,0.0841912252763112,0.07710013287365897,1
5930,0.0921359629623882,0.07531789021713364,2
5931,0.742652248682109,0.6494258490977014,1
5934,0.2290351884236732,0.294184410719702,1
5940,0.0860435636847728,0.09958222101499645,1
5941,0.1230709713207908,0.12763786131721153,2
5946,0.0924176292605312,0.08551003520676509,2
5947,0.0649393431573691,0.05226763306823555,0
5953,0.1367332280052908,0.12297171331232506,0
5954,0.2982025884522101,0.3096932989833344,2
5956,0.133401549970708,0.09414415457330208,0
5961,0.2377499040950157,0.22907804036110269,0
5962,0.0975455468707005,0.08821084071427615,1
5963,0.1146055378308816,0.10991920603651037,0
5965,0.0717427480363662,0.052255634141437274,2
5966,0.1516361405434309,0.16790958377619128,1
5968,0.031346739132983,0.0294828962771478,1
5969,0.082595392613559,0.0965753737013541,2
5970,0.0964792967142057,0.0751156828129238,1
5972,0.1282358486605205,0.14310603899471136,2
5973,0.1507371447332151,0.12353055051322187,0
5978,0.7584514980147795,0.785205075845516,0
5980,0.6497459223689902,0.6088000676041665,2
5981,0.0776792119519227,0.04609061844478465,2
5982,0.0498094141405227,0.03197397925463565,2
5983,0.2489340145117413,0.18670612920555374,2
5985,0.108359182377299,0.12272921624868573,0
5986,0.8541503480728914,0.8383101861040526,0
5988,0.3567119727902929,0.39083041603217694,0
5989,0.4891498515936705,0.42640681649199635,1
5991,0.3779237718606298,0.3591858222118982,1
5992,0.2227243501003614,0.22799617887902296,0
5993,0.1911232573779766,0.18442274749908055,2
5994,0.2010671279475232,0.19031240672128952,1
5997,0.0969564901192941,0.11055139991332895,2
5998,0.0932771753689859,0.11997840667119465,0
6000,0.6705225536154666,0.7714796584595314,2
6004,0.0757214464526452,0.10548127508722863,2
6006,0.0570112801800564,0.04605603119198268,2
6009,0.050195693859066,0.028048845144258476,0
6012,0.3425070794880644,0.3552479399151986,2
6014,0.1411971687176318,0.09868045960588648,1
6015,0.2080466635340268,0.1855205056749852,0
6016,0.3577464708640595,0.4215744947008808,0
6017,0.1027617294978244,0.10505134082229307,0
6018,0.2145236959408881,0.20007298532276402,0
6019,0.4123971115795984,0.2364281338824461,0
6020,0.6467307059936328,0.6741012465735085,1
6021,0.2063574909902375,0.25942084343941113,0
6022,0.2364322499684576,0.24348226452490934,0
6025,0.1148704310815991,0.16460868657085864,2
6030,0.1478051465570784,0.13908083582714792,1
6033,0.0792804817658869,0.14505535718666707,1
6035,0.2268854479400743,0.24293697169300205,0
6037,0.1619339949523462,0.11579634321075366,0
6038,0.0826249461293249,0.06409530924193817,1
6039,0.7887847688933037,0.7210079391839281,0
6041,0.8089137646619388,0.7878138622063178,0
6042,0.0644261138480757,0.05465520897339083,1
6045,0.898816358673608,0.8786093908412288,0
6047,0.0303572423529036,0.019747734923606326,2
6050,0.4657018017914835,0.49107208338049635,0
6051,0.0522117611094271,0.10005778760298059,0
6053,0.4866568326671474,0.5191659671683069,0
6055,0.2549756191459344,0.22128450617428422,1
6056,0.567897883089052,0.6887828885789286,1
6057,0.0622550150721634,0.0860374895414284,1
6058,0.1867559585987726,0.20297849976973148,1
6059,0.0642521522061058,0.06308313418208072,0
6060,0.1857921751034251,0.15644759828418844,2
6061,0.3978498354977064,0.362902724163634,2
6063,0.0890303603728206,0.06370156436965549,2
6064,0.0633259108920944,0.07183279865609501,2
6065,0.1329983492094352,0.12089206575723838,1
6068,0.1290159438047583,0.10491660901319746,0
6069,0.1730518863837897,0.10261333785117005,1
6070,0.0617603128687259,0.066847133677388,1
6072,0.0803996918595627,0.06296000198186698,0
6074,0.0570770571154637,0.034101606042873225,2
6076,0.1215140021583474,0.13781133439728252,0
6077,0.6402885410949258,0.7462570783362527,1
6079,0.5838625573694312,0.5633116534843451,0
6080,0.0356326719502878,0.03070477831203495,2
6081,0.0535430481973564,0.030896734609789478,0
6082,0.1559838733014839,0.17151048830328314,2
6083,0.5263459778910058,0.528794572564691,0
6084,0.747770355563974,0.7416582546308472,0
6086,0.3115240512802654,0.25055758311317466,1
6087,0.1348239321140188,0.10235395696800689,1
6089,0.389127083912387,0.3120714953094876,2
6091,0.0803636339821145,0.04686732043388263,0
6092,0.0638324082965293,0.051993569928868874,0
6093,0.0468542279464644,0.043250196579690176,0
6094,0.2869543716431345,0.23346109774469687,0
6095,0.328501542158758,0.3375480910193307,0
6096,0.0590664289268396,0.05455333812297223,0
6097,0.1890074663010773,0.09873617341447377,0
6103,0.098243742311072,0.09081758325649811,1
6105,0.225083338941176,0.19794199088435693,1
6107,0.4847617259859209,0.5571627333217478,2
6108,0.2434151149641786,0.29119317692905733,2
6111,0.1696965613226839,0.14431720920096652,0
6113,0.1301784563499395,0.14000789011620063,1
6114,0.1438961017875248,0.0911790884307555,0
6115,0.0591881320865326,0.0443302424460872,0
6116,0.0574056995855898,0.0361639659411203,0
6117,0.313316262669769,0.3610983821403753,0
6122,0.753612981120881,0.6780203342305444,2
6123,0.4243768974243069,0.39772969744712383,0
6125,0.246616720459875,0.33056568762740784,1
6126,0.0725320594130727,0.0924986719789192,1
6127,0.323634418967053,0.23777543306591895,2
6129,0.0973739479780801,0.11383789629128746,1
6133,0.5872923883065422,0.5808302958016488,1
6134,0.0582871563368877,0.05282122160490242,1
6135,0.1248548452331379,0.18828093096725734,0
6136,0.0739708121134452,0.05735792001635645,1
6139,0.1775287428384039,0.23312369410942785,0
6141,0.0693062367193337,0.07829937524091116,2
6142,0.0755799949297848,0.07340554925787268,1
6143,0.0632407630792487,0.05207862964250384,1
6145,0.1159257765879196,0.14505278620381534,2
6148,0.0782785734910824,0.07534921264562686,2
6149,0.1732385080251752,0.23119331494012682,0
6150,0.1009753045282289,0.1152232480387991,2
6151,0.0415333512363055,0.09490141246217468,2
6153,0.2691166352417504,0.26631514592444167,0
6154,0.1048525888138555,0.12082997446402607,0
6158,0.2211130384899482,0.19014610275294908,1
6159,0.0937582651319701,0.10950330622785179,2
6160,0.6240062549025417,0.6594477782817686,0
6161,0.402028959240192,0.41186532070130044,1
6164,0.1278790539905799,0.12144448734297725,1
6166,0.1528557358033394,0.13205404090896772,2
6167,0.3956222154060677,0.5050726233532513,0
6169,0.0642013879151621,0.06254462006670843,2
6171,0.1515902376484218,0.131548390600095,1
6172,0.199791887319457,0.18174799733153724,1
6173,0.2116158874208301,0.27752473157221913,0
6175,0.717357725735182,0.6841570907696493,0
6176,0.804981667142625,0.6314473616473946,0
6177,0.6292529579299107,0.681806673369586,0
6178,0.1716829480202266,0.18800598079564784,0
6179,0.1303186857476879,0.108513328341291,1
6181,0.0779301857394609,0.08952395916855856,1
6184,0.0919010229944849,0.09748037697845541,2
6185,0.0277744635212074,0.023906862194042325,1
6186,0.0978192444523129,0.10425742846396063,0
6187,0.1817670863435959,0.21757253213639674,1
6188,0.0869241165610418,0.0686253930398001,0
6189,0.1139270812244146,0.10225324967382207,1
6190,0.0361354785136335,0.027802119276495098,1
6191,0.1160892912799799,0.09749943493282894,1
6192,0.3550700710740173,0.3590477859283936,2
6194,0.4006577514019154,0.3845705685879747,0
6196,0.1516567668058575,0.11289958577457215,2
6198,0.1451378035047318,0.1339937333088592,0
6200,0.165983876086686,0.16948941982694804,1
6201,0.1938441149355206,0.23195460252949174,2
6202,0.099978439194929,0.09836661127323293,1
6203,0.0569727915712907,0.07238040483217005,0
6204,0.1416509680133824,0.1230489002677341,2
6205,0.198159676341979,0.152322562866332,2
6206,0.065489983054011,0.041575181972802674,1
6211,0.8349876900093258,0.8538870291566167,1
6214,0.0508959322696831,0.05224502060356248,0
6217,0.3044391120669617,0.2909439026279271,1
6218,0.4320648177396374,0.40283140008232243,0
6219,0.3636843400192522,0.3844139869993619,0
6220,0.1925071118122739,0.15596488650647278,0
6221,0.3048454770926286,0.31710852024226954,2
6223,0.0943066269736205,0.09340627391838856,1
6225,0.227538522574958,0.2893544722136812,2
6226,0.0939025340809,0.04852457351586278,0
6227,0.0687944256297544,0.08959279037208698,2
6228,0.1981089810646251,0.2446573310260413,0
6230,0.1702346705471636,0.17861727096787702,2
6232,0.0312340738349934,0.028972390756916877,1
6233,0.721778622585642,0.7578668912483357,2
6234,0.0927798213733313,0.08931266195679757,2
6235,0.1125614237288868,0.10184820167922788,2
6238,0.0961252295930456,0.06950909053887237,2
6240,0.0609285170280164,0.03786489554088715,0
6241,0.4435934617596709,0.4744268515064233,0
6243,0.0991345457426883,0.06652979134015492,0
6246,0.053806813434073,0.04568932257663135,1
6248,0.2197668003835468,0.2110827538298473,0
6251,0.1976203602552311,0.18210120600861018,1
6252,0.2731924103371058,0.22591917958019836,1
6253,0.2574260943346516,0.24785384228855148,1
6254,0.2731537651940389,0.21445829584032783,2
6255,0.2050380347297603,0.27409275044426007,1
6257,0.1392565394091567,0.12802633965875293,1
6259,0.0380655827453631,0.0288784450436937,2
6262,0.0959295778448882,0.11563806712766611,2
6264,0.1213115618275317,0.11255990285939431,0
6265,0.2294795030235846,0.21777428312547567,1
6266,0.1595230760804094,0.14876564774812764,1
6267,0.1759041122816544,0.20039770298416143,2
6270,0.2597397668547593,0.23390766224969148,2
6272,0.8119234638794682,0.7809675330740291,0
6273,0.1600592687435023,0.1815800468276617,2
6277,0.1479517576012131,0.18139345363781634,0
6278,0.2747827672280148,0.26737038529991813,0
6280,0.0629174344684763,0.0671207690420936,2
6281,0.1810146030064056,0.16861718730266465,1
6282,0.7008960309560459,0.6908073308196185,1
6287,0.171384158190058,0.1760291298290993,1
6289,0.1860071023788639,0.18743169247635738,0
6290,0.7393286847372801,0.7380028245482722,0
6292,0.0765057328903457,0.08286643425004514,2
6296,0.0518658619607795,0.040614802031249474,0
6301,0.6397395629909662,0.603698532225818,0
6302,0.228085824817804,0.1922151686743316,2
6303,0.0316977351876905,0.0220779078870166,0
6304,0.0879318260324242,0.06833930923788385,1
6305,0.2116187467392939,0.1576238657698574,1
6306,0.5314009373478144,0.615552199373758,2
6307,0.024841048425632,0.013430637866345227,0
6308,0.0424322700452474,0.02736299288114015,1
6312,0.0807224251273496,0.12356688428361787,1
6314,0.4085742554509802,0.43173757806679686,2
6316,0.2892930427912888,0.24422860337891222,1
6317,0.056487042932427,0.07380875396016227,2
6318,0.0839127197184183,0.12638552082227944,0
6321,0.6655517360762434,0.7537064204977139,2
6323,0.0686547425861017,0.08944399809844181,2
6324,0.0734239909324532,0.06552804356197843,2
6325,0.0302170956071375,0.05059259493678572,1
6326,0.1880117944994012,0.17128121360152168,2
6328,0.7951706264048694,0.8231564203703463,2
6331,0.1166052544547383,0.07344874313230855,0
6332,0.602999966009283,0.5813167701957014,1
6333,0.1486035966398708,0.17001528388991632,0
6339,0.1625958217768816,0.18390634559914967,0
6341,0.1561326675155418,0.15659874107024674,0
6342,0.5017700261115003,0.5868128808825411,0
6343,0.0956173297735647,0.09206363691450259,2
6345,0.6449963339743596,0.6565543842233212,1
6347,0.272777396382462,0.2212075269072579,1
6348,0.4687653765609969,0.48824222293394415,1
6349,0.753730626840557,0.7031610280730656,2
6350,0.3931001774545251,0.4438490405185964,0
6354,0.4909350768923554,0.4237551509091667,2
6355,0.1168879032033388,0.1233315524091265,1
6356,0.2230460839589504,0.171983328207774,1
6357,0.1206838070658465,0.10235007357611704,1
6358,0.5614250021392269,0.5619745752266441,1
6359,0.0904282578022381,0.13838421493399805,0
6360,0.1531176523932208,0.142787971606173,1
6362,0.7349252011339349,0.7456729980878948,0
6364,0.2286081332161785,0.19094792753864098,0
6367,0.2186372710184028,0.19512798741814671,0
6369,0.2712642107305498,0.19434222110333352,2
6371,0.667365631785286,0.6553823742564521,2
6372,0.215960106292406,0.23177769226409892,2
6373,0.2465168451104182,0.2610555062488859,2
6375,0.3065961417777543,0.22621717472499714,1
6379,0.4203264745909878,0.35783423288280625,2
6380,0.8079922133826223,0.7869283206531188,1
6381,0.1230086400209498,0.16059052159687784,2
6382,0.1647613316146819,0.14234079239987477,2
6383,0.4105379483929537,0.385138243323186,2
6385,0.1610366633713165,0.2956610631865909,2
6391,0.0922675537924384,0.06480369798445465,0
6392,0.1367218669685977,0.1256920461965534,2
6393,0.0615638759443177,0.07407170417928698,2
6397,0.1428410383506178,0.10952751965751041,0
6400,0.6402300101976637,0.7527339145564329,2
6401,0.1210556138831874,0.1151683157765106,2
6402,0.1674828349461795,0.17637066753019642,0
6403,0.1605801669338094,0.1336189405452796,0
6404,0.1081335106103734,0.1018016600775388,0
6406,0.1785581130948584,0.161594715104177,1
6407,0.093804514529686,0.11250859938456109,2
6414,0.1440484617752188,0.14862490613993923,0
6415,0.2814587757445563,0.22460230952876378,0
6417,0.7491180772659753,0.7356539862432558,1
6425,0.0473781419192981,0.03348036378810805,0
6429,0.5557434578509846,0.6285343114907769,1
6430,0.1935852692351356,0.20885804314691025,1
6432,0.0880697224972309,0.09054200857518052,2
6434,0.2284744880257794,0.12012685969268799,2
6435,0.5673257616477921,0.6026591875269436,1
6436,0.4043320816072104,0.45665724322227474,0
6439,0.2151344146261242,0.23775337221443776,0
6440,0.1638303881825644,0.11987719713262701,2
6442,0.134475476803171,0.14354581888347315,0
6443,0.1921119610208713,0.14045822165809047,0
6444,0.1470031824861828,0.122807404522087,2
6445,0.1282796099873441,0.12547576123477788,1
6446,0.1394604076014998,0.11242434675554161,0
6447,0.0345607220584871,0.028473940983322024,0
6449,0.1200354003308279,0.10861213391917167,0
6451,0.1194932009685934,0.08546035745493535,1
6452,0.1794034981872799,0.16272300184639446,2
6453,0.0606173194497433,0.05114885671153803,0
6455,0.0943503310174853,0.06879346353013198,1
6458,0.0881722824224967,0.07739768516760501,0
6459,0.1539093252386492,0.11604293893178708,0
6460,0.1107445268154187,0.12123321310163565,2
6461,0.1406294790024995,0.12272423423958312,1
6463,0.2385913535265336,0.23718660682006848,0
6464,0.042382497835587,0.033497147593905444,1
6465,0.1586087209119124,0.1641113077649336,0
6466,0.0499418578365632,0.05586681561381247,2
6468,0.0869473526615717,0.09793595198718658,1
6469,0.0608875616173939,0.06124076755503935,2
6471,0.243061576995179,0.3933617029152623,0
6473,0.1647860555757825,0.16179797270904522,1
6475,0.3279154942317462,0.3517166063686857,1
6476,0.4883902158024359,0.5346821192441134,2
6478,0.028024953537467,0.029584387422674323,1
6480,0.3022395535812194,0.25869678539677293,2
6481,0.036213913048042,0.05991695606115267,2
6482,0.2764567891252869,0.32355711032000406,0
6484,0.1559582296649821,0.17830891309545394,0
6485,0.0428723537943233,0.050571395617079004,0
6488,0.1116488259068855,0.0957206793806103,2
6489,0.1168951179864721,0.16198287864281577,2
6490,0.2710490524024187,0.31062358684512376,1
6491,0.0978850563300954,0.09190848217502565,1
6492,0.2344759996412496,0.2264306089638037,1
6493,0.7806589601792532,0.7616682979200547,1
6496,0.0352383365866647,0.04127981859153785,0
6497,0.2659573903163327,0.2247859397794815,0
6498,0.2248004935508382,0.24797340844244684,1
6499,0.132812600653824,0.10625195298250585,2
6500,0.1491820781228209,0.14540033289348703,2
6501,0.3744531234975548,0.5222213204116234,2
6503,0.1383163689026479,0.1152951423857666,0
6505,0.0504969723249413,0.027963709114770623,0
6506,0.300015267987786,0.27630427800087776,0
6507,0.452099747603662,0.4595828533015143,1
6508,0.1393070129291836,0.1324100719840569,1
6509,0.0770089534046822,0.05872475675621202,2
6513,0.4151711770213932,0.4513911809571671,2
6514,0.4358675551058436,0.423322585744098,0
6517,0.2365392734535693,0.23787949076674572,2
6518,0.6333618959420436,0.6415929554934866,0
6519,0.1142166412113076,0.061499315777973976,2
6521,0.2019902413989519,0.20437619711686944,0
6524,0.1284443830832387,0.15138647412607142,0
6528,0.4515843155906595,0.4478555374505746,0
6529,0.0278522589993561,0.0228364771857905,0
6530,0.148656485138718,0.18238867396457015,1
6531,0.4840952463820056,0.5528304927666485,0
6533,0.1713770194547576,0.1693500486100638,2
6535,0.0758641138223874,0.07094671470748455,1
6536,0.1503893575722776,0.12498547539221422,0
6537,0.168382891397275,0.2122126034496517,2
6539,0.1194338480140838,0.15165298229293056,0
6540,0.2768542942348369,0.21050831698871922,0
6542,0.145271702161299,0.15405999569759612,2
6545,0.0411605656427303,0.05486392640307762,2
6546,0.2961540042117079,0.25887566037315884,2
6549,0.1312250925383637,0.11012251271563012,2
6550,0.1742718232818228,0.17469244939727696,0
6552,0.0450227614006764,0.04705675336979718,1
6553,0.1284660550192208,0.11117504214827782,0
6556,0.4442750181485703,0.4772055483882069,2
6557,0.7427614725013867,0.7416332876045498,1
6559,0.1231334103069509,0.09384342211118064,1
6560,0.0457087772394981,0.03542552917634767,2
6562,0.4513591411091059,0.4688497079061962,1
6563,0.0504469907350027,0.04013537279919795,2
6564,0.1186425085815905,0.1217245351042545,2
6566,0.0661576499499246,0.05578975002612465,0
6567,0.1142950739834963,0.12585546160838623,2
6568,0.1184635049631715,0.09637170855893239,1
6572,0.1518716949825368,0.15097148917718914,2
6573,0.1007729271757107,0.0891795614579768,1
6574,0.161798621599809,0.14070878410067916,1
6576,0.2913023254260179,0.34331767247220907,2
6578,0.0650417892333271,0.0602129342139566,0
6581,0.0682019313614745,0.07198166816302018,1
6582,0.8450821388860644,0.770503948180323,0
6583,0.7493374551432715,0.7198613844216136,0
6584,0.1721046467515845,0.25318555602525555,0
6585,0.0539524543323944,0.0522021881640425,1
6586,0.6536839770189415,0.37305609476338364,0
6588,0.1022253921146236,0.13642687744379428,0
6589,0.0521370867167126,0.043701428461664193,2
6590,0.1153465284755845,0.16560689364537337,0
6591,0.1975293219281902,0.2372674525164406,0
6592,0.6199702321290456,0.5145946788126874,2
6594,0.1109370585322239,0.10278660240495169,1
6595,0.2712756833937933,0.24565240413533787,1
6596,0.7393375555921525,0.6760875907275086,0
6598,0.0298601685467194,0.021637080152337573,0
6599,0.1133997168445203,0.08620853375948044,1
6600,0.0754501564313734,0.06377327732636281,2
6603,0.1288907742147817,0.0938518683832669,1
6605,0.3252125350942414,0.3364575912486026,1
6606,0.0977020468680931,0.08627489737123933,0
6608,0.7720206414017836,0.4943474398120321,1
6611,0.0457429959775667,0.0428357293338562,2
6612,0.0741707151626376,0.04316987780098142,2
6613,0.2797448776865991,0.267615918156091,0
6616,0.2567982801019198,0.20599784614681005,1
6618,0.5709849181511298,0.6455686032139456,0
6622,0.6814099017505043,0.6818854210474667,0
6623,0.1518331079967583,0.12840015038118707,2
6624,0.476079672933313,0.3140149871892546,2
6625,0.1256407098666865,0.11786421618288305,1
6627,0.0392872500772846,0.0389788414738313,1
6628,0.5186199074927639,0.6860106796956655,0
6629,0.0586980881043566,0.061198193214585854,0
6630,0.7492767471305428,0.7486363335914605,0
6632,0.0582404064725277,0.03162793623499542,0
6634,0.0796763174816666,0.0936681458190535,0
6635,0.2780125290922595,0.2575849418102612,0
6637,0.7943885462882142,0.8024912278258622,2
6638,0.0629579007811745,0.047740091069724995,2
6639,0.2135971376359994,0.17710366326675908,1
6640,0.3964871967532741,0.3727083698891285,1
6648,0.6141327684382921,0.6060648599774702,1
6649,0.158323767952121,0.15783815121454797,2
6650,0.0488737025513578,0.07106519218878898,0
6652,0.154855857731481,0.15017479093404407,2
6653,0.05034343003642,0.03950415441156075,0
6658,0.6599596089598871,0.7345399165792248,2
6663,0.1719460623291153,0.17022036490992098,1
6665,0.1949233843461127,0.13422807425846256,1
6668,0.5860341872459923,0.598192832373962,2
6670,0.0439860568731335,0.06858812383445467,1
6671,0.0833914280874671,0.08525062386669395,2
6674,0.526432975083828,0.5127181662866334,2
6676,0.2298228368273858,0.20558973859950716,1
6678,0.3993512210641101,0.3466022562960486,1
6682,0.1416502638054967,0.14136329260498268,1
6683,0.44340737165504,0.5144895770975946,0
6684,0.3513154816509317,0.39886000141242317,2
6685,0.0847552464784893,0.04255256306752245,2
6687,0.6552309308854279,0.6591639796487674,0
6691,0.127684252519657,0.054042018766711004,0
6692,0.0743433760995875,0.047384240711178596,2
6694,0.0593017505013515,0.061474905081489575,2
6695,0.1684809641411195,0.16972960832215464,1
6696,0.2184099971624332,0.1856019173671133,1
6700,0.3614094627502213,0.31340657655716786,1
6704,0.1026208474946926,0.11991102878572357,2
6706,0.1105424503371617,0.0972855759353654,1
6708,0.1473510645213333,0.24775575655292797,1
6709,0.7399629474053553,0.7735558448111738,2
6711,0.1292839548665688,0.13973240048242486,1
6714,0.0184901790392097,0.025965155841757424,0
6721,0.107620576219507,0.10301776394768887,1
6722,0.1124470857585315,0.1692028691454547,0
6726,0.3809152486714571,0.40341173607567415,1
6728,0.1093026478126839,0.09897961695929938,2
6730,0.6871304249340595,0.667433786535852,1
6731,0.0772103262009513,0.07796921731095555,1
6735,0.035525667294201,0.058139762490504454,1
6738,0.370518271871362,0.25265586388428346,0
6740,0.2101218624211692,0.20248780062274396,1
6741,0.2768466868309626,0.30773302381891754,0
6744,0.1519140015055912,0.13333731019848105,1
6746,0.0524224423150034,0.043777751099205675,1
6747,0.1157239469659543,0.11825114580438327,0
6749,0.179699869780406,0.16059608728440705,0
6750,0.1339698269369089,0.13266117363029667,2
6751,0.7964577172872885,0.7785691942252231,2
6755,0.1267835199630027,0.1341389523708183,0
6756,0.1026691141273913,0.1110309929241463,2
6758,0.2549493220798767,0.2168371283218285,2
6760,0.120005959837218,0.1449644636439199,1
6762,0.1837510233644596,0.14754704137055258,0
6763,0.3963671802779601,0.4256885687913906,2
6765,0.1759181873375451,0.22517844821312483,1
6767,0.1101794662504481,0.09812929169202413,0
6768,0.0520688241802976,0.04870797274886457,2
6770,0.0967572584112115,0.08255850034583642,0
6773,0.1389922954496391,0.08124272421425825,1
6775,0.251107798170938,0.32628949166805465,1
6780,0.1320921992562129,0.10280706643229535,1
6781,0.2093186105931557,0.1362191212625456,0
6782,0.0230748744696248,0.028266462241868927,1
6783,0.0702036149934027,0.06632652419478753,1
6784,0.550526263744051,0.5324036722825806,0
6786,0.2837272804696325,0.3120054315873294,2
6790,0.2056363957398619,0.1581006020462976,1
6791,0.1871339083647447,0.193552941690871,1
6792,0.1916519194787234,0.17843159601064945,1
6793,0.7201968485040209,0.5927606596008502,1
6794,0.07388406618803,0.07370202948357338,1
6796,0.2288145245625408,0.19081950091883793,0
6797,0.2486221898157276,0.29132683535899073,1
6798,0.0613389203008074,0.048310492695136396,0
6802,0.2042897321605757,0.22868109351308225,0
6805,0.275226383138008,0.3054382121129837,0
6806,0.1231797787577011,0.09934340993308557,2
6807,0.5858481532047141,0.626925218928477,1
6809,0.0792881976357087,0.07631806470092822,2
6810,0.1173920261019536,0.09268325694887918,2
6811,0.2332563471945584,0.21566314165849645,0
6814,0.1109879471229536,0.10372384991859375,0
6815,0.0758419506210268,0.08949996230491522,2
6816,0.1677527866268002,0.19868419118733516,2
6817,0.0903945311175747,0.05528645728342563,2
6818,0.0503661931154945,0.0422983834394349,2
6820,0.132446652043958,0.07670976839531088,2
6823,0.0827694042087796,0.08915657947987131,2
6826,0.1177751853275549,0.1074654609723846,2
6827,0.2967504461119809,0.34850077589750617,0
6829,0.4773984687001097,0.5721598159700596,2
6830,0.1568704932441129,0.08913854071159613,0
6831,0.0806564110685461,0.09211532774324781,2
6833,0.6197822055899701,0.6845847451488746,0
6835,0.1996131108991692,0.1621252518608038,1
6836,0.3859134042756491,0.3540518179990542,2
6837,0.1936810871142894,0.16773259571065907,0
6839,0.7850660710157054,0.7849753278319418,2
6844,0.1849894429904609,0.1778670108170923,1
6845,0.1118025984083317,0.10762612818555298,2
6848,0.018378950230017,0.027827956705039326,0
6849,0.0609302730149629,0.04959834218137843,1
6850,0.1325553522033278,0.10469825917444275,1
6853,0.0696128443660639,0.1113516774245204,0
6856,0.2515051296062089,0.38627215046455143,2
6859,0.1730580820702062,0.22784103102355416,1
6863,0.0697248972280252,0.056648555013206404,2
6865,0.0152968908277491,0.016811960096049176,0
6866,0.1362332532293898,0.13971175659034396,1
6867,0.040494082559915,0.0363821341408818,2
6872,0.0497521249468496,0.06986851406641928,2
6875,0.2248017212131084,0.26532766381935546,0
6879,0.1357296371872909,0.13481641336052438,0
6881,0.1607236858205824,0.2046975545969077,0
6884,0.1102408365375483,0.10241482811679023,1
6885,0.7447288414990523,0.6794647952976733,0
6886,0.122214956913959,0.1065141941698762,1
6889,0.4625914922952624,0.4796473128680897,2
6892,0.0699544995424562,0.08524242439218357,0
6893,0.0229995525821264,0.025058398323445176,0
6896,0.1410106449800311,0.1361744439208977,0
6898,0.5948067239058387,0.5712934226016448,2
6899,0.171882883052562,0.17955975412488354,1
6901,0.0839489503344013,0.12738685586382809,0
6903,0.0558013139513611,0.050914686999680554,2
6904,0.1224779548684397,0.1237497553824728,0
6906,0.6259359259603399,0.6421494503046027,1
6907,0.1339661414932557,0.23638466115285667,2
6908,0.1082615360359019,0.08153644095371071,0
6909,0.2464187103387212,0.18852823645769604,1
6910,0.7880009203723906,0.6428851588525696,1
6911,0.1426632652253651,0.08445755045670815,0
6915,0.7738208688314926,0.676146264764732,0
6916,0.0599964567920478,0.030140461131335398,0
6917,0.8121098459855378,0.8062866407333085,0
6918,0.7926563663705275,0.7269408669880104,2
6920,0.0707103311629937,0.0541110826671114,2
6921,0.2066582746559319,0.12810408528221828,0
6922,0.1116578255641666,0.10287648866930035,0
6925,0.2045736742642522,0.2005401553930001,1
6926,0.3457708513212931,0.4118645806927739,0
6927,0.7708767114248515,0.8736242198944433,2
6931,0.2730212827634491,0.20905082729125263,2
6932,0.045754102939291,0.035887748793412,2
6933,0.0217343668856529,0.022067464975873474,0
6934,0.1077374708209168,0.09000878703492088,2
6937,0.0385387553783941,0.03242093831194678,2
6940,0.0812797164021263,0.054724388926452205,1
6941,0.0503950193492514,0.03566760631448315,2
6944,0.0563607139558718,0.05449533308517575,1
6945,0.1970202147773664,0.21153331176328843,1
6948,0.0730181572268115,0.0604080823972849,2
6949,0.0928830676888576,0.07214098249913717,2
6950,0.1751267946434646,0.1459923668513391,1
6951,0.2575367323271931,0.32807191556931065,2
6956,0.0216450840942457,0.024507929860851374,1
6959,0.0927911147680907,0.11453832236233667,1
6960,0.1083307853841487,0.10158923064684247,0
6961,0.1340782870760165,0.09602507791953738,2
6963,0.2411885231062949,0.2242941353162131,0
6966,0.1387406261548367,0.1268264681347075,0
6967,0.2548891708853998,0.2790270902144796,0
6970,0.1540010989099628,0.15099469635067456,2
6971,0.0793918139922729,0.08845136114549583,2
6972,0.1298057218150408,0.09185837001140207,1
6973,0.154702357378428,0.16322815454717646,1
6975,0.0424006866738504,0.021328660885113225,2
6978,0.090947834246181,0.08978173798309132,0
6979,0.4486996864697,0.49739978837444354,1
6980,0.0561550842665821,0.06083986620243335,0
6981,0.0880453612455684,0.07863746853245643,1
6982,0.221118106535855,0.20825802108657837,1
6983,0.1273890518502777,0.06565704826731922,0
6984,0.2818894435396509,0.24913908192682455,2
6985,0.2538931497057239,0.17800762838798942,1
6987,0.1910100150790503,0.242173686608458,0
6989,0.3766384802143397,0.26633100836183893,1
6990,0.5847270137279129,0.4886872629892243,1
6991,0.8206586390534885,0.8128724614077979,0
6992,0.2921652593503553,0.2915225776706947,0
6993,0.0436790795409058,0.051592324051989005,1
6994,0.2934285140888824,0.3327921467219171,1
6995,0.6670893369879222,0.7161526338658553,0
7000,0.5076603193004222,0.4816338891958818,2
7002,0.0647594613833572,0.0665987520560957,0
7007,0.2676024780422804,0.20975797278320962,2
7008,0.0644890452918838,0.040132415640934505,2
7010,0.197523841660321,0.2868016018649441,2
7012,0.0783648147906565,0.0593289484147613,0
7015,0.1916887821363427,0.1563047122087992,0
7016,0.0383140542467294,0.028334731192644274,1
7019,0.0523702715156432,0.03928137357701153,0
7021,0.0770805135915631,0.049903239362243376,1
7022,0.0840833835335984,0.09405417547583395,1
7023,0.825089640577621,0.8068415829438388,2
7025,0.0560313308577842,0.05889261329923415,1
7026,0.1418117263640767,0.09965722948354584,2
7027,0.071157445836142,0.08775086162584556,0
7030,0.0888054015883589,0.08753673293290475,2
7031,0.1308548855803911,0.11744222857060993,1
7032,0.0634271902682847,0.07601050212099339,0
7033,0.1991160157850908,0.20691178134855398,1
7035,0.1494451911239233,0.16669607532796676,1
7038,0.8257189963663069,0.7745245804374511,2
7039,0.2452702377202159,0.156070105722113,2
7040,0.194581377595634,0.22836649606272236,2
7044,0.2046965099284531,0.22678003477917785,1
7045,0.2122810534744539,0.20283066420750812,1
7048,0.3166288695575739,0.23456056330477143,0
7052,0.447895267340991,0.3125755477775696,0
7053,0.090935920543628,0.11769913301255737,2
7054,0.7274367552378291,0.7151302607443186,2
7055,0.1244568763634278,0.1079673948280939,1
7059,0.0645135075434105,0.0860194362983151,2
7062,0.4025179509421404,0.45554515321346417,2
7066,0.1285713213168697,0.13816305216584462,1
7067,0.2224266445012786,0.1967110970229827,1
7070,0.1312980013811637,0.07756584871596994,1
7073,0.0667223290063686,0.062098248147961874,2
7075,0.0745196045297299,0.07763099688467905,1
7076,0.06520672911763,0.06309873738557153,2
7078,0.1098385177930088,0.08554031234048409,2
7079,0.0814725697338079,0.09592192828214649,2
7080,0.2117883378976131,0.19007802678985972,0
7083,0.4898758582228041,0.4478833955267586,2
7087,0.3619647461927297,0.3783895800186923,1
7088,0.1745238896526472,0.17235867900149274,0
7090,0.0474792594185646,0.033310606795239076,0
7091,0.1041447063307215,0.051376212003336724,0
7092,0.2338385411539554,0.22455495051783753,2
7093,0.0504738736298465,0.03864709165182987,2
7094,0.7702888486747083,0.817906180448539,2
7095,0.1672333631258726,0.1513604704035023,1
7097,0.126885760002135,0.16887588349485377,0
7099,0.1033121187214724,0.10573020900467271,0
7100,0.1227430323597141,0.1037122872485194,1
7101,0.0919145824611102,0.0693230885135461,0
7103,0.1264902090064546,0.12133017837639196,2
7105,0.0300358792767825,0.026509046193043125,1
7106,0.2023751497231186,0.21300109896003566,1
7107,0.3348490391589712,0.42608462366301203,0
7109,0.244664474818651,0.2161172507531427,2
7111,0.0132353484344404,0.011081816141430023,0
7114,0.0508268317988374,0.04568457106874,2
7115,0.0642013087009669,0.05594260915680575,2
7116,0.189082231805376,0.1366886815877001,0
7117,0.1191211944504238,0.1162516486968629,1
7118,0.2424746740248828,0.3032280706451267,1
7120,0.0747707035115368,0.08508467257229921,1
7122,0.0662161731113404,0.07904463397701628,0
7125,0.1099350283327794,0.10805695931050978,1
7126,0.0688478319223188,0.05305122309231976,2
7127,0.2110536531292375,0.19438414296269946,1
7130,0.195342756034931,0.17336884240901895,0
7131,0.7436685077985703,0.759869812984542,0
7133,0.1903978231789789,0.20791402142517817,0
7134,0.0829305282569177,0.15532467202997677,2
7135,0.8635093196040163,0.7846252506290937,1
7139,0.1875942112583334,0.21172297493833253,1
7140,0.2244091794286091,0.17089147660372095,1
7143,0.1417767232564848,0.13335206242042696,2
7144,0.2690284192164902,0.3198196317377119,0
7148,0.1103777675553079,0.0987951700817803,2
7149,0.3242566547574553,0.34824442594835864,1
7157,0.1251471742278571,0.22910427220105453,1
7158,0.2680779063243909,0.343481257878972,0
7159,0.0973650179724883,0.06996503570046257,1
7160,0.0457737887045136,0.0371643862015201,2
7165,0.2363358643562334,0.1652089702748041,2
7167,0.0472416485476339,0.03443813193679008,1
7168,0.1568156309867218,0.15858105879865797,1
7169,0.650754210183133,0.7115366150489617,1
7170,0.2823349541423219,0.29813063378571747,2
7171,0.3026155075394962,0.35525984152320955,1
7172,0.2164177328799242,0.19371585221364687,2
7173,0.0876755255561004,0.07152637085581624,0
7174,0.1892560250928892,0.15621053463917967,1
7175,0.7513691195267389,0.6153393934091581,0
7176,0.1263489880874183,0.10266145495959493,0
7177,0.1730579570521094,0.15052328941614285,0
7178,0.5016019457619436,0.5925106652452222,0
7187,0.0634510564474351,0.035352551260889424,0
7188,0.5852094920519653,0.621695856854708,2
7190,0.0781711569107085,0.07066155308029098,0
7192,0.1417335320588444,0.1364831819121034,2
7194,0.1427265911499129,0.15679625242089135,1
7197,0.1093599000730524,0.0678902269333828,0
7198,0.0984675844923829,0.0582195235919166,0
7199,0.2047724772953091,0.21114883161026307,1
7201,0.171699746642349,0.19350295100737752,2
7202,0.1490059418180583,0.10248405048374175,2
7204,0.198974578254843,0.36804699385848777,0
7206,0.2410826432117681,0.28364359273632883,0
7207,0.2056925607593927,0.23108598647551107,0
7208,0.0852804193129446,0.12657728330250273,2
7210,0.0218837690405079,0.02858079154806335,2
7213,0.1455808058534661,0.1765330007783481,1
7215,0.427801618727068,0.44572225058072074,1
7216,0.8172119631380634,0.7160227523660451,0
7218,0.1910621795085579,0.16942811572445277,1
7220,0.139847325965867,0.15797224288016354,2
7222,0.1413336042587976,0.12621097389637467,2
7224,0.3424185885500133,0.3541320172829797,0
7225,0.2550412967860818,0.2595816975198673,2
7226,0.0430121096276552,0.037647060887390754,0
7228,0.0585699798481105,0.07538501300821203,1
7230,0.1324231148437766,0.12124849233213511,2
7231,0.1375964456505449,0.10746858167564002,0
7233,0.3911919732918997,0.3624116631720172,2
7235,0.2398489126155137,0.2565168895759414,2
7236,0.2237173726383128,0.19539233260019678,1
7238,0.1215673318366258,0.11096375816872953,0
7241,0.0837780486513989,0.08608748877042646,2
7242,0.0920401755999752,0.07382901178994918,0
7245,0.2819524945102933,0.31646617547188116,2
7246,0.1110126973650791,0.15237298370865,0
7247,0.2087679069285833,0.21592385165922362,1
7249,0.8515960112426355,0.8349454944430301,0
7250,0.2402106891672069,0.22135334451710595,0
7253,0.055853001763527,0.04794422069484657,1
7256,0.062487000452978,0.049587791819202726,0
7257,0.1402070140550502,0.1725895987718754,2
7259,0.1073717151324285,0.13306318820648277,2
7260,0.1528721741425035,0.13195776060116463,2
7262,0.542272384060555,0.6158474642436349,0
7269,0.8052637865139459,0.7945822441175919,0
7270,0.102780168602686,0.09346091910102418,1
7272,0.0289104878120786,0.026596690319088224,0
7273,0.3596036743207575,0.37289780408241435,2
7275,0.1349963106099192,0.13019170792484638,1
7284,0.4229210090347986,0.5296017330273439,0
7286,0.1149156905458171,0.1425626264762493,2
7287,0.1378586948538612,0.12007913768596942,0
7289,0.1596395697142632,0.14320905380582943,2
7290,0.2375746921723359,0.20986318420683117,1
7291,0.096079540152772,0.1009133353754595,1
7294,0.1518532249573851,0.15491854120264134,0
7296,0.17852556626817,0.2677090969469345,0
7297,0.1082961235983202,0.11197649364818717,0
7302,0.2272028137132589,0.20276395147614637,0
7303,0.0835925900913518,0.11177542292787661,0
7304,0.1671126377332442,0.17302866512399762,2
7306,0.1264304645037005,0.10993742890636318,2
7307,0.144017408120412,0.1332631030604031,1
7308,0.460737999877994,0.5295211380688054,0
7309,0.1435679525336172,0.1517518194878656,1
7310,0.3053356540010596,0.24624012563796527,0
7311,0.7721021805798959,0.7871557866556638,1
7313,0.0388360439383609,0.04317894031557322,2
7314,0.1192711293494953,0.16215287153582283,0
7317,0.091254530668052,0.07862182101797088,1
7319,0.0291617916561065,0.027736279965641326,0
7320,0.4141310218328586,0.4761429008322428,0
7321,0.0816921033504686,0.08434401881643021,2
7322,0.0112549233796517,0.013569108603301374,0
7323,0.7593006924511547,0.7938081499193356,0
7326,0.0909614568668368,0.07610306625350173,0
7327,0.0968275780098788,0.1107110691408274,0
7328,0.1252740857375797,0.1451274177306653,2
7330,0.2604185883898514,0.26248801372061564,2
7331,0.0723166128842371,0.0743144854568683,1
7333,0.0683363660216536,0.053934511113643405,0
7334,0.2156275055857069,0.23994925374194553,0
7338,0.1284412844408996,0.08588100771650445,0
7340,0.7784281642531553,0.7807298822570201,2
7342,0.2438985079453282,0.26991484687270506,0
7344,0.0750562101348266,0.05968569383431779,1
7346,0.0796659015952052,0.060080822898607666,0
7350,0.7901464300986843,0.7580480530364094,0
7353,0.1158734769132449,0.1348617616030984,0
7354,0.1392920006639815,0.14669268265241395,0
7358,0.1391096482172992,0.11538654225068512,1
7361,0.2935391462853003,0.3395307259397262,2
7362,0.1786794497007895,0.1813580088265897,2
7364,0.0963428479687327,0.08902072076694542,1
7365,0.1396758757736116,0.13179680272018351,1
7367,0.2495074666490745,0.2443414372105712,1
7368,0.1195564837769172,0.1110604962586806,0
7369,0.7976637554773547,0.7694738230268798,2
7370,0.2040012649853554,0.22708415973386945,1
7371,0.1776961502945851,0.15776419862144642,2
7372,0.2109427459095237,0.26858807484301517,2
7374,0.4140834034306714,0.4377492901433674,1
7378,0.7806920464474295,0.7604983660987739,2
7379,0.0624655179950234,0.05760721562162158,1
7380,0.1858924689214813,0.18637156876602495,0
7382,0.1200700891565584,0.08643220475696758,2
7383,0.1836640611542121,0.19971098769913043,0
7385,0.1178606730920607,0.1334973658385203,0
7386,0.2658925237826331,0.24998407975651676,0
7388,0.0683279611486326,0.0633654994197178,2
7390,0.0722221524027177,0.06706643060092102,2
7392,0.169821861451072,0.15044934224348672,1
7394,0.1892023147202951,0.22023770939586323,2
7396,0.056935112811111,0.05530492117443388,0
7398,0.4019033470616533,0.4617383547044526,0
7401,0.1034623286593513,0.09454563760438223,2
7402,0.1527192226803272,0.11152354702896577,2
7404,0.0832695872836724,0.09371787922965574,2
7407,0.2022938984033401,0.20638719645360804,2
7408,0.2151983092302,0.20837395951718016,0
7412,0.1290473273468032,0.08860820487791202,1
7414,0.1830292830378126,0.13945915107155019,0
7416,0.3451236605083403,0.42208439055581615,2
7420,0.2310925871712257,0.18087115100775952,0
7423,0.3030146462830215,0.42655862852011256,0
7424,0.2251876251900733,0.18115603430236724,0
7425,0.1231004869903775,0.10095893540460697,0
7427,0.0885731065634144,0.07443619122054237,0
7430,0.3213799315849994,0.28889925692961804,0
7433,0.2031581838368262,0.16671863631018202,0
7434,0.0825390418573596,0.08957105900790449,2
7436,0.1005164276875976,0.0876341781434011,2
7437,0.715243960661004,0.7029977077898732,1
7443,0.3091587457932153,0.25051462849051676,2
7445,0.110408966519408,0.11531386385197176,2
7446,0.0948761053945446,0.07546660277181189,2
7448,0.5820372059775966,0.6216534340797374,1
7451,0.0828350890194541,0.06993510930044662,0
7454,0.2907709182453034,0.2527573878276025,0
7457,0.0587067736204527,0.04689438303437012,2
7462,0.1408197660012057,0.13046178782925416,0
7463,0.1210725145762774,0.13136342504455792,2
7464,0.1069768309699475,0.11215394170663465,2
7467,0.047270493180277,0.04043525720698885,1
7468,0.0452011898745704,0.029858061580858502,2
7470,0.0735468838803818,0.053551230914896754,1
7471,0.1016964117361422,0.13822082435972613,2
7472,0.0718268535599614,0.09162209727332864,1
7474,0.3254189621218512,0.2791818213981736,0
7475,0.7175597553225203,0.5985931628196797,0
7477,0.1726120629859816,0.2157076183713756,2
7478,0.1031973486235526,0.10620191233995302,2
7481,0.7361929734580959,0.7606758095228254,0
7482,0.2189945968503678,0.20987691062366076,0
7484,0.0616286457825584,0.08853616577925458,0
7488,0.1203371875963037,0.10136593384780335,0
7492,0.1720526977294634,0.22165966715249485,2
7493,0.1681441665159076,0.1387082505603438,0
7494,0.0286577802677702,0.040792469884272875,0
7496,0.1460385571465404,0.1542994284299001,2
7497,0.0727048539350103,0.057766679113166325,2
7498,0.1106543880189356,0.09328438253065713,0
7500,0.6528895941147222,0.7317869740046108,2
7501,0.180250147543301,0.14329927906520673,1
7504,0.7079695862792573,0.6914010965652321,0
7506,0.3352468774157582,0.33395165849532393,0
7507,0.3102754648788753,0.35972842799349536,0
7510,0.0684505151070419,0.08708894655133503,1
7512,0.1718576198248266,0.11481076442492773,0
7513,0.058535102276182,0.049828488809364795,2
7514,0.0525392378351561,0.04675040598231192,0
7517,0.4112133914035337,0.4218135395559203,0
7518,0.2072188628465594,0.11772991648358838,2
7520,0.2276039894089119,0.18135417556252104,2
7522,0.3317812944109,0.323844514484497,2
7523,0.1019796811580233,0.10299039183999908,1
7524,0.0607061182799948,0.04611369249577852,0
7526,0.1709743271563624,0.15748190820569133,1
7528,0.5316635761883431,0.6167333486618468,0
7529,0.2961684838372403,0.3456605934702961,1
7530,0.1310927557086371,0.12379918904316937,2
7534,0.1312893732266642,0.09975625094584306,2
7536,0.8200087453345358,0.8462092036173594,0
7538,0.2136728992233953,0.21064400142159898,2
7540,0.1088808854813927,0.12282270148154617,1
7541,0.0806550336855307,0.04645523827689335,2
7543,0.2234629554526363,0.1887069507780345,0
7544,0.049115700225671,0.047971084641415196,1
7545,0.1170532635636405,0.1093812212403743,0
7547,0.365423295913416,0.3629098458935468,0
7548,0.1015036463433959,0.0879658071381697,2
7549,0.7114528986303833,0.7210180370541652,2
7551,0.1351652961590464,0.16023672790306587,0
7552,0.1060007094608614,0.07868812989873158,1
7554,0.2446990263655677,0.21988348406191602,2
7557,0.1797634911840164,0.16046229152914582,2
7562,0.1470793652417237,0.17713132029647732,2
7564,0.0691729020610212,0.05518808002202157,1
7565,0.1593008837560654,0.15775086087408002,1
7566,0.0574760497250767,0.07059759564060025,2
7568,0.0582508421969407,0.03679467327546665,1
7569,0.8379061096799078,0.7855466632937371,2
7570,0.1236655720348619,0.10616407423664069,2
7571,0.1766230546715101,0.14091678520962075,1
7573,0.4515416636578611,0.4915224925370452,1
7574,0.1475494084810367,0.16522233319894886,2
7575,0.2457638091138372,0.22916571260525095,0
7576,0.0712239760451987,0.0652678999192242,1
7578,0.0498660528380344,0.0402245169335124,1
7580,0.507278753583245,0.5461143029703109,1
7584,0.1213328085035534,0.09441876501789825,2
7585,0.3958907879655808,0.3840344011265405,2
7587,0.1371852149511903,0.11309438483761232,2
7589,0.2097481789871055,0.20936432531532934,0
7591,0.1363644701859903,0.08648218018510258,0
7592,0.8501899532532197,0.8431971651157428,0
7594,0.3138172374985558,0.26617284843841665,0
7596,0.2887532131812633,0.32631718064440385,0
7597,0.0440160667956213,0.03521509473257475,1
7598,0.1674385882135684,0.18416398575852883,2
7599,0.4932904973960755,0.5402613768309419,0
7601,0.3448986418269373,0.25901979768237515,1
7603,0.2373107074188147,0.28057480851132055,2
7606,0.1683872642319208,0.15189671526446819,0
7609,0.3366606525721878,0.32724222165089056,1
7610,0.1957118284173756,0.195670819946728,1
7615,0.1022754130594464,0.11368296518356158,0
7616,0.1703830673676543,0.16710788095145362,2
7622,0.154166486600364,0.138070473854733,1
7623,0.0982213386637755,0.10856268686918756,0
7625,0.2723505185554343,0.22033858699800365,2
7626,0.1831952949646848,0.12490808632020833,0
7628,0.1927144272541409,0.15375267294930997,0
7629,0.5744735874685688,0.539463902596715,1
7636,0.2056422925732109,0.22626053666746204,1
7637,0.1107983378701814,0.1088740543731481,0
7638,0.1319290104056806,0.19507009791561802,2
7640,0.217788806146112,0.19110373359156302,1
7641,0.1397833976732805,0.14698798840430616,2
7643,0.1327735343939464,0.08551954039010591,2
7644,0.2043789259693207,0.23784028985300618,1
7645,0.1277583931185905,0.15672109162402084,2
7646,0.1299947866709721,0.09636486215414322,1
7649,0.1131682416603187,0.07895150212889943,0
7650,0.0835920653702812,0.05463681257790228,0
7651,0.1411640287095839,0.097475223083913,1
7654,0.1788792431872667,0.15616659883269696,0
7655,0.1524890452237229,0.11752928143171887,2
7656,0.1158277712586198,0.107878592650259,1
7657,0.2797340814238405,0.28295120938627105,1
7659,0.5028090685890969,0.4472682070791275,2
7661,0.6309059932707209,0.6567479898058379,0
7662,0.1311047657761561,0.12245467080700767,2
7663,0.8737684833280789,0.8756561955099236,0
7664,0.0811338430480287,0.05065898039489285,0
7668,0.2545066674136926,0.2650488883037262,0
7669,0.131602279571048,0.11270827829832673,1
7673,0.2001869108574566,0.26043147392062693,2
7676,0.1034147567961208,0.08770288016980715,1
7678,0.2292070035223853,0.19071478057176183,2
7679,0.0952186666605354,0.0773293222426428,1
7680,0.7712147163546773,0.7697506662773859,0
7681,0.0952389704096656,0.10275379032861362,0
7683,0.070545539220997,0.0700508415380871,1
7684,0.4389370482460293,0.5135910971392635,2
7685,0.2043230588057528,0.21190591810604215,0
7686,0.2586625035132496,0.18230092174370607,1
7689,0.1499504245354783,0.19977123093066274,0
7690,0.0840279169714197,0.0933680955021991,0
7692,0.0994795330936257,0.12903523019561494,1
7693,0.7847508372219191,0.6723087432364558,1
7694,0.2747259350131129,0.24161545951790903,1
7695,0.1366914114355479,0.14668955333626335,1
7697,0.1448463552897768,0.13800466819131452,0
7698,0.0616434425168854,0.03922346690317825,1
7700,0.1526056888881868,0.14724918132637632,1
7703,0.1219792955321486,0.12172368560058303,2
7704,0.0842415980631631,0.08450116848858087,1
7705,0.2893551070498478,0.3097204563881444,0
7706,0.6066193444834325,0.6236862360426713,0
7707,0.1354224891394849,0.12532315004914996,1
7711,0.0821938036654885,0.08660246368803075,1
7713,0.1339003872940036,0.14977263919542266,2
7714,0.0487405297298175,0.0360358984650767,0
7715,0.2139818733239443,0.2699000744991071,2
7716,0.1659851829071761,0.1504531880319846,1
7717,0.1471938037525194,0.1515398006337653,2
7718,0.1443375455272603,0.1233681942617394,2
7719,0.1599566067600206,0.16934238661574155,2
7720,0.058610107458234,0.046316637233164024,1
7723,0.206907935162733,0.2013751328145841,0
7725,0.2663195413137855,0.27156954819232204,2
7726,0.33062770648019,0.3428750594912003,1
7727,0.3630410246147337,0.40030236160101884,2
7728,0.2213814985066285,0.2288114030398185,1
7729,0.0422165521007014,0.034247763139182825,0
7731,0.0982481571798943,0.038808843490824925,0
7732,0.0247083709020799,0.029350654675681646,0
7733,0.5282587959039444,0.5922076712086771,2
7734,0.1381402070422271,0.11089223110344362,1
7735,0.8876404721899179,0.8653546716844878,0
7737,0.3113758185023738,0.36095402722339615,1
7741,0.0973066028963656,0.07888859436343328,0
7742,0.1179589723521171,0.15624069131145812,0
7744,0.8157787982959732,0.8072054172792595,0
7745,0.1452126709202972,0.12633427322236607,1
7747,0.2948239214765787,0.3118599199539458,1
7749,0.0469879503393224,0.04622070730254607,0
7751,0.1526481375573727,0.1408547349298708,1
7754,0.1017311381403369,0.11149989132651718,1
7755,0.1841474579456935,0.14916783449523097,1
7756,0.5470455748995504,0.4694716661487708,1
7758,0.1148088165827144,0.12246613688413815,1
7760,0.4644489586577856,0.4961146106591527,1
7761,0.3043017531991853,0.3952400457524319,2
7763,0.1371084084154676,0.12676112789115032,2
7764,0.1233071789378447,0.11318528960636887,1
7766,0.0474135141001168,0.045019912197744774,0
7768,0.2483799369143669,0.28069133188101014,0
7769,0.480809386336208,0.46890087334736114,0
7770,0.1412204543603557,0.13765003442517315,0
7771,0.0960327392630626,0.06983843406345187,0
7772,0.0657707012048674,0.05556228621054597,1
7774,0.2446458780840443,0.2053953616938266,2
7776,0.4922548367080506,0.46669829842579347,1
7777,0.4006514988358797,0.44945331909220015,0
7778,0.0595437384887079,0.050110186730258424,0
7779,0.0853664465265888,0.05238782866769455,2
7782,0.1372842728646857,0.11748760622775595,1
7784,0.223407523426392,0.2607355830245516,0
7785,0.3218975688051397,0.28671769968051025,1
7789,0.8459635980060525,0.8747242497530386,0
7790,0.0671347213289619,0.052891402986327246,0
7794,0.0923202849436255,0.10788229207550909,1
7795,0.08436015669271,0.06937177519816734,2
7796,0.1069958431094062,0.13029560854195965,2
7797,0.1640783610380344,0.18849298775599235,1
7800,0.2189403280059887,0.13491047987853294,1
7801,0.0588831115827853,0.07303066603528613,1
7802,0.1341811826729186,0.1113271217342558,2
7803,0.769528860721848,0.7659839978606582,2
7805,0.1108750883559819,0.12088393266472269,2
7806,0.2123707798992666,0.1910982056349096,2
7807,0.097957336722088,0.07144838340715838,2
7810,0.0933239709455405,0.09556678384998955,2
7811,0.8472197722846371,0.8591645246644215,1
7813,0.1252326350287002,0.09312750101534921,2
7814,0.1096249114858701,0.07952276013173562,0
7816,0.0955309872489826,0.10668011414072287,2
7820,0.1445967205575021,0.16313885179694554,2
7823,0.0932472494321747,0.06327199464896292,2
7824,0.1805172897312652,0.1242833748736223,0
7828,0.073688889328624,0.08920736318936297,1
7829,0.111622725490399,0.10733539832608541,0
7831,0.1872076950196491,0.20316048041410062,1
7832,0.0761999321058186,0.09692089525824657,2
7834,0.1567574464222539,0.1237610639267172,1
7835,0.0657959628139032,0.07846582015582886,2
7836,0.2974469035718681,0.39537565790504026,1
7837,0.1670211766734075,0.11170885325870425,1
7843,0.2638925962204556,0.3133344570569011,0
7844,0.087877757214304,0.07624185161042965,0
7845,0.1644214787826145,0.11960217282061719,0
7847,0.4829185346595691,0.5299533332307451,1
7849,0.1534568297517994,0.2143018396589022,2
7853,0.6236757720535016,0.5737208339595326,1
7854,0.0681351332734933,0.05245680693048482,1
7858,0.5483113777731816,0.4638687311433778,2
7859,0.2298435930660012,0.19712162529220553,0
7862,0.046146527444542,0.03658256429541383,0
7865,0.0860261428040104,0.06668043101800147,2
7868,0.1531127539396678,0.1546145923029673,0
7869,0.4044845229453282,0.3583523521860971,2
7872,0.1014279787940674,0.09082255072698134,0
7873,0.0768997588170111,0.07863720017904782,1
7874,0.1593781280991085,0.1492089165646326,1
7875,0.1147109771659608,0.0946787826872457,0
7876,0.0656578839288563,0.08124141275961082,2
7877,0.7822650480383566,0.8196371622360424,0
7878,0.0371927591919665,0.02917728987661688,0
7880,0.1235173946431007,0.11936059676387258,0
7884,0.0949215385446116,0.08519194066976032,0
7885,0.1002467608992137,0.10083461085267259,1
7887,0.0557306493258911,0.06742939972454227,2
7888,0.1663898204027904,0.2173172197266197,0
7890,0.2245007537822253,0.2065457922113334,2
7891,0.0593370963245695,0.0524491171082479,2
7894,0.1520947186569974,0.09998524909714075,2
7897,0.2439626966311999,0.24143249851299814,1
7900,0.0988820967248559,0.10883446057869064,0
7901,0.0998187560432224,0.10774270341482373,1
7905,0.1083589852213028,0.10708784433743616,2
7907,0.1150280379439113,0.09183066872500208,2
7910,0.16515748372861,0.16329515320263338,0
7914,0.1063287388967096,0.09203455900095905,2
7915,0.0275943380717905,0.03366856476395143,0
7916,0.0245196093682559,0.049112702394129876,1
7918,0.1171325391062552,0.13674939551043797,2
7919,0.0844972362977153,0.09365270960465077,1
7923,0.3240283895851947,0.33406643695422256,1
7924,0.2162086188169244,0.23325579962231308,1
7925,0.0936969610046911,0.09805282834747844,2
7926,0.8389983888031373,0.8449120139326489,1
7927,0.1749857840458846,0.1702864938158872,1
7929,0.1292052115481576,0.1185723495131788,0
7933,0.5330167035690211,0.6033314957258484,1
7935,0.2939052121111055,0.25226567577480047,2
7936,0.15692915801973,0.1640081221453049,0
7937,0.1178256756313682,0.10749642712523262,2
7938,0.0987675314871407,0.10211373327195009,1
7940,0.2554914206871999,0.21820385349033708,1
7942,0.1532092813651212,0.1399999702217351,0
7943,0.0541631080521264,0.05561728278089105,1
7945,0.7559796570035312,0.7240987007770092,1
7946,0.2864271401753748,0.3380644728853317,0
7947,0.437872659715897,0.4181375302833682,1
7948,0.3314793037173869,0.4264620891965677,0
7951,0.1391185903408197,0.1619698231044083,2
7952,0.1413803370103158,0.1333516183649918,2
7953,0.0962885341230157,0.0748989080624685,0
7954,0.1594875140373459,0.22050453839879963,0
7955,0.1170922243545778,0.08592462693874439,2
7956,0.4917919667606704,0.7032912505440745,2
7958,0.1839390924719177,0.21108443765870233,2
7960,0.6118978138779351,0.596890678270865,2
7961,0.1213178131913507,0.09796553495454549,2
7962,0.7860277809564226,0.6880728962046394,2
7963,0.1169488041586586,0.1030402626887709,2
7964,0.1896764046631423,0.1851076840040609,1
7965,0.208371594930177,0.11526590251931335,2
7966,0.0549772168994176,0.05298110043245376,0
7968,0.1285109453627803,0.11938534670210665,1
7969,0.5906810136844864,0.677676554051947,0
7970,0.1147210120340625,0.11468321835713802,0
7971,0.1228069958906073,0.09272859417646326,2
7973,0.0516250080661584,0.05036022386650407,0
7975,0.1388370666940976,0.13185468264148426,1
7981,0.0669749613604089,0.08557667770294367,0
7982,0.1785129547211678,0.16354609856914246,1
7983,0.3946054833601951,0.35538578183728564,1
7984,0.0824654404328437,0.07028802959714385,2
7988,0.8024033417346373,0.8264278392491512,1
7989,0.2333313928245801,0.23632225763246748,0
7995,0.2092792491589933,0.21511423915631078,2
7996,0.0816341754117384,0.0879140617791182,1
7999,0.0631701774674924,0.06644201286128232,1
8001,0.1567364736712082,0.18367368278692534,2
8002,0.0796391612435876,0.07309219654802884,0
8003,0.022296137869747,0.0221008743042344,1
8004,0.2323815185340644,0.25279482449872603,2
8005,0.0949464717987917,0.06086900711147952,2
8007,0.1248403981591479,0.10606397257439476,0
8010,0.2155819640845288,0.2439333903309563,0
8012,0.0550362291865665,0.0308562131486945,0
8015,0.2962082867376587,0.2586275234454417,2
8017,0.731540387381948,0.7682647420654617,2
8018,0.1170223745093352,0.2515347815729362,2
8020,0.463542452712792,0.2445471485674139,1
8022,0.7286898398726704,0.7459146111517265,1
8025,0.246368738422303,0.2966879576602927,2
8026,0.2516620394744895,0.31137714795486776,0
8027,0.1658368454754904,0.2610396699975731,2
8030,0.0624190684335395,0.05345225562923955,0
8031,0.1295708904249037,0.10629779301344343,1
8032,0.1426987321496813,0.17568887786879153,0
8033,0.3844834049211218,0.4660928788956411,2
8034,0.1092586938949782,0.10205844533905636,1
8038,0.084768943417525,0.0963581384920354,0
8041,0.1250340508271949,0.11411539334210039,0
8043,0.6996039741806768,0.7247862947640813,0
8045,0.1244483109327708,0.08784266430916401,0
8046,0.2578888078578041,0.2376297290602473,0
8049,0.8262672454001014,0.8118601975404789,2
8052,0.6015247861460131,0.5637847896006358,1
8053,0.1942769691932854,0.11020562614295547,1
8055,0.0823990717575431,0.08066595734692485,1
8056,0.1455323183223551,0.1127547613097465,0
8057,0.1007674381924991,0.1601827944632297,0
8059,0.0979704334351367,0.0837110770820004,2
8060,0.0868087678017905,0.09733622089451709,2
8061,0.1541483258951072,0.1580623969333567,2
8062,0.1672414813360338,0.1589986490908879,0
8063,0.211321388732558,0.22702042690133165,1
8064,0.3003231992629745,0.43650135107278,2
8066,0.1408520455942767,0.10811984747401555,2
8068,0.243176423739634,0.27065352831065154,1
8069,0.0864639361737348,0.07547509160816085,0
8070,0.141431514630961,0.10670218189340952,2
8072,0.1579436192379106,0.15089994048770855,2
8074,0.2577568005597366,0.29369789621822023,0
8076,0.3084432499959888,0.4316513558655455,0
8078,0.0415020529184173,0.0279009020000797,2
8081,0.0517183916147254,0.05567004352779737,2
8082,0.1632367428035251,0.14289134442431858,2
8083,0.6432434927988103,0.6218177739536427,0
8085,0.6009816222478289,0.5605938270732856,2
8088,0.0751136216132813,0.059444833887317625,2
8089,0.136693196903464,0.12488723294313658,0
8090,0.8447650298547502,0.8448339354618142,0
8091,0.7365349404476907,0.7420531798617189,0
8092,0.3874878952423324,0.40455251737676823,2
8093,0.0511505434788207,0.0435736663588197,1
8095,0.1153830707020403,0.14129173369795717,1
8096,0.067022613108746,0.09773530703052626,1
8098,0.0728805368559238,0.05629064285912945,1
8099,0.2557882611531116,0.2325466908882861,2
8100,0.1457541168432491,0.1209425946445204,1
8101,0.0949572934584398,0.07267746200022952,2
8105,0.7733535316130046,0.8511653667034145,1
8106,0.3409184690223301,0.3406093003279196,1
8108,0.1534748663374443,0.13999887328060745,2
8116,0.1106340686951204,0.10860644948949352,0
8119,0.2207069423049385,0.2034264668107142,0
8121,0.1085807914166861,0.11987018725600025,2
8124,0.0367561667147251,0.03566254682872967,1
8125,0.8021314148333714,0.857228415662359,1
8127,0.0670921474654759,0.055188357276612005,0
8131,0.1419975901422448,0.16299955278996103,2
8132,0.0502528048440406,0.04160293451265035,0
8133,0.2705694427576833,0.2106136039536063,0
8134,0.1173883056414964,0.11840571224492713,1
8136,0.2310648568884157,0.21669230394000188,1
8139,0.4577229892438933,0.6385414039044081,0
8140,0.3939646750896742,0.3870523514154754,0
8142,0.1721508130921195,0.14059124389157115,2
8143,0.2946248761725817,0.381726039369091,1
8144,0.2590401555408624,0.3415349178223618,2
8146,0.1899637960788324,0.11375370779823672,2
8149,0.3584529505676711,0.48603107944400725,0
8153,0.0879389058351872,0.08546972611320056,0
8156,0.0553362911772871,0.03577741903158583,0
8157,0.5530032292866861,0.5316974644713615,1
8161,0.2585840272590574,0.27068380249466645,1
8162,0.3520090576142637,0.4508594177668208,2
8166,0.2038804111413742,0.19162025982021627,0
8169,0.1196611741485921,0.09588888550168656,0
8172,0.2591609501192049,0.1931648276834448,0
8174,0.2444643105879326,0.1893505818945904,2
8176,0.1036634393995803,0.09832623922173214,0
8177,0.084207848596031,0.08586186166703723,1
8178,0.7446640569455697,0.7400509355920768,1
8179,0.76378570727266,0.6740945105592353,2
8180,0.0632308685683513,0.06633736777123782,1
8184,0.197797836551582,0.2172064637033031,1
8186,0.2656404030573708,0.2794200117604453,0
8188,0.1142087672173097,0.13867362373556008,0
8189,0.3295760507150586,0.28349000925292245,2
8194,0.0808592102469669,0.13489631009282943,2
8196,0.3637518345801402,0.41749860891505663,2
8199,0.2676785833541202,0.30626736410585503,1
8200,0.0625342189165965,0.08082325022465588,2
8202,0.0643823139483918,0.05844270758894893,0
8206,0.060029662462368,0.05565124096605878,2
8207,0.1121287561119029,0.10377996277781959,2
8208,0.141380207548413,0.1131555405579934,0
8210,0.2072938908308881,0.1803586788394415,1
8211,0.0627062020860495,0.06312535764937667,2
8212,0.0426663540916721,0.031516982254163925,1
8214,0.1165016654374931,0.1437460333669142,1
8215,0.2342785800225697,0.27792487693490564,1
8217,0.3994338367486718,0.4553403269148319,1
8218,0.2577018938724362,0.23006407032646947,1
8219,0.1623544994373314,0.1498167621632142,0
8220,0.2531944858038389,0.23462067511567997,0
8222,0.8795359861689782,0.7594305481327529,0
8223,0.1320396431484117,0.14971772196010857,1
8226,0.5065237953146562,0.5618292133456049,0
8228,0.1646435076245997,0.17122222437693185,2
8229,0.0789817103513543,0.1265692222102267,0
8234,0.0995358998410167,0.10890027071375935,2
8235,0.138883456809988,0.1577561567432187,0
8237,0.0675787283209724,0.07971660483907403,2
8243,0.4497178825940384,0.4612880216423514,0
8247,0.1725056721684105,0.1774802110497351,2
8249,0.2747140087146471,0.3256797936537246,0
8252,0.1990606327329461,0.2838088101836277,2
8253,0.0451637262006255,0.0400999277397113,1
8255,0.1565440270646588,0.24687362053552775,1
8256,0.1609315848851887,0.12384323608563642,0
8257,0.2373867288404268,0.2898614014789345,0
8259,0.0540632666598065,0.0405890536389699,1
8260,0.1540209586759027,0.17241273568614074,0
8263,0.1677094654812528,0.18739495776479811,1
8265,0.0829979834560236,0.10817694866395294,2
8266,0.1224918385184397,0.20263462636794863,1
8267,0.0248486108178361,0.021716045999115474,0
8268,0.1651869530390744,0.2552584551037508,0
8269,0.1458920114122421,0.16213894193015024,1
8271,0.0387566190751585,0.047673323267588476,0
8272,0.0880196958854161,0.07304722714009182,2
8273,0.1362219082011195,0.10556723218188473,2
8274,0.1389179548215468,0.13382659934267352,0
8275,0.3434867033761773,0.34953175866976494,0
8276,0.507644298500111,0.4655560303763363,1
8277,0.2794699413116887,0.30748259706764525,2
8281,0.3099263130998861,0.2721934089552396,1
8282,0.209701084093405,0.20123695032368671,0
8284,0.1323312678733207,0.13779544170424132,0
8285,0.1977346842220514,0.2774797495121567,1
8286,0.3327239959566823,0.25829735394948167,0
8288,0.1683005834367967,0.15123817249374535,2
8289,0.092132982061648,0.07473084686650237,0
8290,0.1484741570140423,0.1300497081243041,1
8291,0.0673843751894531,0.07530215853994693,1
8292,0.1288137824796174,0.12818631927853047,2
8293,0.1688958381220515,0.16394201254691187,0
8295,0.1470937419636005,0.15583162463478847,0
8296,0.7848416159404953,0.7591230739465209,1
8299,0.293984528681548,0.3568665807981437,1
8301,0.0726185479411002,0.07664850337699322,1
8305,0.0852306328843244,0.10156752635565518,2
8306,0.2797909055834116,0.36555152155915716,2
8307,0.122768892753581,0.10773413383317186,1
8308,0.0995795573495877,0.10004962125876393,1
8309,0.2617076607369188,0.2804490755560458,2
8314,0.0767142630919674,0.05386168710887872,2
8317,0.0695350778316575,0.07017858855978566,1
8319,0.1305019795979306,0.13683649633323894,0
8320,0.1267334236296758,0.09009694696916455,2
8322,0.1409941863896507,0.13572666439692205,1
8323,0.062237562745992,0.10464379628382728,2
8324,0.7991601099374288,0.6556145220895349,0
8325,0.0760139437531591,0.0366041517659101,0
8326,0.079654824872809,0.06895519268503743,2
8328,0.0895145631021066,0.07593400502891655,1
8329,0.0949142102681484,0.07922661052596938,1
8331,0.0721586856778118,0.09341418279912066,0
8333,0.1416015761889554,0.12019262628312903,0
8339,0.0321438094027985,0.0419743768680693,0
8340,0.2151697557612494,0.2392053288755846,0
8341,0.7156461045634567,0.7275306052310627,1
8343,0.1452973083317995,0.1024570976209459,2
8344,0.1458190020479465,0.19538141307793178,1
8345,0.0528514346257701,0.044803910444396876,2
8347,0.0420747285415484,0.056588714965835424,1
8348,0.0588825888886367,0.0740366737570775,0
8349,0.2175480684961009,0.18718877458832017,2
8350,0.2093191672570219,0.2631004371550123,1
8351,0.2478653987733025,0.2841947714408777,0
8352,0.1882398220839819,0.10928827727490542,0
8353,0.0925610070598158,0.09227158165195151,1
8356,0.068086791472682,0.07222204435427362,2
8357,0.2136099501638737,0.20931142495722174,1
8358,0.0797322466409413,0.09133803866531515,0
8359,0.0969340525809731,0.07553210844906659,1
8363,0.1759026233614538,0.16202332412662926,1
8364,0.0871911725824754,0.08492530484533725,0
8365,0.14680979965525,0.15175670408951333,2
8367,0.1693817487346788,0.12673206240887086,1
8370,0.0543961412586358,0.054392005174867405,2
8371,0.7666581301335279,0.7768586708013481,1
8373,0.0545648459528839,0.039799927136564675,2
8375,0.1029718819580163,0.11630952652942786,0
8376,0.1857938860851491,0.18445347732454193,1
8379,0.1493326440857401,0.12926448682859762,1
8380,0.1033926707215599,0.09833664017388105,1
8382,0.2848059892005629,0.2949097036019669,2
8384,0.1777594486943469,0.15931370167680675,1
8386,0.24277835320799,0.22106785538842677,1
8387,0.095039297100723,0.06479691284792691,2
8388,0.1214078675955078,0.12895863642475167,0
8389,0.2862462036796303,0.2833838367270516,0
8390,0.6405375806482827,0.5983538188131438,1
8392,0.0385297009605672,0.04434923633804597,2
8393,0.1777303789870078,0.22127163988996304,0
8395,0.1450279874484259,0.12795919174095977,1
8396,0.0306204276187037,0.025370346640182624,0
8399,0.3829251977499676,0.40559541791875015,2
8402,0.3244504648362216,0.3084718742641316,1
8403,0.1432949162555078,0.17591062801609592,2
8406,0.2725159352081883,0.2777686014994551,1
8407,0.0972750062152427,0.09732601901176476,1
8408,0.7553179080787306,0.7956544359601896,0
8409,0.1535168080992365,0.12461573877640489,2
8410,0.1330669997919824,0.13716709419419404,0
8411,0.0876672285810523,0.07497441657053323,1
8414,0.2318069438806117,0.2382258184895796,0
8417,0.1871743544378016,0.21209698800144205,1
8418,0.1056817890041299,0.08238954441676298,0
8420,0.2082089663260505,0.16057450086367364,1
8421,0.1463860719888514,0.09961437328892617,0
8422,0.1901744144150983,0.15431683600807264,1
8423,0.0552344932191528,0.06563600696597117,2
8425,0.1116240803582567,0.08183043190575005,1
8426,0.5799909595292481,0.5250216859101355,1
8429,0.4247601369778429,0.5092010485492369,1
8430,0.077198344124627,0.07446589944911262,1
8431,0.7653105527759682,0.8437252414896715,1
8437,0.0623538629805597,0.0525585385373364,1
8438,0.3464948500190431,0.38013936576592733,2
8440,0.1776648005398829,0.2475701337934147,1
8441,0.2002664152936999,0.15823346805239785,1
8442,0.1487526651267071,0.2195875334567709,0
8445,0.0964649476756898,0.0791393231179235,1
8447,0.3485923555147439,0.28859606948685707,2
8449,0.0513324911009318,0.049236207073095346,1
8451,0.0156527295016793,0.023526458904837975,2
8453,0.3210567543084187,0.5084691878182598,0
8454,0.1039517224865909,0.1018634006043032,0
8456,0.7281283897679502,0.7039613618450714,2
8457,0.0455730676130953,0.03904598831633653,2
8458,0.1297060074530127,0.1426146734997335,1
8459,0.1699741418097107,0.19134784201714206,2
8460,0.1636055344693077,0.18262613755205662,1
8462,0.1687074941178422,0.15784459160371722,1
8471,0.8379946059048594,0.7895666012531625,1
8472,0.7641381557903774,0.6753761758388741,2
8473,0.1231342072900057,0.10946952568323047,1
8480,0.2520332575690391,0.22842961865971065,2
8481,0.1600217788366152,0.13872426270844315,1
8482,0.0985120384493544,0.1142805790757614,2
8483,0.0984068162924316,0.08715853323472905,2
8489,0.0667754505983205,0.05502943278382025,1
8493,0.599139417928199,0.6240942339074272,1
8495,0.7174396596262627,0.6999407166881234,0
8496,0.2481605533814379,0.19246824192763975,2
8497,0.328201691197982,0.3486010691443139,1
8498,0.127394931861243,0.1285353396746795,1
8499,0.2035720570046297,0.1279903404988095,2
8500,0.3230347997264736,0.3118442962345783,2
8504,0.0617016330150389,0.05998301387222263,2
8506,0.326677100817294,0.34939765858668337,0
8507,0.168259908251501,0.18478660118445606,2
8511,0.0895927961763007,0.06335994879834803,1
8515,0.5508219680615307,0.6472287115135485,0
8516,0.0320231981127561,0.029042816092328852,1
8517,0.1101175604206119,0.10835659144097286,2
8523,0.2298675320035013,0.28999908279802844,1
8524,0.7836787022406739,0.7812563405751313,1
8525,0.0395438712941069,0.0415222090723213,0
8526,0.3482349340897169,0.29070207971641804,1
8529,0.0858428381881327,0.06361897856372375,1
8530,0.111684655804735,0.058683258461289196,0
8533,0.3520593870876107,0.25189943367839585,2
8535,0.6078934178979815,0.5623788297046057,2
8537,0.0329569715694754,0.03201405137707588,0
8538,0.7244647765977608,0.7261389068860493,0
8541,0.0881531578330384,0.08493394642306284,0
8543,0.6924376067723101,0.6688971354223738,2
8545,0.2171460714047142,0.1978641174879677,1
8546,0.6120788414842702,0.6584889332747809,2
8547,0.5160233012429333,0.429686842272729,0
8548,0.0660393076837062,0.060106835313607526,2
8551,0.1184332329570982,0.0958753010058156,1
8553,0.2470519627591411,0.19336021123674557,1
8558,0.0324683238521407,0.035402949309567076,1
8559,0.0614788441276831,0.04752389787263678,0
8561,0.3106305082068684,0.3809743648053583,0
8565,0.0953802952199357,0.08110325226133007,1
8567,0.2269036354224239,0.23809087812788243,0
8568,0.1619027046316855,0.13351556194418718,2
8570,0.1015579075238934,0.10081506766540055,0
8571,0.1438975143875669,0.12152646391183253,1
8573,0.1519093906241268,0.1722114614264263,0
8575,0.2768466868309626,0.30773302381891754,0
8576,0.3239336751138203,0.36865905551630146,0
8578,0.7569101113766815,0.7599868894461959,2
8584,0.1614304763886362,0.13103983114101536,2
8585,0.2447978020722411,0.23433295808877025,0
8586,0.1473749750097556,0.13563087840804372,0
8587,0.0742899180079343,0.035705275411257245,2
8589,0.3513118147336617,0.32294107806803574,0
8592,0.7394751890711992,0.6815462371519871,1
8593,0.6793243610971342,0.6259588040400821,1
8594,0.0829348030338851,0.12136929470223529,0
8595,0.2657592759533793,0.29888911077572844,0
8597,0.06199220647465,0.10792059954929724,0
8598,0.0878687648986479,0.1101801742068865,1
8599,0.3303734612193274,0.3777380031199571,1
8600,0.5440745831799426,0.5127600869690059,0
8601,0.2280970895215568,0.2876911327422442,1
8602,0.1485679469130668,0.1524061839070306,2
8605,0.1049523262835363,0.08653387291554285,2
8607,0.1555241301938963,0.1429034020110317,1
8608,0.7795204948601326,0.7370594143211913,1
8609,0.7266213925794903,0.5667090591915581,0
8612,0.3175092830390181,0.37659598739480976,0
8614,0.1440326796552229,0.1479825553738038,0
8615,0.1133643101535017,0.10072802274424245,1
8617,0.1750497881419577,0.16521426285572532,2
8619,0.0628001858371491,0.06422034616456271,2
8621,0.0985806135292379,0.09790221268372658,2
8622,0.1915331942355653,0.2010138852106364,0
8624,0.343671750895403,0.31481080243855347,2
8626,0.0350874813611265,0.03485883030109928,1
8629,0.0417736846530136,0.038893384962977,2
8630,0.0764578537831472,0.05898705661770297,0
8631,0.5486636534753625,0.5184666757319519,1
8632,0.1570600036175236,0.1150304332809257,2
8633,0.5966871467209017,0.6055855037092601,0
8634,0.1213394955743502,0.08891204490782936,1
8636,0.6291058589615874,0.6487895859488149,0
8638,0.1197085921771161,0.12098766761971111,2
8639,0.1062193265271458,0.06881533081077021,2
8640,0.1499987659247871,0.18997726392715863,2
8643,0.0812073612857823,0.09471773298858671,2
8644,0.1611954827457465,0.1482344157892964,0
8647,0.0567555585963496,0.045373735508594124,1
8648,0.1183458165094154,0.08200470634019727,0
8649,0.0870405606115002,0.07478228729316058,0
8652,0.2174946269792298,0.19433873011024494,2
8653,0.1019622246657091,0.1174638512951549,2
8655,0.7988876923994214,0.846678182864223,0
8658,0.0875961886446976,0.0716080639807691,1
8660,0.3266683849097187,0.359387584624492,1
8661,0.1022717652505025,0.07113197058823975,0
8662,0.1877754258423423,0.21258252145543097,0
8663,0.0258461654437582,0.03764286483981823,2
8664,0.1819591417374318,0.16747472767309202,2
8665,0.0510166992442404,0.05456950659999647,2
8666,0.0989211245279147,0.11321071178146859,2
8667,0.1675226286618646,0.13753330027912078,1
8668,0.2082840305220434,0.26038679019782945,0
8669,0.0744908646392415,0.06741686997381699,2
8671,0.0263613978840409,0.0346797020160752,2
8673,0.1149163078927273,0.13296920801904452,1
8674,0.1198074269275785,0.14403031428829297,1
8675,0.1734628783842817,0.223426930354047,0
8676,0.042184952437226,0.0287974623989737,2
8679,0.0932748737501459,0.04497026480512288,2
8680,0.142448240002594,0.16506609414220957,2
8681,0.1132068402068712,0.12544455162601884,2
8683,0.6362069565747958,0.7032714349206873,2
8686,0.0957214417852206,0.0795366050464581,0
8687,0.2275679370727456,0.32410409741963875,0
8688,0.1135062632936375,0.1280896265434933,0
8691,0.1061299454120417,0.09149255094933972,0
8694,0.318516082542835,0.3587973959318255,1
8695,0.0682932197969187,0.09661785487465532,1
8697,0.760653876062741,0.7309007063571309,1
8700,0.3492005273451457,0.48804268788940397,0
8701,0.0435035936797248,0.037842548594128174,2
8703,0.0704611195841826,0.06192539001270787,0
8704,0.0280754378790181,0.022500116876628,1
8705,0.1365760623618582,0.20400970329198434,1
8708,0.5829713704763771,0.5939271659784748,0
8711,0.2182277402312704,0.1877725255032583,0
8712,0.1488655110213491,0.1689614404324035,0
8715,0.1911830181150071,0.14564336635611466,1
8716,0.0489333127231915,0.044635576488857374,2
8717,0.6206378076264463,0.555576305635231,1
8720,0.0952678088352305,0.08690080464537313,2
8721,0.3048915442232279,0.30531537284227106,2
8722,0.0430696097598128,0.032358557156218624,1
8725,0.1280158198132735,0.11445461982431862,1
8727,0.1472315452311451,0.13788176737685423,1
8729,0.1639278998445908,0.14755893626225627,2
8730,0.2474929962919508,0.19495915179619405,0
8734,0.0638305310595551,0.04279741711264608,0
8735,0.1758872945777974,0.1864001701746447,0
8736,0.3851885059269325,0.33029846737505886,2
8737,0.0963505199346473,0.0649804336075349,0
8743,0.0519300260741823,0.049332248658808926,1
8746,0.115979853291331,0.12464849926946515,2
8748,0.1092175714843656,0.14293751353860548,2
8750,0.2299727376109948,0.22317983829732507,1
8753,0.1413844919683814,0.12093826786355835,2
8755,0.1609255470753851,0.1364352819457138,1
8756,0.3717938105744957,0.38573279416339273,0
8760,0.1190918546045734,0.10534355917204055,0
8761,0.1038832240099383,0.07592560859844666,0
8762,0.3872183529620727,0.2918414935455933,2
8763,0.0640641346260329,0.046742849146327495,1
8766,0.2294737533011013,0.23878452626285365,1
8768,0.1971118719587141,0.31152233335225277,0
8769,0.6506552224571415,0.6720951060445183,0
8771,0.1068607339739799,0.16002525027717124,2
8774,0.1193619764125921,0.11110406053585117,2
8776,0.0176560486438274,0.01346029335008565,2
8778,0.0662798498878205,0.0630527385190076,0
8781,0.612736420292517,0.702607524752458,2
8787,0.0676665508054791,0.07665114885886225,0
8788,0.0440642333162627,0.0441669286309465,2
8790,0.0312351436060719,0.0531582745490482,0
8791,0.134572532143981,0.13249764084507126,1
8793,0.2225295624978983,0.24335582625283886,0
8795,0.2872528070251176,0.25648979565338503,1
8796,0.1443897028617578,0.17123765023391868,0
8799,0.1050701961851285,0.09500433323620804,1
8800,0.0826010149638604,0.08657007751192648,1
8801,0.2053873840668229,0.17834638825526591,0
8804,0.3983595696285043,0.518135957992499,0
8806,0.205636726056447,0.21758211507102418,2
8808,0.1296954837272425,0.15007819446444637,1
8811,0.2648250999580811,0.19642992802739215,0
8816,0.214280716544608,0.2883780971486005,2
8818,0.145203650906725,0.20686314711092615,0
8819,0.0371969534916825,0.0473359830586662,0
8820,0.1171312701228574,0.11509941298893141,0
8822,0.7545809862356102,0.7925949612671006,1
8823,0.1102945484532261,0.09467966297040396,0
8825,0.2590675094673105,0.2982773969688616,0
8826,0.163484592476084,0.1579585877347272,0
8828,0.0874888385750632,0.10430569071272666,1
8829,0.1670028563869555,0.1857760861216227,1
8832,0.4441191667448679,0.3968470508069487,0
8834,0.5803729420534794,0.5313682297768474,2
8837,0.0183980875277596,0.033916327804105376,2
8838,0.0346298847287643,0.05995679244656055,1
8840,0.2024892112134667,0.1456469438178846,2
8841,0.238532637750783,0.1583798078169354,2
8845,0.3415469963497285,0.33203245354034927,0
8850,0.0705546935124012,0.05583969235102932,2
8853,0.0855804644707936,0.22486347566623427,2
8854,0.16711814218982,0.12831826935592533,0
8855,0.1997907473119633,0.14519300698831747,0
8856,0.1226878385656712,0.10457539682959442,0
8858,0.5094492403723415,0.5288040935357459,2
8861,0.1369981855647587,0.12579221526607803,0
8863,0.1407642063738818,0.1452608251800878,1
8865,0.3656056391684227,0.4163679566617687,2
8868,0.7639728827250065,0.7670572517077165,0
8869,0.3825755206005771,0.36883517164724455,0
8870,0.1840054060284448,0.17322286612175336,0
8875,0.0849781763304822,0.06518420637378584,2
8876,0.140551600478114,0.11341519115700362,0
8878,0.6501262110532252,0.5864523857458944,0
8879,0.0725487271900645,0.05999501665066202,0
8882,0.2310206510775052,0.17991986856131092,1
8884,0.649607475616327,0.6002222345084299,1
8886,0.1056533238121604,0.12308894278886127,2
8888,0.1586895547647523,0.15940412607644802,1
8889,0.1042295282792718,0.15062218400156915,0
8891,0.0671679839732112,0.057468696399668576,1
8892,0.2393078664841625,0.25214917906189627,1
8894,0.0847163405482016,0.09060734726248551,2
8898,0.2870411777811129,0.3696071790191,1
8900,0.0520831199761003,0.0482202100155076,2
8901,0.1838991218924636,0.17762504320647585,2
8902,0.1635504866292693,0.17951265460285062,0
8903,0.0933311565104746,0.08655949618320798,0
8904,0.0497304264512621,0.03655272332110612,2
8905,0.1112570988090302,0.08191468189025106,0
8906,0.8100838679454734,0.810446445400467,1
8908,0.1050555712043053,0.1295278419854798,1
8909,0.1945971871155671,0.250650001072139,1
8910,0.1537413403234836,0.11281445998967007,0
8911,0.6348256876188266,0.6172582037978467,0
8913,0.1130014216958919,0.0985778609066834,2
8914,0.2295392445797573,0.26727376882431647,1
8917,0.0897592048012872,0.13067946580097778,2
8921,0.1138635093304957,0.09310854150178055,2
8923,0.0470257772350579,0.038372413697069924,0
8924,0.0636707799326554,0.05724618792964345,1
8925,0.0953180672502077,0.05980139208529267,1
8928,0.0822712061488922,0.08214251921103613,1
8929,0.0610681651635088,0.06362771197843622,1
8930,0.8065446926144715,0.678864453077134,1
8933,0.332393804471549,0.36281581119434925,0
8934,0.0878344196975991,0.06622850614769338,0
8935,0.2981214549419306,0.28142783822429585,1
8937,0.6709587579357047,0.625976250027364,1
8939,0.1263144481176886,0.13372232696682723,0
8942,0.0627401522048559,0.04498506731021952,1
8944,0.0948844525189709,0.08605631270048104,1
8946,0.1527560930102161,0.18415820806768404,1
8948,0.2595223025212388,0.31644115719333776,0
8949,0.1025825993719575,0.07877564936337535,0
8951,0.0216450708878502,0.015133325100641849,2
8952,0.425871628665485,0.4002631137025057,2
8956,0.0829682529438172,0.08543660776886638,0
8958,0.0850100846310739,0.08807518574627544,2
8959,0.0486303973641553,0.03988009008812925,0
8960,0.3588375064803866,0.4078293799961148,0
8961,0.1232276892178712,0.08750936250060078,2
8962,0.0338293997067272,0.0266677602339049,0
8963,0.0351491352729537,0.024219302181886577,1
8964,0.0474851324615974,0.030167406619937498,2
8965,0.118736801996821,0.09832665820140855,0
8966,0.2526189036527406,0.3165607991464864,2
8968,0.0689710470528885,0.0734122986283513,0
8969,0.1474038312453764,0.09288998466513523,2
8970,0.044882297707299,0.04486025409563857,2
8971,0.0722082445387836,0.05893858396014208,0
8977,0.2634398434491353,0.2628272266840983,2
8979,0.0968966629660421,0.11789374966367973,0
8981,0.0570106082512165,0.05685286150713685,0
8983,0.0831065341140013,0.07800048096144452,1
8987,0.1025685193355849,0.17785623136957512,0
8988,0.2199707572975219,0.2893731677313057,0
8990,0.0999168978954828,0.12602952433447587,0
8991,0.0711799977069165,0.05948011084886119,0
8997,0.0914425530314427,0.10509931562333774,2
8999,0.4677037766081352,0.5456664473409598,0
9003,0.2568061603236566,0.3278128720649078,0
9006,0.1778552283550149,0.1432214670923396,0
9007,0.7358437660389365,0.6546352460454206,1
9010,0.3633807802331856,0.4254573158655289,2
9011,0.1938916478946045,0.14043031774143316,2
9013,0.5953026300630012,0.5859423531588435,1
9017,0.7416902170458916,0.7679265552289907,2
9020,0.7856687970227952,0.7761793660585368,1
9021,0.0970449621540449,0.0899949267130924,1
9022,0.0735414203066803,0.0621025948483979,1
9023,0.346573626027419,0.26353709544427534,0
9024,0.3494838340493088,0.3981331826310641,1
9025,0.1059665417890384,0.10805773455681064,1
9028,0.0443928393766315,0.06696900449414675,0
9033,0.1199625973655912,0.09621462011726956,2
9035,0.6634257426145376,0.3651851258232221,2
9036,0.2030715723396867,0.2248035549069479,1
9037,0.1389599890060886,0.13695462018284177,0
9038,0.4015001329523953,0.39996238720648414,2
9039,0.0665995568730778,0.07447289886471581,2
9041,0.4887041312849052,0.41052612653320536,2
9044,0.2620058945964265,0.2577653019451444,1
9047,0.0677973692181121,0.07688136869306668,2
9049,0.2233270675849455,0.2140198151979384,0
9050,0.0599777647231511,0.04229956252592257,2
9051,0.3257650363276793,0.3338829108438561,1
9054,0.3093882105906843,0.2967402467249015,2
9056,0.0341654224877692,0.029416792263291178,0
9057,0.2169318574138367,0.20261690348508576,0
9059,0.1751804984548565,0.12121091312160633,2
9060,0.1095445706224793,0.09203986995206613,0
9061,0.1136284738187614,0.11510452987885045,0
9065,0.085726689915048,0.07723751661135896,2
9067,0.6253962971816398,0.5543169400945989,1
9068,0.1784401183284032,0.14836487889625116,0
9069,0.081085670976105,0.04290680714627485,0
9070,0.1287575471883809,0.12720868270465416,1
9073,0.0906003276102053,0.09173325013859833,2
9074,0.433969542106446,0.3803476937357866,0
9076,0.1693886294966212,0.15429945684366497,1
9078,0.1847369007552045,0.08046389851862057,2
9082,0.1855067339182557,0.23627126464930895,0
9084,0.1380891701716993,0.0972586840311934,0
9085,0.779599275824267,0.7066850387535015,2
9086,0.247090632726848,0.21281950079586667,2
9092,0.1362212163716872,0.13352523591776722,2
9094,0.6734125198405909,0.6452148892633044,1
9095,0.115177831733001,0.15535679688559886,1
9096,0.3592793700040967,0.4038016889157195,0
9098,0.1917671435589014,0.21859778003260966,0
9100,0.1502818652622155,0.19238832878489182,0
9102,0.1164253981598827,0.10957190739639502,2
9104,0.069517612177172,0.06033000287322499,0
9105,0.1235676155792896,0.09344152265769287,1
9106,0.130897371971194,0.10693460414567213,1
9107,0.427969807800776,0.493047632433933,2
9108,0.79327275060266,0.7235420349708711,1
9109,0.1010465566197068,0.09173267702389208,0
9111,0.8083741413146817,0.7886345083995362,0
9112,0.0675787008504398,0.06878428916111426,0
9114,0.0309822086013786,0.0405219143273174,2
9116,0.19837601307946,0.1916162399230811,0
9118,0.0384988425385198,0.029235374144081373,2
9120,0.1889746745946078,0.251705851553667,1
9122,0.1166382747663465,0.10404152521467377,2
9124,0.7443320638488253,0.7634656506681419,1
9125,0.0536089671008683,0.06067821672887032,1
9126,0.1037525598969818,0.1005251486856609,1
9127,0.0690055704678569,0.06772097423245614,0
9128,0.1838467658136441,0.17961941960966665,1
9129,0.1276806521899676,0.15636822095383787,0
9131,0.6680858823253495,0.696499427900179,2
9133,0.0725691370431143,0.08054138745794323,0
9134,0.4274137602393822,0.31431575991027944,1
9139,0.0253938438677823,0.024593687543648726,2
9140,0.2201622327631118,0.23621514936873567,0
9143,0.6010329097346391,0.6126942989767513,1
9148,0.3446119610070791,0.3313546773494257,0
9150,0.1374268026861942,0.16357616862030336,1
9151,0.0965770033452474,0.08592350116177708,1
9152,0.5243217872004766,0.45070023774123347,1
9154,0.1739184126347384,0.19373638324818265,1
9155,0.0344186103738533,0.0396374382084148,2
9157,0.0732059190719676,0.05545101788082797,2
9158,0.0550283614671791,0.06378007990974283,0
9159,0.2169570820127681,0.2663031290820359,1
9160,0.1052334359838955,0.08140587050883728,0
9161,0.08421051650156,0.07008016070649967,0
9164,0.2317158192356445,0.18992564115830718,0
9165,0.7932565873432447,0.7448475915253461,1
9166,0.1121087955434471,0.13602960902286704,0
9167,0.8168236230353038,0.7540963192725799,1
9169,0.1325778005954029,0.12162600510958116,1
9170,0.1050184482179031,0.07614590272348265,1
9172,0.3588769169500427,0.3351351819191936,1
9174,0.1904117730681102,0.19017947470248414,1
9175,0.3509070905077464,0.40850436411025415,2
9177,0.1884266028182855,0.19836292412063314,0
9178,0.0744991834732059,0.0739487021686442,0
9181,0.1907328994500652,0.15504239472936585,0
9182,0.1242881633843874,0.13703227475627755,2
9183,0.1162437889103987,0.09853860023520135,1
9184,0.0895583525652846,0.0703603829138133,0
9187,0.3131110952127005,0.3090591985377811,0
9188,0.7692120029305309,0.7924636428312289,2
9190,0.412846759323152,0.4233778536222411,1
9191,0.6840628384926988,0.6664640141981893,2
9195,0.7946876510934249,0.8261450353741553,1
9197,0.1158486841589452,0.1107131690739661,0
9198,0.707424338786895,0.6899437445383487,0
9199,0.1283782742754151,0.09987071084995146,2
9200,0.0648574238195282,0.04138951157943675,0
9201,0.1941560568403179,0.32706555956207034,0
9203,0.1043597674688779,0.07100837898458665,2
9206,0.1450032231371517,0.15359606611129145,2
9207,0.0509500462435964,0.045509492267467755,2
9208,0.1708600185636785,0.1466310584527687,0
9209,0.2010912476870712,0.1635827394743697,0
9210,0.0896106662496516,0.0877722652158997,2
9211,0.1348845278878873,0.17476421460686686,2
9212,0.0673341073782139,0.0683369618312773,0
9213,0.4983531013016223,0.5414914682819534,0
9214,0.0621415578532577,0.06624764752407973,2
9215,0.6179411979272961,0.668309232173694,0
9217,0.1583487071612317,0.18066206022755527,0
9222,0.3635946515187615,0.3896144484447207,1
9226,0.083299652649019,0.07330058491422345,0
9227,0.2557496764482706,0.2383549540602556,1
9229,0.1875369432879171,0.21530786058684254,2
9233,0.1205747829062267,0.12519349072587968,2
9236,0.1956838025977194,0.2218464758902028,1
9237,0.2269459086208895,0.23903835316989197,2
9239,0.0310783226818239,0.030513871268857927,2
9240,0.1118563860349213,0.15448274539460355,0
9242,0.142269368012395,0.1221415461738691,0
9243,0.0366190775563245,0.034818342200319805,0
9248,0.0402153779972922,0.04785863162743038,0
9251,0.1088251968095329,0.12155695777058917,2
9254,0.0777727206277011,0.076789615055094,2
9258,0.0985888152850532,0.11625670525578685,1
9261,0.1310053001544998,0.138148069137508,0
9262,0.054452627762981,0.04158172622798963,2
9263,0.2147714226496917,0.16897901098969764,0
9264,0.214540217348625,0.283662229965532,1
9267,0.0607646234635834,0.06805217259620958,0
9269,0.1201702095584472,0.07672937249740949,0
9270,0.1012984429644797,0.0700743342009981,2
9271,0.0985583131313727,0.11135537911766753,0
9272,0.7866686077946397,0.7640635935248864,0
9273,0.8363608446893005,0.8057226487846365,1
9276,0.0707200510976811,0.07211169627620716,0
9277,0.0526427877818055,0.05421909316747698,0
9278,0.1684546534252505,0.17107336891286834,0
9279,0.1098042207757093,0.1681457711091225,0
9284,0.7781666256567545,0.6448328433274367,2
9285,0.1620502347567773,0.16872881221724317,1
9286,0.1309097433368578,0.0984590201286796,0
9289,0.1965300566282376,0.16607337546616288,2
9290,0.2955160547703881,0.2505777518407722,0
9291,0.0567978996993236,0.052314601216037177,2
9292,0.0518154650930651,0.06620992928402045,1
9295,0.4436900031251563,0.3932280568073814,1
9296,0.4500073740995436,0.46207254580521984,0
9298,0.1075407696420753,0.125692463299789,1
9299,0.1927359674673639,0.14128734047133024,2
9301,0.1052417066290023,0.08508765688193848,1
9302,0.2964759126759133,0.349409809009446,2
9303,0.1686794467179896,0.16119842720532387,0
9306,0.3309189359352238,0.49714408107110614,0
9310,0.0572063103036811,0.03965101541091222,2
9311,0.0635004666760695,0.0709848838820623,2
9312,0.0182418728746083,0.01697102630177455,0
9313,0.0825882731750746,0.06788302790895681,1
9314,0.3342441099089768,0.39391487533036695,2
9315,0.1316099305598421,0.1129861627866135,1
9316,0.1509746521302954,0.17048040507083032,1
9317,0.1639072530162051,0.13221632592245391,0
9318,0.1670664396432289,0.16931535013813345,1
9319,0.7838812134500667,0.7651769183606972,0
9320,0.0484593558581331,0.0401131943124452,0
9323,0.189960240639193,0.2021037130789462,1
9326,0.2898059709133938,0.19455856678657762,0
9328,0.0499837370192412,0.054280961637010045,0
9329,0.6631609412348755,0.6168729495336918,0
9332,0.0483282393149155,0.034978918532024526,0
9334,0.0270372486258041,0.02468032842234755,1
9335,0.1342153983689053,0.13075185916656248,1
9338,0.1180899155332794,0.11337757319045064,0
9341,0.6917295581960905,0.6774542854575473,0
9343,0.188528509572216,0.1442860838863337,1
9345,0.2972248285694201,0.3230586941375006,2
9346,0.0201210047196031,0.016966911941863824,0
9347,0.2114375457082533,0.19174793930090095,2
9348,0.144649717154071,0.13094661163093654,0
9349,0.1866424121196695,0.1662917870110335,2
9350,0.1024365981670913,0.17140104949710713,0
9351,0.0494470127314601,0.047906960768264346,1
9353,0.2487992024986368,0.14242364645691302,2
9355,0.2318016808999308,0.22713226163247302,1
9356,0.0422612620089409,0.03544694899779515,1
9358,0.1504141780561331,0.14366575212441007,2
9359,0.0529573903285414,0.05555935829250845,2
9360,0.0102064160643421,0.018240701754704727,0
9361,0.0886877565925216,0.09345626779102992,2
9362,0.2455208084026305,0.23401167964505132,2
9363,0.0325998820085972,0.039708006112429924,1
9366,0.1929051775070777,0.17501653970322859,1
9367,0.1276623624096189,0.08600947779001247,1
9368,0.1079872630136812,0.09240656674487024,2
9369,0.0698695269000864,0.06281493808123152,2
9370,0.0561636799070365,0.040688142868573154,2
9372,0.0537609272959628,0.0575508615870485,1
9374,0.4667042809481956,0.4074299732777593,0
9377,0.2549943689218202,0.16963191931429736,2
9381,0.078810541532737,0.09704687397004927,1
9382,0.3868237278490309,0.3720659200326826,2
9386,0.6315588558883416,0.589336982971243,2
9388,0.107010368471656,0.10284356533747196,2
9389,0.044691798574225,0.036464572062665096,0
9392,0.3625944614675246,0.39726952280547173,0
9398,0.115370207170562,0.13821377151712383,0
9399,0.0444258868458057,0.038489092709298026,2
9401,0.1413796410173976,0.15104863477790545,1
9403,0.246104183513928,0.16443118328679604,2
9405,0.1797646875183099,0.13503455055742816,0
9406,0.2329906678703156,0.20535095608344656,1
9407,0.217078502627222,0.24794593546028337,0
9408,0.2392030791626716,0.29111158272482873,0
9409,0.4493027112164009,0.4688062096120139,1
9410,0.1710048096773211,0.14811542387727616,2
9411,0.0503194589309762,0.06926807160191317,1
9414,0.8035007609662247,0.7489520724466983,2
9415,0.0586913988356111,0.047637630688841054,0
9416,0.3589939755208015,0.4319068333567208,1
9418,0.1827451394002699,0.1188753496179516,0
9419,0.2995914774385907,0.2953636868591667,2
9427,0.1461329644735261,0.1624508105075586,0
9428,0.1995500324634028,0.1820484244638673,1
9431,0.2406305431853358,0.22034013206171854,1
9434,0.1131437902175824,0.13771017243176814,1
9435,0.1869019452898268,0.21364337756557053,1
9436,0.6463404868632907,0.681514699530299,2
9437,0.0702967646711576,0.06816771119639117,1
9438,0.7121590206258834,0.6408400502090925,2
9442,0.1177753729883167,0.10690047206870743,0
9443,0.0877606834976129,0.06807898143836824,1
9445,0.1648085642957294,0.17202828167848047,0
9446,0.3273653820552287,0.3513746430167717,0
9447,0.1750995406942815,0.1728855234120975,1
9448,0.2386972097463659,0.23885297721582266,2
9450,0.2237263038681911,0.1759912507638557,2
9453,0.1736212514117151,0.1934915414640767,2
9457,0.030451227800311,0.020932889161328926,0
9458,0.5139151524479448,0.5934130437560788,0
9459,0.1005037455310759,0.08693877767947344,1
9463,0.7350993934056728,0.7448836061723048,2
9464,0.3106007526458187,0.3630196059776337,0
9465,0.0969687099252649,0.0799255613689096,0
9466,0.1977771055091165,0.1464714581439244,0
9469,0.2161249929332408,0.2414984272466883,1
9470,0.1016179551351192,0.09517742959012983,1
9472,0.0521586583916321,0.0499059432905193,2
9473,0.5561406193892481,0.7171745103148469,2
9475,0.066630443602341,0.036062501032407906,0
9476,0.2958163639514511,0.3303746599307821,1
9480,0.3248311795552808,0.32919932790461354,0
9481,0.1750906848453332,0.13581009504703367,1
9482,0.1437525479606334,0.20596918550317833,0
9487,0.0341556455576812,0.03654049127685355,1
9492,0.2589917132785309,0.25483322004097386,0
9495,0.7079599409428429,0.7377655374900882,1
9496,0.1601796749400849,0.16325827890518244,2
9498,0.0341598857637424,0.030884722230030675,0
9499,0.1292656120289253,0.11324311321726108,1
9500,0.1332389601078487,0.19545896656192932,0
9501,0.1126653900065961,0.08632471386180393,1
9502,0.050795646003578,0.062179811877780905,2
9505,0.1668308135297939,0.13215301961274498,1
9506,0.0964290027218147,0.11235773660358159,1
9507,0.1917580503898504,0.16723960976560748,0
9508,0.4557717187014535,0.4378085502632247,1
9509,0.2613574553326416,0.24314529821301267,1
9510,0.1362955445821809,0.1148309299698121,1
9513,0.0455878027641039,0.0342313369594325,2
9515,0.1723331318782793,0.13759514104367127,0
9516,0.0835991327034257,0.060520208431912095,1
9517,0.0630154092797435,0.06124446754368537,1
9518,0.5257862414716218,0.5294046254584526,0
9524,0.1973640080051796,0.3060642986500677,1
9528,0.1346121911221602,0.12114340211148758,0
9529,0.2186034351505791,0.24147958332736,0
9532,0.2419808357953479,0.23624788047606177,1
9534,0.3396509554795283,0.3941611330352107,0
9536,0.1109805364709362,0.12123250421210865,2
9539,0.1043875473895847,0.09429057462406432,0
9541,0.104385344571504,0.12088708168398163,1
9542,0.2074847789975095,0.237190047738627,2
9543,0.1173772848616691,0.19119059378612155,0
9544,0.1082778776821543,0.10740036626810617,1
9546,0.0554610791249118,0.06059121169422174,0
9548,0.0098524338490423,0.011574210826849026,0
9549,0.2291339209821578,0.18327155452932792,2
9552,0.2678700880849836,0.23721913424748214,0
9553,0.1888055182859343,0.16979617146883272,1
9554,0.222312623364194,0.2560909191822862,1
9555,0.2621164961749063,0.32245770474257046,2
9556,0.0318410829713762,0.043222759156477976,2
9564,0.1193749716174192,0.12881006387779056,1
9567,0.4751430616707856,0.49196571077599255,1
9568,0.1468337099328236,0.1358331743180067,1
9569,0.1561997788121737,0.12823382004806233,0
9570,0.3524432502535773,0.5100141463714336,2
9575,0.160086047033378,0.12408879127986941,2
9579,0.1868804150982268,0.17834740114850192,0
9580,0.2211387431102722,0.1457746561055148,2
9584,0.8588015448762357,0.8317283315656713,0
9589,0.0848553712230615,0.08361353074690829,1
9592,0.1472765949493927,0.2029301486955253,1
9593,0.0670202314680557,0.047274003240743934,1
9595,0.096663983508357,0.073891420949005,0
9597,0.3403641923947447,0.5249160025123051,2
9601,0.2654693936605348,0.31424900358251473,0
9602,0.0808298325193146,0.08195843861138548,0
9603,0.0691855968721318,0.06641854823149992,2
9604,0.2070014544140193,0.28164396070689557,0
9605,0.1610178112267045,0.1414030064301467,2
9606,0.06941543785153,0.047227214226340755,2
9607,0.0971566556272146,0.0741577006296014,1
9615,0.1828082337709321,0.21194347751675935,2
9616,0.2983425032309951,0.24858974407902776,2
9617,0.4847896968528974,0.46986449095624905,1
9622,0.0940021064876721,0.10740577366391942,2
9623,0.2663879123249543,0.1877075497574476,2
9624,0.1299961029239405,0.11218492972787072,1
9625,0.5426230517646133,0.4761380314474702,2
9626,0.3566465641092097,0.4579398870256546,0
9628,0.0377664296302012,0.041222324393727826,2
9629,0.148724799889317,0.17746143566012063,2
9630,0.0978619173951093,0.14886767877245757,0
9631,0.7231415379092081,0.7042684758898641,2
9632,0.0373700696266546,0.04391732053159238,0
9633,0.5866457471513568,0.6073669723896702,2
9635,0.2100864763273741,0.19767557844084213,2
9636,0.0828198374756913,0.0645443160873994,1
9637,0.1608669718052053,0.21650254018620602,0
9638,0.2811182801052895,0.2413560303158026,1
9639,0.1509197125142712,0.14181804778056847,1
9640,0.0448080163440041,0.031892485678087404,1
9641,0.3992445713100157,0.4280348971080832,0
9642,0.0614659042608376,0.05397147082757675,1
9643,0.1007872042179603,0.10821272616544719,1
9645,0.1680345574123889,0.17520797889248302,2
9646,0.1129325215763415,0.0888278184808822,1
9647,0.5447550416638592,0.4402080030520264,0
9650,0.1164453931889396,0.1207107695341467,0
9651,0.7452326887649503,0.735347481322114,0
9654,0.1648500578846806,0.21053964165955627,2
9655,0.0523497149127462,0.060264508460355526,2
9656,0.1278574310416595,0.08456721224158673,0
9658,0.1342857783757027,0.1046188783458568,1
9659,0.2541202618218861,0.2339610289359661,0
9660,0.392304216323547,0.31106572082395895,2
9663,0.2123665484113817,0.18570803138478886,1
9664,0.1420509102355062,0.13323379035975288,0
9665,0.3202353564221111,0.3806694004082386,1
9666,0.0873947679613502,0.09994748468101622,0
9667,0.09349223643934,0.08545805524531234,2
9668,0.2754173068161781,0.3978313177147344,2
9671,0.1899935556272093,0.14979230493013995,1
9672,0.7682004819622135,0.8537104282387142,1
9674,0.0986944507036118,0.13153560644448842,2
9675,0.2678256853109755,0.2941042617551698,0
9679,0.1713732781449893,0.09343505298849002,0
9680,0.1297624815302458,0.1251830075684103,0
9685,0.7252575696233948,0.6966697192661682,2
9690,0.3238450056555924,0.39186200447296404,0
9692,0.5092657338789255,0.5311250182077206,1
9693,0.1934867575480592,0.14685767175319214,2
9695,0.8081126913287526,0.6488552628460406,1
9696,0.1874535731608996,0.11457408375476147,0
9697,0.5092710951885657,0.5338575446595374,0
9698,0.1319891269666084,0.1163703053274465,2
9699,0.2659934679737197,0.2964852036405786,2
9700,0.4218031026113287,0.38229361522865113,0
9704,0.1379014085849135,0.16937232531737406,2
9706,0.2302007961973457,0.23018004545090487,0
9707,0.8069373929699499,0.8005146594788963,2
9709,0.2663843031798772,0.22765230410942205,0
9710,0.1629493516928461,0.1115132997879126,0
9711,0.1399642707366087,0.1713744352493457,2
9712,0.1907386757627351,0.1976606578851321,0
9713,0.0916008798242186,0.08366514771033552,2
9715,0.8943392914751248,0.8046051794898355,0
9716,0.3132087337880855,0.34248612873797507,0
9717,0.1350705931915156,0.1630085652572814,0
9718,0.1505886425925619,0.14020571496977663,1
9719,0.2117361122927737,0.2783406654568518,2
9720,0.1068401167782685,0.07831024861318903,0
9724,0.0486907056469087,0.046154629780027476,2
9725,0.2226644531792675,0.20324566531836913,1
9728,0.1342205748039903,0.09461491749310963,2
9729,0.0692492006261777,0.06337739948742556,2
9730,0.031672056975609,0.03735320999170752,1
9733,0.6111683823845138,0.5771461765357492,1
9734,0.1247144231269817,0.11150412017996775,1
9736,0.1490737129266396,0.19018713466683815,2
9737,0.0942446787196967,0.09399625425604485,2
9739,0.0699663265203464,0.07392401150934608,2
9740,0.2040578418585285,0.24112765352090887,0
9743,0.1109326128563635,0.095073733276884,1
9744,0.1719658353221514,0.21899670237081886,0
9746,0.0660398327304406,0.10164787703781275,2
9747,0.0728311213402984,0.07097830183950538,1
9748,0.1470058620269776,0.15774401886699765,2
9749,0.1220358369908773,0.12038537634792817,0
9750,0.2890351248710746,0.3224108397053227,0
9752,0.0437689859826862,0.025625291393766424,0
9753,0.1050300238118049,0.08603450291183151,0
9754,0.1082245460313139,0.11224058111694438,1
9758,0.0669626716385915,0.05636552782014525,1
9759,0.1199268831947624,0.09872184604957716,1
9760,0.1951269331647662,0.15173402794034369,0
9761,0.0892666400689836,0.08141324267670608,0
9762,0.4906616469372458,0.5452327235810944,2
9763,0.1188929534156292,0.12674145007224139,2
9764,0.0284652960174727,0.02574654623592395,1
9765,0.68406785363889,0.65750111228312,0
9768,0.100965391594744,0.09784040083489298,2
9769,0.3023780505996579,0.3547451724623022,1
9771,0.3242549116723956,0.28843176450167346,1
9773,0.5131382471245514,0.5154139343812847,1
9774,0.1444860840815107,0.12819228132172603,1
9775,0.0520219756934425,0.029254399012272874,0
9776,0.1121229776806768,0.07821934263318728,0
9777,0.0728601966556795,0.06586211592926372,1
9778,0.107026112971266,0.12216432871787172,2
9781,0.172223800075728,0.1932581158619478,2
9783,0.178549443228745,0.18553651467618854,0
9784,0.1648620376080269,0.1838110988345781,1
9786,0.3341368361095507,0.2995278776000754,2
9788,0.7818795310947612,0.8416499180969844,0
9791,0.2339370134820143,0.19114706040724877,0
9792,0.5276899784059202,0.5283685602592254,1
9796,0.0694922535116314,0.06600401739387737,0
9799,0.3646734946570705,0.3142520663219431,1
9800,0.1253177475611685,0.14787087550853872,1
9801,0.0971451481271466,0.08740477087060029,0
9802,0.0636709384334983,0.048761616088751104,2
9803,0.3589203505501634,0.40339076181836164,0
9805,0.0741579002696718,0.06335900686483573,1
9807,0.0721233281889374,0.056142907169943544,1
9809,0.2132998238886031,0.18902272833619518,1
9810,0.1047871434321563,0.11473131556404467,0
9811,0.1462918910163228,0.18580687229431814,0
9812,0.7810019148765774,0.7223437130234366,2
9813,0.2607661980467591,0.30069233849934757,1
9814,0.0935319690777121,0.0611788923732831,0
9816,0.5215937727420076,0.5067424727671963,1
9817,0.243175300672539,0.3651930932332356,0
9818,0.2998660028586179,0.316798188982283,1
9820,0.1538613007676859,0.1952863161271764,0
9822,0.6757637188332114,0.5467152924861522,1
9824,0.2575521202414798,0.2691658950648595,1
9825,0.2715536843093873,0.2118126560201819,1
9826,0.0629980225777818,0.1092761542349471,2
9828,0.1211980700914962,0.1078899340436055,1
9830,0.3008262331866939,0.1978645131315267,2
9838,0.0732612722580973,0.06355962485851788,0
9839,0.8083882264769898,0.7989229836212889,0
9840,0.1591817067327528,0.12442413941041763,2
9842,0.1625010165513887,0.15096904182441925,0
9845,0.0667083462639481,0.03427799982819973,0
9846,0.0987717823530878,0.10616930101042805,0
9851,0.0733952499339502,0.07296718821401448,1
9852,0.0807785580598851,0.061791680872779954,0
9853,0.1282262634870436,0.14278331731042362,0
9856,0.3018928574762516,0.3020684671905272,1
9857,0.4581229146160154,0.4791136484666703,1
9858,0.7928335581523319,0.7740706113443632,2
9860,0.2240472570549457,0.21572046990880187,1
9861,0.0305133717907132,0.029451288305244527,0
9862,0.1905052274041911,0.17614585748569106,1
9863,0.1038869074509158,0.09817511121070158,0
9868,0.1023163676194087,0.11781904549369007,0
9869,0.7253863855139294,0.6571221292519619,0
9871,0.7692907499762897,0.8274480161254559,2
9872,0.0905626764507454,0.0538044331524926,0
9876,0.1165403363149936,0.10201426079716613,1
9877,0.3808665735224503,0.38695105122512097,0
9878,0.0319647231284382,0.0254012830383147,0
9879,0.1396600770674973,0.18933511902656347,0
9881,0.7706234373248507,0.6942885544010333,2
9883,0.2694577907981106,0.2927461711352754,2
9885,0.2707304533830963,0.28594904456250747,1
9886,0.0487397390037046,0.05730274082906985,0
9887,0.1693973255407652,0.10836816360343329,1
9890,0.3562705027374123,0.39030608851578297,1
9891,0.1868512952466997,0.16806344255795327,1
9893,0.2639205521811145,0.25107409155788635,2
9894,0.1044145511266939,0.09739620923670889,1
9896,0.0928089566664261,0.13208371567019844,1
9900,0.0563800292625172,0.06908483360080063,1
9901,0.4193326641865653,0.45017936243317674,0
9902,0.5387138582501532,0.6290024779662636,0
9905,0.1213874615428084,0.16496626697457417,0
9907,0.0402198221497097,0.04599383759112492,1
9908,0.1222090462066152,0.12203564708994108,0
9909,0.2207894960870184,0.16521305796049401,1
9910,0.7619001010636787,0.7444226905242356,1
9911,0.1292399775631378,0.1782321374049001,0
9912,0.1405404987395603,0.10256630916151435,0
9914,0.7457033811505411,0.8217925329508668,0
9915,0.5410464880814623,0.6217589014815831,2
9918,0.3770639726514651,0.3630892829752744,0
9919,0.6887914855548984,0.7601110792972433,2
9920,0.1334843684554278,0.11999645995357838,2
9921,0.3366480189425032,0.31520061195519433,1
9924,0.1515942984361766,0.1637734203130941,2
9926,0.0777290837798633,0.07882606920021122,1
9927,0.1730769809063038,0.13667019819553372,1
9929,0.046763237173456,0.04130085156178488,1
9930,0.2905484974487268,0.33529777392610555,1
9931,0.1151258803488153,0.13990044685535988,0
9932,0.0171338711777498,0.016458904705374026,0
9933,0.5621846848470575,0.5638839088310457,1
9935,0.1114709796459252,0.12190812692505054,2
9940,0.2907320431739395,0.23233446868659086,2
9941,0.4449676493052057,0.4307955610922828,0
9942,0.1695054090266375,0.14478634934700432,2
9944,0.1485990506477373,0.17527929943877363,2
9945,0.2095000044606637,0.3049446500477409,1
9946,0.0716862842453505,0.1022957782622479,0
9947,0.7230437862602083,0.7442184507199643,0
9953,0.8604007508370256,0.8158727390339877,0
9958,0.7678011186209754,0.7400425464601407,0
9959,0.1649289379021608,0.16584102679400714,2
9962,0.1683097168761043,0.16257172443148124,1
9963,0.8076749464799916,0.7843886276415484,0
9965,0.102824187719054,0.0870731681196511,0
9966,0.0733221399290919,0.06528310039606798,1
9969,0.176555008622038,0.15041304235716277,2
9971,0.1726790462329678,0.17326315434469203,1
9972,0.1388931020984506,0.09762211712849204,0
9973,0.1494772130797942,0.12435074849787826,0
9974,0.0902588008375095,0.10321051407614139,2
9975,0.0686730823999205,0.03160674047790048,2
9978,0.0456186182918456,0.05133507077524165,0
9979,0.2664652832504092,0.24679141079567998,0
9982,0.1467079841830365,0.1812779010365695,2
9983,0.1691763163256952,0.17656961148569394,2
9984,0.1030177129138517,0.09307298657552725,1
9985,0.2606215508866895,0.26655060787573925,0
9987,0.1008258526491221,0.09359228267655384,2
9988,0.208074984696048,0.24950854484061397,0
9992,0.5041733413226093,0.48193274529579544,0
9993,0.7409349165358009,0.7890920311064943,2
9995,0.1457832476294517,0.1226743143949528,0
9997,0.238997176252438,0.23480450808514977,2
9998,0.1072085203994124,0.10875227003058882,1
10001,0.1978691014918481,0.20374679551043437,1
10003,0.4533129524737845,0.5135965612987956,2
10005,0.1775866270284967,0.1418792279456757,1
10007,0.138921979609797,0.12740321654286163,1
10010,0.0589278321124276,0.05261259574460147,2
10011,0.2079621469455467,0.17032099628203595,1
10013,0.0850393546585075,0.05871551897530468,1
10014,0.3205544739606132,0.2760452930929812,0
10016,0.0577773047641615,0.050888531346988876,2
10017,0.1552946487345624,0.14048608669365245,0
10020,0.1798016146530779,0.2179339333941562,1
10023,0.1510575671871747,0.15882338110921143,1
10031,0.0403175182890314,0.0366060938267882,1
10032,0.2884564635198461,0.2265296869190757,2
10033,0.1111516773261482,0.14964512105322675,1
10041,0.0338514945703862,0.05010455732274253,2
10042,0.0310746948300449,0.01638450375600865,0
10043,0.7886557737829984,0.8016726788782695,0
10045,0.3423181995810455,0.4241479335271059,2
10046,0.1381691337737188,0.16719223750366807,1
10047,0.1257528385317626,0.08816952776769786,2
10050,0.2447183137573362,0.24447354402294558,0
10051,0.0639048941221502,0.04493456909584375,0
10052,0.0859584803016598,0.1023168887837277,0
10054,0.1245995159397368,0.13931489460236662,1
10055,0.2042527107672797,0.2390284820628852,0
10056,0.0420495802715254,0.04634344337896115,1
10057,0.1310087311229366,0.11648007065345893,0
10059,0.3562499470048206,0.3178680051956805,2
10064,0.1966240691168565,0.13741568674786783,0
10066,0.1782628936826922,0.13773769088016322,1
10067,0.6483032730278875,0.5577209655091309,1
10068,0.1896236703807813,0.16657449437935976,1
10070,0.725457518142808,0.6811717914554802,1
10076,0.3163959964358743,0.28130211479018263,2
10077,0.1875320025337002,0.15019113844900628,1
10078,0.0543579977989869,0.09699219009559018,2
10079,0.1159144045561306,0.1053041775680819,0
10081,0.1031911626397744,0.10065323020124968,2
10082,0.066142206379921,0.049644132405958476,2
10083,0.0861756417571744,0.18509661475865785,0
10084,0.788341803855916,0.7574573242063776,2
10086,0.095809652116141,0.06313307143440491,0
10087,0.3474592251813671,0.3460867180122969,2
10088,0.10139067729601,0.07850407951641394,1
10090,0.2462241214195475,0.1213631378905371,2
10091,0.0603456217932766,0.04467269527470047,0
10092,0.5909673777083186,0.6178454251645554,1
10096,0.3653430210573811,0.39682942173987845,1
10099,0.6831178837981552,0.7348498841017803,0
10100,0.1567899462195683,0.16586617720451477,0
10104,0.2610084811471732,0.2646388788232784,1
10105,0.1716995851696695,0.23181336749516307,2
10107,0.3632186321419696,0.412398856209912,0
10108,0.2292036410904212,0.21749555180070396,0
10109,0.1597884477018253,0.0858523376232955,0
10110,0.0651117423541662,0.05609320903617082,0
10111,0.3965318775738695,0.43057525895591386,2
10112,0.2912305551611426,0.38167929774792736,2
10113,0.1029685254940512,0.09563512754313017,0
10118,0.2065855754629736,0.19461503416790055,2
10120,0.2096809385791972,0.18555886254740656,1
10121,0.7713528142395152,0.6955719875561689,0
10124,0.2111782432514268,0.23459089091131982,1
10127,0.0472969038211485,0.04240922575659903,2
10129,0.5314020062376413,0.5616567398470258,2
10131,0.041972698916335,0.033766224369133825,0
10134,0.4109886089106105,0.3221724217911195,2
10136,0.3372650426994729,0.3385044076428024,1
10137,0.1232340019707195,0.11660085809549084,2
10139,0.298450647994057,0.2809968474240707,0
10140,0.0790146664501361,0.07081341474065725,1
10141,0.2550143025396326,0.31693776792750095,2
10142,0.0892595970717541,0.09194794039344925,0
10143,0.8581225057874543,0.8191005340309812,2
10146,0.0993304455874069,0.14661568581797468,0
10147,0.0634376065821523,0.06892194188773487,0
10148,0.3119676109296167,0.3357090769930491,0
10149,0.2823240030634894,0.2559123483549928,0
10150,0.1095079137143038,0.11397370523850192,0
10151,0.1573514862926438,0.16378752067520652,1
10152,0.7652281473419429,0.6709419842872077,2
10153,0.0921451124906929,0.12055034742926482,2
10154,0.2196848065645943,0.18709645469244054,1
10156,0.3740116362591201,0.2450386089613023,2
10157,0.1036797330664386,0.08116047437382477,2
10159,0.0324737139305902,0.029064857111300326,1
10161,0.0754051896704854,0.08744077113361087,2
10163,0.3805437576637112,0.4980906577321662,2
10165,0.1651729228823851,0.19006373651259462,1
10167,0.1752758544601634,0.22041173128408464,2
10168,0.2610110822381487,0.20816130504793517,1
10174,0.1577184962746628,0.20422858945980185,2
10178,0.1054260633021521,0.09922823298775096,2
10181,0.7347910039759186,0.7646590102915556,2
10182,0.1021338486090965,0.08573588339939892,0
10186,0.0801628378487261,0.05950468397821107,0
10190,0.0456530803736922,0.03207495594200618,1
10193,0.2806099869084454,0.25825292492460195,0
10194,0.1694081947248008,0.1423458659780843,1
10196,0.215148299135277,0.2034214368473893,0
10197,0.8029903755859108,0.7322196651077588,0
10199,0.1204470275665227,0.08594253441829408,0
10200,0.1506047862537131,0.22904401916148942,1
10201,0.1554184105249713,0.13660014211001545,1
10202,0.5226103004709186,0.5633277169310551,0
10205,0.1336638179543416,0.18205053228980297,2
10206,0.0332480643076915,0.0321654352770774,2
10208,0.0879810665079359,0.09697828845459935,2
10210,0.4800286635023301,0.48014839074360144,1
10214,0.3672780056551762,0.2376938612100823,1
10220,0.1741254875597629,0.1663232795427766,1
10221,0.0598995649838706,0.04462152372967517,0
10222,0.1690842204499656,0.18899382770410994,2
10223,0.1235455810689329,0.138954244475364,0
10225,0.1406689213109576,0.14263728578968954,1
10226,0.1840967386376172,0.17380685576470598,2
10228,0.3873822112434811,0.5298790819670137,0
10231,0.7353050499468742,0.6239130756689486,1
10232,0.1370941249186428,0.14207387515037634,2
10234,0.0608676736829267,0.052881811332023895,0
10237,0.0668746229425499,0.04564426232420415,1
10243,0.1635762595107572,0.16794144155063676,2
10244,0.2481229502181378,0.22967653357086332,0
10245,0.1424403261342237,0.19235285109361172,1
10246,0.0575199398604807,0.1018824789494144,0
10248,0.2408343604814025,0.20841200352292918,1
10249,0.1355380492577762,0.17915980296192607,1
10250,0.2821265478071805,0.16635798686252226,2
10252,0.2287215967592442,0.1895591771296598,2
10259,0.0854127351901025,0.08568959286325788,0
10260,0.129627677659367,0.11631809321085593,1
10261,0.1260648595627153,0.08823798735830976,2
10262,0.1253323479643143,0.11096830715307038,0
10264,0.2443792485816999,0.1889820893261889,1
10265,0.3973689254023926,0.4401966253699765,0
10266,0.1988713529171397,0.19849996761556957,1
10270,0.1737896519816378,0.21673448888261754,0
10272,0.1242611511568092,0.1320888379452197,1
10275,0.2565174436664802,0.2336140346498145,2
10276,0.0370350379301984,0.04466535523636905,2
10278,0.1180714487859563,0.08879263924285108,1
10279,0.2035164470688671,0.2227753315349723,2
10281,0.0169494612530887,0.02617918547687415,0
10283,0.1796770790448265,0.16994013551399673,0
10285,0.1364908037839493,0.11176322173538886,2
10288,0.2467909832930567,0.1740295284983172,1
10289,0.0493849205360796,0.053750325121725076,2
10293,0.1844917205110857,0.21205607478271923,1
10295,0.2363434666880338,0.27431791200689215,0
10299,0.1144891890021104,0.10616750200883293,1
10300,0.2920497817007116,0.23582360645200756,2
10301,0.08901675221412,0.06158285277520565,2
10303,0.3078646413075022,0.27614584246814844,0
10304,0.2355784094890774,0.24083817785804906,0
10308,0.1092670654859668,0.07114567581969067,2
10310,0.387797100503482,0.37516861050366057,1
10312,0.1554614203923029,0.13819331419164893,1
10313,0.0759965678545584,0.0678096379571118,2
10315,0.5255984877794782,0.4948726683497634,2
10318,0.1399641833712572,0.18434593415277858,1
10319,0.1136911601293739,0.08559812824176635,1
10320,0.081346240658008,0.07343576354242484,0
10321,0.1225639690545522,0.0878722628913429,0
10323,0.3611318455595756,0.3892111349218917,2
10324,0.4141262000174573,0.46734835927614304,1
10325,0.0662850409364668,0.0933018072343525,1
10327,0.1721515376124046,0.20786274018744305,0
10329,0.275761065630992,0.297777680127682,2
10332,0.1888829592125623,0.1911869981918839,1
10333,0.1256331133300539,0.11251523356681975,1
10335,0.0937732139929495,0.06085509902185485,2
10341,0.21706888402982,0.16329450147945723,2
10345,0.165677506703636,0.14569920718718757,0
10348,0.1886562993800232,0.27222240107972845,0
10350,0.1774803330905743,0.22124489053202154,1
10351,0.1855450913634388,0.17778345930016745,0
10352,0.1381077670727112,0.09842824428335889,0
10353,0.1560116654253004,0.15704327099258067,1
10354,0.8310188452317766,0.7931966658212509,2
10355,0.7567498651759634,0.7177971772623919,0
10357,0.4444157412686191,0.534963459777183,0
10358,0.0943834960154712,0.09066109399325317,1
10361,0.6506978907319496,0.6907516573525021,0
10362,0.0900369576403964,0.08303592336568484,0
10363,0.0879993234279614,0.07841278420658358,2
10364,0.2836076466034086,0.37311411508203424,1
10365,0.6362012991261935,0.6739353488556121,1
10366,0.2736342632357698,0.2027346981742177,1
10367,0.3056849245802474,0.2779701118044476,1
10368,0.1076190673059633,0.10998278322213352,1
10369,0.269927713802996,0.23675026721377618,0
10370,0.5255498587640899,0.6047801278359592,2
10371,0.191172345315516,0.1928811882318345,2
10372,0.0928693386506873,0.07978559317044867,0
10377,0.1568826629682175,0.18960635170517146,0
10378,0.2089692622773277,0.17798205372806225,1
10379,0.1299667903877021,0.13645123246572025,0
10381,0.2966933210215559,0.20466676314107263,0
10383,0.0401285002250207,0.053790081572096575,2
10384,0.0761728372588045,0.06723141335708815,0
10385,0.1702130311424578,0.19585552164276382,1
10389,0.246815020742818,0.30859936117670594,0
10390,0.8557665408698388,0.8347603543220041,2
10392,0.2138216654102642,0.275156928508217,0
10393,0.1544060941733521,0.12633157377748,1
10395,0.2826951518589271,0.20644300350462647,1
10396,0.3440701563918086,0.3748870947015535,1
10402,0.1855175126450269,0.17960006855801808,0
10403,0.6238601397735241,0.6246249732179749,0
10407,0.0334805049124959,0.0628938144903937,2
10408,0.1230299363436449,0.0985998057628597,1
10409,0.7630895190976555,0.7057740130245715,1
10410,0.2755863022199667,0.2992303696356949,2
10411,0.5535515748859673,0.527487081300545,1
10412,0.1521057342112174,0.13839754528801407,1
10415,0.2512838467617312,0.30302425543645956,2
10416,0.0555325184521219,0.047790052354113224,1
10419,0.4412772103523847,0.5223730750972553,2
10420,0.6514559735478683,0.661167079077985,2
10421,0.1172098910469754,0.10972746129660463,0
10425,0.7512451721871707,0.778916655180456,2
10426,0.0443698900632034,0.03931864983628178,2
10427,0.202158928406849,0.1634374763007964,1
10428,0.1880857368317668,0.16263579973435013,2
10430,0.0968817047253148,0.09047772244178368,0
10432,0.0791015671742088,0.06616513171745028,0
10434,0.1341010282833065,0.17483609940924993,0
10435,0.1518198880471952,0.14313070411662365,2
10436,0.206885928143755,0.224679769159023,1
10437,0.1035687917980375,0.11636942131830254,0
10438,0.1604437689560687,0.13498909121028854,1
10439,0.1605764222829073,0.15481549914248058,1
10441,0.1493517298804676,0.1937188198662958,1
10442,0.2351626035287548,0.2560359562439493,1
10443,0.046548962599362,0.03879977288066608,1
10444,0.0589067830789458,0.06660110144553025,1
10446,0.1506299718314648,0.20988654118556843,0
10447,0.2084953336360038,0.18539340159428283,2
10451,0.0879135627821715,0.09109543664468037,1
10453,0.1463081042717027,0.13381105685295291,0
10454,0.1803548053159282,0.1634741211175006,1
10455,0.0283707258082135,0.03301469203550853,2
10456,0.102232626166297,0.08926933200767823,0
10457,0.3122504859239439,0.3466229281525395,2
10465,0.1736842132704643,0.14762672694325335,1
10466,0.0374155483201039,0.04235393357629482,1
10470,0.1321515523692717,0.09829517466772233,1
10472,0.0618487978988026,0.05464919701259245,0
10474,0.0454487869207223,0.03285097681134465,2
10476,0.2014756036391315,0.15771715524540136,0
10478,0.2434020789283105,0.2596571241305232,2
10479,0.0931381033024273,0.10521934760183164,2
10480,0.2751670383779799,0.44588820881541286,2
10482,0.0517301921961909,0.047364793369902305,2
10483,0.125844750559775,0.1295980311339436,0
10484,0.1026651781790232,0.06301717676585969,0
10485,0.3170035785749904,0.3501206084066293,1
10486,0.2626965986227831,0.2719233859627437,1
10487,0.2847077734854432,0.2875325167048814,0
10488,0.1061369777416946,0.08842879621437727,0
10491,0.6112299187981247,0.657274132958225,1
10492,0.0831754854109073,0.10387566670737922,0
10493,0.1549638366409808,0.20008016538787868,1
10495,0.1393913594794187,0.15143010179707883,0
10496,0.1116149391911704,0.093319347262879,2
10498,0.7596405510297072,0.7234404232390748,1
10500,0.4124806788879611,0.4613874122993281,0
10501,0.1336075275490733,0.14041599678593458,1
10502,0.2028345931766846,0.2707146809658597,1
10504,0.1873489032386019,0.13128078626078346,1
10506,0.1065512248271048,0.07795000359988487,0
10507,0.5219336346769279,0.4956378364161319,0
10509,0.0645128162423402,0.07012738137237087,1
10510,0.7022994778293714,0.7521952862312855,1
10511,0.2179829232403773,0.2066812762740699,1
10514,0.0630235181299302,0.07780196068880788,1
10516,0.1033909926359747,0.0828224574702876,2
10517,0.0537642832785182,0.061687366285566425,2
10518,0.1190530093346214,0.1025893759769462,2
10519,0.0955004584009623,0.09948512984857616,1
10522,0.8601305559637029,0.7722399991326371,0
10523,0.138403328215549,0.1189598929203381,0
10524,0.2433964428563894,0.2075936135635825,1
10525,0.5795035229349729,0.6351276275060124,1
10527,0.230753887918165,0.19288633638766917,0
10528,0.1631388736932416,0.13074541536263984,2
10530,0.1148431195487909,0.09622875823816368,1
10531,0.2681240793261417,0.2293877830808734,1
10533,0.1262057081230393,0.10517346387633238,2
10534,0.9189572864472938,0.9171703874700381,0
10535,0.0848366860194294,0.0723834540198896,2
10536,0.1610726276875708,0.1818614263518044,0
10537,0.6970489240652469,0.5928684154006055,2
10541,0.0642449984654156,0.04399660215593247,2
10542,0.1036857324541322,0.11877274113772965,2
10543,0.097312412352228,0.11372214014515711,0
10544,0.4386692328894338,0.4753723606431708,1
10545,0.107150862370089,0.08080262802631963,1
10546,0.3052140203195204,0.31891922649125004,1
10547,0.7626746440838775,0.7090987758260472,2
10548,0.7879347698475083,0.7661765922124265,1
10549,0.0807810524023848,0.07073302072961826,1
10550,0.1615247163070653,0.14817753107942216,0
10551,0.0566428098546362,0.055459749840502524,1
10552,0.277966132140872,0.21793887493906228,2
10554,0.7013496491364842,0.763329120051955,0
10557,0.0553224731000097,0.03840604054287575,2
10560,0.1096344245533887,0.2049681896365974,0
10561,0.1317617734732886,0.18681692333263655,1
10563,0.0951683904059064,0.07482659942759559,2
10564,0.148822156426457,0.12861267987369523,1
10565,0.1823583457283828,0.19626732089530566,0
10566,0.1158972989570955,0.0978693230568699,2
10567,0.1292525707623915,0.13766006341180403,1
10568,0.0919741188685639,0.14966333102139434,2
10569,0.1265016332205475,0.15279229664314845,2
10570,0.1865152995161862,0.4653569494289809,2
10571,0.0853843623436807,0.13461374295129033,2
10572,0.1217047175902671,0.12148327570152324,2
10573,0.2203756865451868,0.1816452452657612,2
10574,0.1632608413080676,0.16095753175646846,2
10575,0.2636920050548454,0.30696003744649264,1
10576,0.7481058622550744,0.7080820007240702,0
10577,0.1231035796765405,0.10783931015819073,0
10578,0.269704153811963,0.29500842030187513,2
10579,0.1284986732230182,0.13722529123549304,0
10580,0.0438558323422439,0.04146673548435855,0
10581,0.0516194835117746,0.050003454917879955,0
10583,0.090819665827894,0.10574616906514359,2
10587,0.6975497258396434,0.770205807812085,1
10588,0.0449363439905792,0.03796332248745295,1
10589,0.1996873975066308,0.10612767859767683,0
10590,0.1295678481719072,0.13217146666529073,0
10591,0.1783927644933814,0.20477130067937976,0
10592,0.1536687199678704,0.2257924382865708,0
10593,0.2183771501272865,0.16501371326021722,0
10596,0.1221657673640818,0.11935467973598661,1
10597,0.1160979496589173,0.10398165421675053,2
10598,0.7776148288762228,0.8058614846815402,0
10601,0.375663287300186,0.3172238586775872,1
10602,0.1101612771197496,0.1380857819432604,0
10604,0.1462004150700891,0.16136264296106875,2
10605,0.1665445137608554,0.08392680028028757,0
10606,0.2283727106852398,0.22926379200655667,1
10607,0.0983473246376538,0.07637108946430343,0
10608,0.2896573385691835,0.24139879045164592,1
10610,0.0487126418339075,0.04760897667575523,2
10611,0.0959497343233085,0.19483295076538598,2
10615,0.1529915345855177,0.17281878786332783,2
10618,0.0692856162972599,0.038379251208532444,1
10620,0.174312989497554,0.1776455035117857,0
10621,0.1753879845390526,0.1723820733504154,0
10622,0.1359001217701518,0.11011111825454314,2
10625,0.2556162908605632,0.22644207075504275,2
10627,0.0401451659249062,0.0315618739656945,2
10631,0.5541371552436506,0.5693915271077603,1
10633,0.4105876449953985,0.47818539165797147,1
10635,0.1564887914131957,0.11390020833112352,1
10638,0.1041254239117323,0.09883659410460414,2
10645,0.0347785006641534,0.02196719461726505,1
10646,0.2182126711928248,0.17701846183491254,0
10647,0.3383527152366678,0.31343029280732304,1
10648,0.1102636820998871,0.04066424241603912,2
10654,0.0787826421516911,0.06526647900040511,0
10658,0.1253829086324294,0.11519296546979929,2
10660,0.3067093704986396,0.28783699531588297,2
10665,0.1172763480194168,0.1129243586746006,1
10666,0.0676520967279241,0.059911663049557626,2
10667,0.8177959557676189,0.8491864022403695,0
10671,0.0356773066541887,0.038935402062943957,1
10672,0.2143801243075483,0.26027179309778053,0
10675,0.179369724158997,0.1300760836659141,1
10677,0.0376364013732279,0.05777515816503113,2
10680,0.0756311400425559,0.06438767066779165,1
10681,0.1497953182679173,0.20169719102376316,0
10682,0.1156977967600593,0.18166428124546746,2
10683,0.0187363371882163,0.0151727449569632,2
10684,0.2075629684802349,0.17533715934363148,1
10685,0.3052071642923661,0.342463110845584,1
10688,0.2170136427404639,0.13408931055730963,0
10690,0.1149149817595204,0.10543988505568722,0
10693,0.1550714661860038,0.15204665339507428,2
10694,0.0208550607166527,0.02405694829526795,1
10695,0.0665469239738012,0.06839842622022073,1
10696,0.7552689357399773,0.7312577746149288,0
10697,0.2190368325179668,0.28294858972152137,1
10698,0.4713654028732656,0.5679189573926566,0
10703,0.118608652971003,0.12129690261444408,0
10704,0.2295735396826207,0.30291027547725097,1
10705,0.0583936448395541,0.04997234716023155,0
10708,0.7344452099960168,0.7542135108358221,1
10709,0.0513800772970081,0.0501009046664036,0
10710,0.3154896572770235,0.3597807074948767,2
10712,0.1510870225192562,0.1187169678543184,0
10716,0.6591552843089351,0.6326265631644554,0
10717,0.066754429311426,0.06498492683871472,0
10718,0.1397766171726017,0.13755724862493682,0
10719,0.1767025101240238,0.21904613034303094,1
10720,0.0864018156247972,0.0914395235676618,2
10722,0.1647556934212215,0.115350733988694,2
10723,0.3993159455199994,0.42056706446783165,0
10724,0.0464723049994561,0.04613875591241612,1
10725,0.1389485397622519,0.14237873892949685,1
10726,0.060994694092306,0.05074449903186773,0
10727,0.1355301487912132,0.12341990636600805,1
10729,0.7648597673152006,0.7538009461805368,1
10730,0.2095527587454349,0.18408889162122882,2
10732,0.1213303939702387,0.11785316586844564,2
10734,0.0496769928224326,0.04899622257193767,1
10735,0.0633938925616335,0.07500652563574675,1
10736,0.068736485521739,0.06212905837395308,2
10738,0.2933422531108686,0.2997237301435734,1
10739,0.1183838939830742,0.1567452042858833,2
10740,0.7389474257379999,0.7545270970662159,2
10745,0.8667953216906111,0.9065748930367741,1
10747,0.2286786283948762,0.21591317677842356,0
10748,0.0567677018351768,0.05722171682633502,0
10749,0.2316428012665811,0.24269142567146604,1
10751,0.2196324478608549,0.2687890828817648,0
10752,0.140464934176922,0.12195542752830138,2
10754,0.082378569321281,0.07984990077693878,2
10756,0.192066635690034,0.16358736931072954,2
10758,0.212309664917732,0.2189464815392816,1
10760,0.4045521404413895,0.43857947847553197,2
10763,0.190818125649552,0.1797907281294441,0
10766,0.6371530650715839,0.5557248917768312,2
10769,0.7334358055167771,0.7683476556974593,2
10770,0.1677460573982304,0.14310920508291433,1
10771,0.5310285566426891,0.4792276668263295,2
10772,0.6989981992272517,0.7431840013511527,1
10773,0.2908363100046565,0.34411085594051904,0
10776,0.7345105602203384,0.7420266153320272,1
10777,0.4221549567641105,0.4715494312925119,0
10779,0.1136094061400863,0.09025898568290658,1
10780,0.1032761103487139,0.15375115462411934,0
10783,0.2904922874569422,0.31292131533067624,0
10784,0.0728413704906569,0.0553909099228842,0
10789,0.1186705089473474,0.11538522941178433,2
10790,0.2675240578581572,0.23507381619337608,1
10791,0.160691820425919,0.1474706096824082,0
10792,0.2386368389241445,0.23751203822386724,1
10793,0.1510502101222964,0.1681658134081352,2
10794,0.1454945250997997,0.174138241710113,1
10795,0.3128339227121349,0.41770615914893916,2
10796,0.0639465786576464,0.10344535594728847,2
10799,0.1430886700163973,0.12312903117884327,0
10800,0.141736097158682,0.1929627024648971,0
10801,0.1146418406385297,0.10792212230391507,2
10804,0.8295084656452065,0.7987462879995828,1
10809,0.0616064112028134,0.0901764574372698,0
10810,0.3048380986467795,0.19705372486560993,0
10811,0.0550030748618931,0.0574044281066574,2
10813,0.1029897036688376,0.10873034626743386,1
10816,0.5284652510234785,0.6003770339365637,1
10818,0.6197542365108154,0.7442157362400925,0
10819,0.7430144265961146,0.762443823467813,2
10822,0.2753811980472545,0.29475481130058834,0
10823,0.7585818428007686,0.7723978028494443,1
10826,0.0804483008484539,0.09126818363446654,2
10827,0.304761163244532,0.31781807492683495,2
10828,0.2941219439552521,0.20368218374701977,2
10829,0.1432981023363908,0.12093580143058022,1
10832,0.204766978715549,0.2072698650962017,2
10833,0.1042623145375807,0.06763291346897055,2
10835,0.1016727468089644,0.12537614448543827,0
10836,0.3837082895863512,0.33284697611571074,2
10838,0.1531061988996876,0.16454539463623094,1
10839,0.4095651445401523,0.37982652532762856,0
10840,0.0827906904871081,0.06856943473575225,2
10843,0.7683595572044046,0.7303612344272704,0
10848,0.154320814855684,0.17400058538824936,0
10851,0.1119931015051993,0.09595607485826022,1
10852,0.1139928601846349,0.09740206842497093,1
10854,0.139581130147448,0.12935550754844924,0
10856,0.0890104773827876,0.06646630054502015,2
10859,0.1086061001424905,0.059046490878907155,2
10860,0.3885913460813322,0.42090129125416087,0
10864,0.144498191164586,0.11924219242645498,1
10865,0.031508347145008,0.04872511711366955,0
10868,0.2046508582965204,0.20247124316141865,2
10869,0.1158578389969203,0.10650079936439626,1
10870,0.2011642791560319,0.19009039336947617,0
10872,0.0970990856865141,0.0972303058725609,0
10873,0.2138400127308755,0.15013868477608838,0
10876,0.1780168268832189,0.1540514039686469,1
10877,0.3079634956515544,0.2483861154002518,0
10879,0.4386223867334899,0.37396425613043105,2
10880,0.0697458283847246,0.0798106722659645,1
10881,0.2381170890533365,0.2681074515007495,1
10885,0.1760795242187338,0.16150458051680583,2
10886,0.3932934989580374,0.44825114402310384,0
10889,0.056285911037569,0.05369523121414977,0
10890,0.0716039884379802,0.04547456670085893,2
10891,0.221674547958602,0.2446991851155378,2
10892,0.0978660188680529,0.07623873150390677,0
10893,0.1620111469696702,0.13494178921057193,0
10895,0.2746569985141389,0.25582669037384437,2
10896,0.0703618031519236,0.0874402207966756,0
10897,0.1303799429379077,0.1084157964034302,2
10898,0.1559833881182945,0.12519001801534718,2
10899,0.1167782828593083,0.14323359771448319,2
10900,0.527451213993168,0.6196512984469019,1
10902,0.0717764927040142,0.0945892266817786,0
10903,0.1420079566308384,0.14649562995605336,2
10909,0.2120500011439458,0.30163549860623284,2
10911,0.1176030549247358,0.12888260442544142,1
10912,0.0952067566259303,0.0758661982801241,0
10914,0.1551281191011344,0.14204536680490054,1
10915,0.1508523218761745,0.17556298725093245,1
10916,0.0498888943195544,0.03774371107455407,0
10919,0.0692047825898514,0.04811009890989457,1
10921,0.1578598661333336,0.09640229343696638,0
10923,0.1124561286957277,0.09275929486612489,1
10924,0.1971989109753179,0.17641866689114233,2
10925,0.0906375779550771,0.09094641731169083,0
10932,0.083694451338416,0.05672172130601128,0
10933,0.3475979720463471,0.3487567492827223,1
10937,0.7733795625079303,0.7990515963384146,2
10939,0.1077523083435177,0.11825071392704109,0
10941,0.20571832329351,0.20312325100280282,0
10943,0.2947301226575987,0.31271591753708444,2
10945,0.675798168029775,0.6498763278034738,0
10946,0.0468425658647864,0.04242782832874575,2
10947,0.1086676907072714,0.08749311633179235,1
10948,0.1273884259927159,0.14081551440030712,1
10949,0.1350739589321637,0.14649757666248467,2
10952,0.5795598911732692,0.4150116043014878,0
10954,0.1364884225887113,0.16497931886056216,2
10957,0.1536067982777786,0.1700174356721188,2
10959,0.6266601484717499,0.6831311368618244,1
10960,0.0797110141705213,0.0767323515063968,2
10961,0.075838507923071,0.06514963710084927,0
10962,0.0862050160406835,0.07861536663843463,1
10963,0.1768444625722476,0.15086217819037961,0
10964,0.8029425493412724,0.8354074589887609,2
10965,0.0388764056721814,0.06513550426518752,1
10967,0.0820391633350193,0.06783391376022777,0
10968,0.4295847567808394,0.35591801033883796,2
10971,0.1318663467483408,0.18572806872139253,2
10972,0.0406220945873589,0.055841782880125174,2
10975,0.8013451693456011,0.7923531742477449,1
10976,0.0727597628744571,0.0638611783885124,1
10977,0.2536689100413507,0.2531209875819815,1
10979,0.1172207261935398,0.1497758503853368,0
10980,0.4756222669107566,0.6282557293018798,0
10983,0.6055288449396811,0.5301800325552226,1
10984,0.2281353501213897,0.21795488686561326,2
10986,0.2250636349066579,0.2135157369722231,2
10989,0.2175755876524758,0.2569907772900197,1
10990,0.3755356385939002,0.41705486808387604,1
10995,0.3569267471656346,0.5934681143189322,2
10996,0.0411401811685256,0.03936428030240065,2
10997,0.1668143022895179,0.12740936859921087,1
10999,0.1390989114093284,0.10546606814678225,0
11001,0.2412654533771755,0.21391079145368724,0
11002,0.2022511358728151,0.26288100031721384,0
11004,0.1952316321220761,0.3082075983923215,1
11005,0.0957827795677188,0.07805574834939283,1
11007,0.4428675455098925,0.5099205482094585,1
11008,0.0480819131023012,0.04436463643183622,0
11009,0.7517451532352041,0.6949320594911916,2
11010,0.1082837139405242,0.08157675625563347,0
11011,0.1443271543917939,0.11732067755184936,0
11012,0.1894129130630111,0.21997870983263815,2
11013,0.3848389272556409,0.26555220599832474,2
11014,0.0618044361215802,0.10128179866197069,1
11018,0.1873414320477968,0.17987466599784302,0
11020,0.15245059683105,0.16095218917879173,1
11021,0.1411570468690304,0.11541249782112381,2
11022,0.0586370056136544,0.03906154258354095,1
11028,0.101640436040394,0.06727421099456304,2
11031,0.2897300865726749,0.42556104309291715,1
11032,0.1875500139945054,0.194070721010378,2
11033,0.0217995634666522,0.020853021226018977,2
11034,0.3690049953077874,0.49222769819814066,0
11036,0.1219459610555983,0.11105976489614845,1
11038,0.5285694386806024,0.48720814773192245,0
11040,0.3757289276967916,0.39137381311424996,1
11041,0.389918516493604,0.40114451236303583,1
11042,0.299024437483018,0.28238094633022176,0
11043,0.1715695023726814,0.2419761188140438,2
11046,0.1049393299127663,0.11996940353779408,2
11049,0.1986115909667601,0.1193226132041485,1
11050,0.809845860382953,0.790451633551377,1
11052,0.1947781497077726,0.19218752140300555,1
11053,0.73566557184268,0.7238662210770405,1
11058,0.089842110149949,0.09460094485661327,0
11059,0.072301832369734,0.08449704714989566,1
11061,0.4818794306209915,0.521252402206178,2
11062,0.1198930232808154,0.13509888422652422,0
11063,0.2327869700749128,0.3033977948684862,2
11069,0.0803936113474187,0.08473461573980196,2
11071,0.106027030804357,0.1364395893382819,2
11072,0.2482238360142696,0.15708921651788513,2
11073,0.8218487433609645,0.6958771416011148,1
11074,0.1570669940482656,0.14415435234484344,2
11076,0.0792479036891423,0.1038460866496378,2
11077,0.0371843982694945,0.037123186565679825,2
11078,0.1552899315375381,0.11861951862095173,2
11080,0.1422460869318088,0.158676995540812,2
11081,0.1258118306490462,0.16150493775584834,1
11083,0.1508461564754791,0.11720693787724688,1
11085,0.0955369079473365,0.10815624178398713,1
11086,0.0638953997411759,0.054754338103503754,1
11087,0.1655449274869079,0.2661516443479473,1
11088,0.0382389564248348,0.03848226808692835,2
11089,0.1538022429690417,0.16038124125404013,2
11090,0.0597247139418614,0.049583489207444105,2
11091,0.1462495542109541,0.11659761797904467,2
11093,0.1049881468954245,0.13490251980707174,0
11095,0.0972311763843692,0.09547430605091631,2
11096,0.3606056554823753,0.31745140128401805,0
11099,0.6601866710127943,0.6699798145755529,2
11100,0.1091016306942693,0.06264407561508495,0
11103,0.1972325574867518,0.21602903671102042,0
11105,0.7537381091628396,0.7144135669823937,1
11108,0.1311924701706715,0.09034477068008676,1
11109,0.2923972974437909,0.336541684546368,1
11114,0.1182275981016346,0.13323404871538058,2
11115,0.2874403345606736,0.3361950249365411,0
11116,0.0598040782030631,0.08329105104785534,0
11117,0.2045101213264665,0.1871124720018365,0
11119,0.3381421203954927,0.34848450682873566,1
11120,0.3517541219260813,0.3334155916214027,1
11127,0.2637325315148784,0.23452066930283239,2
11129,0.1194158809003267,0.1717108392992166,1
11130,0.1615186467986068,0.2231186547733076,2
11132,0.1339793730673803,0.17429265665350832,1
11133,0.244401664598491,0.22467063872674328,2
11134,0.1077151364378673,0.12227426761074398,1
11138,0.0856679672387162,0.08706992466227532,0
11139,0.3496782022013833,0.38034530563867586,0
11140,0.2011302663304514,0.23327571968351718,1
11141,0.0709793560228437,0.04736375096789173,2
11148,0.1561987233475618,0.14573983426438605,2
11150,0.4293649594101691,0.37319395721863563,0
11152,0.7832187500145324,0.81762477601721,2
11156,0.0657028036154491,0.07260447827599334,0
11157,0.0715417791206886,0.052267447007695,0
11158,0.1325392608690324,0.11388313328090495,1
11159,0.1572787515547385,0.11043804705489678,0
11160,0.0463302037911015,0.04023918590760575,0
11162,0.0450738499593193,0.0406891370670118,2
11164,0.1423879978074298,0.12088202455960176,0
11170,0.0558300989115788,0.027680955756877748,2
11171,0.5630084168407716,0.5547615689246309,1
11174,0.0364065927429535,0.0454032943341531,0
11175,0.1516443291954193,0.13809794799235017,1
11177,0.0844619400692175,0.10906608070713858,2
11180,0.0606563521174933,0.04472191855340017,0
11182,0.0652395841225424,0.06422327326566649,0
11185,0.355463331424677,0.3357031700323086,1
11187,0.1388609695063622,0.10277646946169536,0
11189,0.0438992003458738,0.03648410220660693,1
11190,0.1916961680630853,0.2949573398262533,2
11191,0.2363380312969623,0.30141931121837606,1
11192,0.1712475563437611,0.16672293720674664,2
11194,0.1098161602699093,0.09811799662786755,2
11197,0.1599904054726964,0.18063594951604994,2
11198,0.5967092444515194,0.6451989491929085,2
11201,0.0936147613766679,0.11278003517769755,0
11202,0.0523576080391894,0.05323635589070067,0
11203,0.111638279660211,0.130689230571653,2
11208,0.130357011564606,0.11554546931431,2
11211,0.2070710572463018,0.16867358642594713,2
11212,0.6330075854882647,0.6461154004393244,1
11213,0.1194739347733639,0.08896556078501253,1
11216,0.0939144315432966,0.09459046583602602,2
11217,0.2274323303859448,0.3071920095221835,0
11219,0.1669133208236821,0.1611354229617038,2
11220,0.4382963077969291,0.48304650273952865,0
11221,0.1817928861905996,0.24251106311411588,0
11222,0.1934450942899704,0.1975927127774055,0
11223,0.3529448649086631,0.3264603636168843,0
11227,0.0347521337743507,0.03708994302022753,1
11228,0.0769937758446862,0.05915259247717835,0
11229,0.0571408742252831,0.10915634779670419,1
11230,0.1639668971363785,0.17966592846227292,2
11233,0.0308341877249338,0.02263366832209195,1
11234,0.7232391920696765,0.6717148618256087,0
11235,0.2982867559201356,0.30770796280298024,0
11236,0.0555696050704586,0.06702987368716595,1
11237,0.1623656884907627,0.20354388434844087,1
11238,0.2331815645184312,0.4051414551369597,1
11239,0.1005418471114684,0.1053362646982957,1
11240,0.7235093538350481,0.7040968588999807,2
11241,0.6509871276181238,0.6367342834587463,1
11242,0.1292037577055459,0.1333496821909771,1
11243,0.2807062635397673,0.43863325835178907,0
11244,0.7229126349896132,0.6671891698381559,1
11245,0.0719108278539245,0.11087523345715215,1
11246,0.8183494695557276,0.7594029567975265,2
11247,0.5434261391092186,0.4899101684137166,0
11248,0.1009875230802137,0.07556527583698573,0
11249,0.1658750428843144,0.17666754225434844,1
11250,0.2544516036970084,0.23593040344770727,2
11255,0.1830315832635003,0.14472576024907394,1
11256,0.0806672410628271,0.05909983809703992,2
11258,0.0714729767756207,0.05756419945812573,0
11263,0.3048509426259963,0.2836825410658952,2
11264,0.462433471433971,0.39794654539416086,1
11265,0.365802490895578,0.4413037280456885,1
11266,0.1886601640154524,0.23792165182383473,1
11267,0.8001138311913774,0.7764862639061356,1
11268,0.0354152313788048,0.04277076929555387,1
11270,0.0461909797148416,0.0282751203687477,1
11271,0.3912208433463122,0.25140838145871824,1
11274,0.1315941241032469,0.11990030465650316,0
11275,0.0766681973775775,0.08055716121975212,1
11278,0.3046259006077845,0.2183106150821479,2
11279,0.0687793125541753,0.057708507855713645,0
11280,0.2110582203580976,0.21483606614326334,0
11282,0.1198500133475334,0.14569448109908717,1
11284,0.6144527816119748,0.6277282021349657,1
11285,0.2805032294848849,0.22849979513209775,1
11286,0.684914904063044,0.7202747323252916,0
11287,0.1829589598097386,0.1811494036776874,1
11288,0.0688725676215468,0.07288217189876242,2
11289,0.0776850676291056,0.12277362564458691,2
11290,0.1634076540164698,0.1368658248644872,1
11292,0.1237274089100608,0.10923786407711777,2
11295,0.16938001613082,0.1355312193900837,0
11297,0.1228739757350683,0.09851695285467944,2
11305,0.0673677429619583,0.05816892500593468,1
11310,0.0608704444038479,0.06349561194821812,2
11311,0.1830368471249043,0.1811875514974317,0
11312,0.0900986575406132,0.0632831263691007,2
11313,0.0445959333401704,0.028121044649225223,1
11314,0.1594306860200992,0.13805060774593556,1
11315,0.5628614943760966,0.5192152228830167,2
11316,0.0824036101172704,0.06402221114700477,0
11317,0.0917398906417125,0.10094662471062057,1
11321,0.0784126768339369,0.07791511945491603,0
11322,0.190380952780325,0.20665616317692082,2
11324,0.0592598232186843,0.038968840097244654,2
11327,0.0509135743740348,0.08125611326976714,2
11329,0.0543865849716213,0.048971748484811756,2
11331,0.0921799340250106,0.07126645377580978,1
11336,0.0987716084643311,0.08776160843903025,1
11337,0.08088296758306,0.09483542586316786,2
11338,0.0902933219439315,0.08201027617330713,2
11340,0.2398778022197893,0.21541092302665116,1
11341,0.1595653868517956,0.15862244957266344,2
11342,0.1163714097074015,0.10202351466740317,1
11347,0.2608844580001493,0.15705274757633614,0
11348,0.1210954787181092,0.11414090360390615,0
11349,0.1146128597494378,0.0999197315319406,0
11350,0.040787864166498,0.03458408616973342,1
11352,0.164922948924097,0.10890629454607616,0
11353,0.2012517082714922,0.16296179715574116,1
11354,0.0339044899897688,0.03042248150686445,0
11355,0.2218842235437846,0.15547523029683033,0
11356,0.1909304386124327,0.15099780133714225,0
11357,0.6011238205855771,0.5400787914988693,0
11358,0.2776653472804327,0.22629949137998728,2
11359,0.1352862883991298,0.16031547991310507,1
11362,0.4338101597623828,0.4084899960545428,2
11364,0.0503274820155557,0.0487743419298252,2
11365,0.2106105665995708,0.20741400430593293,2
11366,0.1604187982520166,0.15920298693580864,2
11367,0.0611017035182385,0.05123855099914583,2
11368,0.2937718401339689,0.31540342925352727,2
11369,0.3184725372846465,0.31299853228860575,2
11370,0.2284515788053185,0.25388573505783074,0
11371,0.1954134783789427,0.23325191895660433,0
11376,0.0504009959280185,0.0406315577425768,2
11377,0.0907390790242057,0.08674822965695357,2
11378,0.136190737586412,0.1441686449027171,0
11379,0.095630279645861,0.10747259473173815,1
11380,0.338854145871027,0.3785701835259661,2
11383,0.1254575531501536,0.1544527054868175,2
11386,0.2338942898010214,0.18913746557667005,1
11388,0.2685129399236494,0.29134386475017665,0
11390,0.0309916054902204,0.0243387355440138,1
11391,0.124132029366395,0.09107683973594842,2
11392,0.0891748355894579,0.07982028236960692,0
11394,0.165601355253349,0.1185657761283605,2
11395,0.6987698436045295,0.691739590563586,1
11399,0.0953853630933584,0.08417957924379296,1
11400,0.1142716299411144,0.08796181897048592,1
11402,0.0605530499621348,0.0678603346416318,1
11403,0.1742543902441149,0.13457335604658,2
11406,0.0553959389675014,0.04713168128969935,1
11407,0.1075224463414537,0.1185734189002128,0
11408,0.1050338681373831,0.11890987267662642,1
11409,0.4110823844701183,0.576676341128122,2
11410,0.0617130510380015,0.0490382886635845,1
11412,0.1838665948058011,0.20657472301775656,2
11413,0.1465635330111618,0.12507246215918785,1
11414,0.0669903007139135,0.05420301906179545,1
11415,0.1371553797910869,0.10557080903826854,2
11416,0.0530063121041992,0.04127320443120387,1
11420,0.325294101706345,0.2746347326126089,1
11421,0.0535379561499018,0.05454674118488515,2
11426,0.5060379769820267,0.4739653286797293,1
11427,0.2697434209307168,0.28594337443445095,1
11432,0.19062814059497,0.16602791121841898,0
11433,0.1365736309608605,0.1546657649523136,0
11434,0.1481460356592346,0.172283719583839,0
11435,0.0792727369226763,0.06005708899445202,1
11436,0.63165839689709,0.6351228346491787,1
11438,0.1366812177636965,0.1059639670318706,1
11441,0.7743762444565835,0.787786913363719,0
11442,0.1372178671182541,0.14681556033912235,2
11448,0.0777232010347574,0.0723312882875429,0
11449,0.0565921283679884,0.07292141516688963,0
11453,0.4152697567921538,0.46614764962958233,0
11458,0.5250375986795455,0.5808874391484589,1
11459,0.1246625536474525,0.10075385672290378,2
11460,0.1226009249101136,0.11700819678135355,0
11462,0.0509236000770379,0.04819557356899708,0
11464,0.2016732665256854,0.19947486105556778,0
11468,0.4782020332885186,0.4608089583764576,0
11469,0.193674306916003,0.13133936800745175,0
11471,0.260051483930664,0.29050157980129204,0
11474,0.1363411754902685,0.08364355710946365,2
11475,0.1352685182503898,0.17205563488907266,1
11477,0.0554028802056402,0.05556741480225847,1
11479,0.1506998684126876,0.10663413331053065,1
11483,0.1173546686026103,0.08783897842381815,2
11485,0.8077538540459417,0.7814195467876963,1
11486,0.5592139274893912,0.6074506615227251,0
11489,0.1084046483466998,0.12733705277381335,1
11492,0.0704849386354994,0.05712957396085125,2
11493,0.0850259636989133,0.06920606083292413,1
11494,0.1749353323709005,0.2640264242927439,2
11495,0.1263603083289286,0.11345374887571913,1
11496,0.120066928058521,0.09167611844515179,2
11498,0.4176300702221311,0.5310505196821613,2
11499,0.280621028715166,0.26125173157332526,2
11501,0.1131471166900316,0.12633806525421018,1
11503,0.1185592033759133,0.10991848716074003,1
11505,0.2062892878614359,0.19843934449467493,2
11506,0.1215673166316685,0.20152477074761604,0
11507,0.2272570745257667,0.20754752525483733,2
11508,0.5654251053867937,0.48032276348744096,1
11509,0.1822534250352622,0.16986728624328745,1
11510,0.0698690792961737,0.06470088102590005,2
11511,0.8737253328811596,0.8963721183574662,0
11512,0.2300844183247271,0.23792364356328138,2
11513,0.0675903258109404,0.05609664696980735,0
11514,0.0744015201500482,0.04552923293453987,0
11515,0.0942121352487411,0.09887469477238742,1
11516,0.2032508260703976,0.1971670400505648,1
11517,0.7382915955326975,0.7433845147173849,2
11518,0.0475933647731513,0.04745758501633082,2
11519,0.1525864066321911,0.11874018115690102,2
11523,0.2232390908799439,0.2244939883391326,2
11527,0.0783929083702763,0.0716417028505775,0
11529,0.0615050475249695,0.05326559574901882,0
11531,0.0797925105963505,0.08628708268301875,1
11533,0.1141629621301137,0.1163179969678717,1
11534,0.1361918584075452,0.060255408179291176,2
11535,0.2263361161203287,0.17413393859167248,2
11537,0.0502824877539538,0.09113275163305647,2
11539,0.3614192695107071,0.3097616935049911,1
11540,0.3024838100132821,0.36436949725933054,0
11542,0.0433823267385389,0.0448583505930501,1
11543,0.181735429448263,0.16716473614322144,1
11544,0.0936445931322898,0.09685776415386596,1
11545,0.1165774022537378,0.12322705566681993,1
11546,0.1009365357993847,0.09756255654326174,2
11549,0.084911176534451,0.07554973820763042,0
11551,0.402028959240192,0.41186532070130044,1
11552,0.2869820118127774,0.26106643644471406,1
11553,0.2640506370064306,0.2873938955740499,1
11556,0.1477293835648604,0.1146647785755112,1
11557,0.1370100049343066,0.1356102444584091,0
11559,0.8141619589928785,0.8026702645281967,2
11561,0.2187265125654488,0.12685246829586844,1
11562,0.3291745162182551,0.37556672076283093,0
11563,0.1321597222551216,0.11493810068486215,0
11564,0.0796300270713618,0.06739959119902783,2
11568,0.036665282891652,0.021863131025851325,2
11570,0.1076009328992252,0.08957892576972593,1
11571,0.0245527836221806,0.0256757330703627,0
11574,0.2653402759338742,0.3405781731631038,0
11575,0.113196610878302,0.10181597424822646,0
11577,0.3250583517415891,0.31297043487262954,2
11578,0.5875596546867773,0.5257229020959499,0
11579,0.0525085891650874,0.03723087909681538,2
11582,0.4891202588946117,0.5482402973863879,0
11583,0.0791187453137771,0.07529115843569893,1
11585,0.7206967792503735,0.6099437379244685,2
11589,0.1709279893366258,0.16722784776008146,2
11591,0.7079409625042353,0.7113617957053588,0
11592,0.2216977372597744,0.2799158499105414,1
11593,0.2364565859582055,0.24999587557498654,0
11595,0.1209677278034067,0.11179102394351342,2
11596,0.1153159254415098,0.13683207271220243,0
11597,0.1476607657473862,0.16466857874482344,1
11601,0.0839775240331309,0.09570772581969528,2
11604,0.0848643179030748,0.061264079845927924,1
11609,0.4169332386428791,0.43026148584661805,0
11610,0.0942927652831512,0.11523095712218583,1
11613,0.0626838482336727,0.04604305037316225,0
11614,0.1647208046642675,0.16938383540522578,0
11615,0.2637664864076257,0.23497436297937044,1
11616,0.2324305174028032,0.19844289462675507,1
11618,0.3310193845623981,0.2991400086802826,2
11620,0.1563709672074189,0.15739031905722453,0
11621,0.123071842555311,0.11062752273616885,1
11622,0.1579624955258592,0.18279172821883835,2
11623,0.3460758186720171,0.30003566430123213,2
11625,0.0124975946977993,0.014393759500053975,0
11626,0.7899928353841725,0.7893997857181092,1
11630,0.1874421081066418,0.18033235367080325,1
11633,0.0709936465611458,0.0753325410543181,1
11634,0.0538012058753284,0.07342324373438353,1
11635,0.048814409325121,0.03953157916193607,0
11639,0.1834884868342374,0.1771024245647917,2
11641,0.0931753923544025,0.08039180490095055,2
11642,0.6720793803750325,0.7105722613225698,2
11643,0.2806765058757441,0.3285467905392286,2
11645,0.0997608153532139,0.09708982914725342,2
11646,0.1406167171811274,0.13434372890918508,2
11648,0.0757646386528602,0.07574808174368125,2
11649,0.171846003682737,0.14477339152707916,2
11652,0.2604005807946706,0.21441803950099297,2
11653,0.2655866601486874,0.25413840657483633,0
11655,0.052640942772275,0.036383981259367246,0
11656,0.1946318634089174,0.1447053475867509,2
11659,0.5536715601005487,0.493437143513081,2
11660,0.0897573515339309,0.052599730551767594,0
11665,0.0297156225490105,0.026840862613814572,1
11667,0.5790508721775998,0.5730590528421409,2
11668,0.1428577985934202,0.19872880209963828,2
11669,0.1077401070722855,0.09897524879644232,1
11673,0.0795787720731558,0.059756008823658766,2
11674,0.089119146827954,0.08393040447158563,2
11675,0.0962567180793999,0.06367685805201395,1
11677,0.2999697949592721,0.2924083780605966,0
11678,0.1917846488538065,0.2319742234609906,0
11679,0.0804890209696029,0.07557600595688654,2
11680,0.0431021298921974,0.023050906713105546,0
11681,0.2268278641258478,0.18608451890326447,1
11682,0.7892804482246327,0.6671334140617052,2
11684,0.0877303201153277,0.11310760161932196,2
11685,0.2413152820508829,0.22748340592140676,0
11686,0.0739491034040813,0.06707449687482453,1
11688,0.1049791890926666,0.11760539978002066,0
11689,0.1688063133962461,0.17071466602729685,2
11691,0.2913937375728302,0.2092177125003531,0
11693,0.6132253530632853,0.6327387066392631,2
11694,0.1543223461898144,0.13764665641900617,1
11695,0.2577326485272206,0.26303264777647123,1
11696,0.2162318085021618,0.15456542934496137,0
11698,0.1818356576212134,0.20973545778055522,0
11699,0.0883090310433804,0.05833621501005533,2
11702,0.7026104860533067,0.6828923314475146,0
11703,0.0731030820129601,0.06375515653840672,2
11704,0.2313974881714123,0.31278125326215145,1
11706,0.8904576023852948,0.8923558311683912,1
11707,0.1176996247030046,0.17622683908774567,2
11710,0.0704141752384948,0.059988545485946794,1
11715,0.2764699625157705,0.35572232840063034,0
11716,0.1577653664842187,0.19117778497436855,0
11717,0.8211961861068865,0.8284926821112685,0
11718,0.1156848883084759,0.08937066294083504,0
11720,0.813527734810709,0.7742525069456456,1
11721,0.7802111572520821,0.8194189652011653,1
11724,0.1067618528792608,0.10211602550414849,1
11727,0.120668452803646,0.12975711890435918,2
11729,0.0711198746263174,0.055473928212965276,1
11732,0.1667699671410111,0.15130354549566058,2
11734,0.0338286410737608,0.01777001676009295,0
11735,0.4937834534865116,0.5664327473328195,1
11736,0.0992562501559946,0.10409835868220245,0
11738,0.1074120905583589,0.08144014920973648,2
11739,0.7118523242551682,0.7349115625471404,2
11740,0.8412509720283293,0.9041644522029778,1
11741,0.2530917600265835,0.2496018617811926,2
11743,0.1244892667134271,0.1024510685332454,2
11744,0.5791008269608431,0.5236953236402052,2
11746,0.1018688739911764,0.10776024514608677,0
11748,0.0714529786309778,0.044888597489096654,2
11753,0.1031599251336412,0.06558811681097668,0
11754,0.0497532628941552,0.04752650522482957,0
11755,0.2398703460908903,0.2557699124110256,2
11756,0.2165817060284683,0.25947420056454507,1
11758,0.3563518257529595,0.3689100927521919,1
11760,0.1341271634597697,0.09114572649080133,1
11761,0.3560894207704528,0.40902024061555126,0
11763,0.0684730641934166,0.06782449139482026,1
11766,0.0258223417718048,0.0239291837342745,2
11769,0.0642478441423956,0.06557374497596762,0
11772,0.5774454543268658,0.4712387393267608,2
11774,0.2322210949730878,0.27516892322952013,0
11775,0.1922500154244597,0.19204960434787327,1
11776,0.4097067068123396,0.43825478104546145,1
11777,0.7569527991872639,0.7331617875754589,0
11778,0.1127313122400792,0.09618745880362432,0
11779,0.1515552168789675,0.12212962037637287,0
11783,0.0470177544175939,0.05448927708966313,1
11784,0.1112606443158586,0.09151957776729437,2
11785,0.6940430471358652,0.5436207563365931,2
11789,0.0645188199179109,0.05875571419692393,2
11790,0.1997959620986399,0.19302069274681044,2
11791,0.187772247371839,0.19797105123374406,0
11794,0.2909416974775108,0.2207535689910992,1
11795,0.4964602224854624,0.34652317293059565,2
11796,0.0288938542242336,0.0332905602351822,1
11797,0.1751252639004843,0.20021628522063162,0
11798,0.0577259112760959,0.059732924735966746,2
11799,0.1015426864643695,0.062132140188590576,2
11806,0.1309320782069664,0.10894405992152711,0
11807,0.1445636777856769,0.07396030736569037,0
11808,0.0535576552786268,0.051640616509746905,2
11809,0.1878003976652819,0.13330779463607284,2
11810,0.0939601603335157,0.09308726525834175,2
11811,0.1144845017760462,0.11105767001611315,0
11812,0.1464190683511738,0.10129687095849435,2
11813,0.1252774688019203,0.09619703378576878,1
11814,0.472666367221972,0.5027241327186602,1
11820,0.0671479314666697,0.04132297633440282,1
11824,0.1289201398939944,0.18008319796190564,1
11825,0.585547865345306,0.5034961050225495,0
11827,0.6659322570220344,0.7027970319394048,2
11828,0.4525798536526298,0.4701691503930531,0
11830,0.7885350149790028,0.8181693758936213,0
11836,0.1395363510308182,0.16347585704820577,0
11839,0.0319894665490372,0.038901026974047556,0
11840,0.1075761607034929,0.12329619921755074,0
11841,0.1105833468958298,0.09333315958097452,1
11842,0.1553908130318798,0.2907872821139863,0
11843,0.1745604644199104,0.1572289375372597,1
11844,0.0834504027951713,0.0720996153571605,1
11845,0.7889972271369822,0.8047363621622047,1
11847,0.1169636213521086,0.21494320904225991,1
11848,0.07839422272096,0.06415141946566898,1
11849,0.1196285136223812,0.15704438269520088,2
11850,0.3046758337253226,0.3528859988109016,2
11851,0.2765654599026702,0.3190552068777457,0
11855,0.7704083961556074,0.7682918785174678,0
11858,0.0997166019687447,0.08850552462868791,2
11860,0.0567963802566738,0.037727153391756696,2
11861,0.1277995477790734,0.13055680661403152,1
11868,0.6903869168784036,0.7481278042603069,2
11870,0.21148009181706,0.22069944810203732,1
11873,0.07609613138001,0.0793537733171971,0
11874,0.7819295598960628,0.6640066321943425,2
11876,0.0529464216970906,0.05487633682454232,1
11878,0.0648281890780189,0.051602639791393776,1
11880,0.0829287057475518,0.07415099267501245,1
11882,0.042441130394625,0.03905696709890698,0
11883,0.1799174310251014,0.17344253055565773,1
11884,0.0598676275570221,0.0451744852609016,2
11888,0.437403769549201,0.3192580050751721,2
11889,0.1481757839771178,0.1451009322680709,1
11890,0.2088368051938443,0.2612604610347186,0
11892,0.3381063060303769,0.43060040302344316,1
11893,0.3555356372947352,0.37561171933295306,0
11904,0.055561980776597,0.0490196410611702,1
11907,0.2246170140262168,0.2946425966225103,1
11908,0.799479101670016,0.7869160740307637,0
11909,0.1018724189184039,0.09532557322210808,1
11910,0.1121046185762122,0.12197257705607914,1
11911,0.2838379136527422,0.28069387114681926,2
11914,0.3451148731596766,0.3449828796723206,2
11916,0.0474172723224015,0.042689173374114174,0
11917,0.045321674539013,0.04823088627503015,2
11919,0.1577555430506541,0.1393660104547728,1
11920,0.2021899955101716,0.22511877325718838,1
11923,0.1009699666984275,0.08155870877099412,0
11924,0.0912318535402027,0.10513360080680736,0
11925,0.0767524408888903,0.07348636365058635,0
11929,0.207728232440769,0.18068734208124312,1
11932,0.0611811157414659,0.054451100477108355,1
11933,0.1677502455480448,0.19341268741320738,1
11934,0.238493423233,0.1943714978868682,2
11935,0.1500863907862869,0.11183555663753496,2
11936,0.1412508813801856,0.20494809534908665,2
11938,0.3418085509828977,0.3268680488253602,0
11941,0.0393424846435812,0.030912686827061622,1
11942,0.1682417710604337,0.15310771987633615,1
11943,0.5536987127106158,0.595235581421882,1
11944,0.1365644411022206,0.12831904563153712,0
11946,0.212913134686429,0.24310147834774676,0
11949,0.0533037935469691,0.09019480502541094,0
11950,0.1011255764488391,0.15942792814053203,1
11951,0.1693162624526832,0.12400805502993287,0
11952,0.0485098596687104,0.03988585238005627,2
11954,0.3011120618546527,0.24790570752368807,2
11956,0.0844046302464808,0.09749069039419145,1
11957,0.1168969551743729,0.11502643207043475,0
11958,0.1694952275363651,0.19727801038861437,1
11960,0.6155653962888094,0.6654156806493676,2
11961,0.0571033436577697,0.048672352723728024,2
11963,0.3477967806749542,0.4072905320772212,0
11971,0.2391016356994619,0.22725282626016016,1
11972,0.4151876969640173,0.3999797977143181,2
11973,0.1761317249122203,0.12508150469097432,1
11975,0.0334439349420278,0.03608804634637115,2
11976,0.1746369894804963,0.1519404992998759,0
11978,0.7046925608802095,0.6728185320021224,1
11982,0.0602588292896397,0.06774914771949996,1
11983,0.1725691794449408,0.17159169849715716,0
11984,0.4743355709133993,0.5272913041489321,2
11985,0.0757657543333471,0.07971462292800649,1
11986,0.1133888056917539,0.1025849709854535,1
11993,0.0680946920065777,0.07186073250528277,1
11995,0.2725711788400157,0.24518825108275868,0
11997,0.1320447639580403,0.16414546333692692,0
12002,0.0724616959909933,0.07024503969469238,0
12004,0.3382632931945796,0.45377836286657885,1
12005,0.0846886153287095,0.1582772763817603,0
12006,0.4879690898047302,0.5023146641030061,0
12009,0.1307823039034936,0.15176202553175439,1
12011,0.7934493320298914,0.7554600221948434,1
12012,0.2115837507834025,0.1986469242266022,2
12014,0.0729737125886063,0.06123314074535208,1
12015,0.1077048797123403,0.12444494299187679,1
12016,0.5614976459790934,0.5944396050118266,1
12017,0.1829246190616197,0.14268855731418764,0
12018,0.8825470390647097,0.8879311838235986,0
12019,0.862556523000577,0.9048598593105373,0
12020,0.1408490709841066,0.14569976890041447,1
12021,0.1187724424141576,0.11043000480138072,0
12023,0.2154365507247939,0.23597623416258523,2
12024,0.2048632785731282,0.1289614667004981,1
12025,0.6638664508078732,0.7183253355825852,2
12029,0.3892324625753867,0.35127110788493576,2
12030,0.5403250422894106,0.5470685344191528,2
12031,0.1424376279368145,0.12202266843361854,2
12033,0.0771491027445891,0.09014678486007965,1
12034,0.0691674159672907,0.057192358816663305,1
12035,0.1922790254953638,0.19503087794175095,0
12037,0.0844844552807503,0.0768644809731982,1
12038,0.070053237811817,0.07161619663403637,2
12041,0.0626191494301062,0.05140408307070118,2
12043,0.1212296828536841,0.16191873785408484,0
12044,0.3186128974376741,0.27823069206151785,1
12045,0.0899584561065895,0.1135938267192059,0
12047,0.1234869282864614,0.1235214935407912,1
12049,0.3747334219865521,0.3341256367517025,0
12050,0.1161935870773857,0.1563405031391125,1
12051,0.0853745817214626,0.0759867664054627,2
12052,0.6371323259165262,0.5734016123030736,0
12053,0.1608262244279179,0.13252313919866876,1
12056,0.0696260056761913,0.07061396722343635,2
12057,0.1700995791249112,0.10705680488210785,0
12059,0.0979311954767679,0.08596312248059387,1
12060,0.0316385659811001,0.030051032924037074,0
12061,0.1019785108708594,0.11328178860424504,1
12063,0.3195929509786271,0.3483074129004016,1
12064,0.0597613006195592,0.042928684608596175,1
12066,0.2404705884012281,0.18270521294544936,2
12067,0.8102650887629443,0.7563472859117029,1
12068,0.2516850317938869,0.26512918326811913,1
12069,0.2393289164130206,0.2849196813402618,0
12070,0.0947578444602804,0.08037949196817365,2
12071,0.1326423656098892,0.10596077696075355,2
12074,0.0555190490468522,0.05534851623528263,0
12075,0.2218864604296121,0.17580380565939946,2
12076,0.2799416182915653,0.26798593698654116,0
12079,0.7013218035677878,0.7084143910887557,0
12080,0.0261344986249447,0.0229669390366099,0
12081,0.2761185301651516,0.23633798574468046,2
12082,0.0388215223904129,0.04343684447951538,0
12083,0.2463683433070697,0.1598224088767119,0
12084,0.6546362769293034,0.5129317915227954,1
12085,0.1482659914526961,0.1838676035789082,0
12090,0.2852046578729192,0.39387164278274955,0
12094,0.7911506988933242,0.800319857997971,0
12095,0.1963054101827743,0.1832455846486875,0
12097,0.6334368290972114,0.728318176570437,0
12098,0.0676236665877581,0.05152212809283575,2
12099,0.3252930239304807,0.483152888135187,2
12103,0.1674920417760488,0.18486824550936973,2
12104,0.0519519907733063,0.02515466699939365,0
12105,0.1599218473046031,0.1749987458964734,0
12106,0.065585430600261,0.0460061402992666,0
12107,0.1276743050921359,0.10090648106905799,1
12108,0.0959880510753017,0.07800295010967886,2
12110,0.062553865834911,0.050852454383412876,1
12112,0.0350209975375393,0.027918435080448903,1
12113,0.067551892492329,0.05393965368333147,1
12114,0.0789727373607119,0.0744554785189783,0
12115,0.1490827314996653,0.14302730417391463,2
12116,0.1386622190655234,0.13174051235394788,1
12119,0.0636232664285735,0.04230595507444193,0
12121,0.6213166932751678,0.6998204180529034,2
12122,0.4327198397766051,0.34186122903299443,1
12125,0.0598469479996685,0.04960412851765558,2
12128,0.0687143824884341,0.045143357933572575,2
12135,0.0877524399368922,0.05862174279345099,2
12136,0.1729823819997298,0.1854580320749274,1
12137,0.0602573549957598,0.05870457647005194,0
12141,0.2944066762102151,0.3649458332305434,1
12142,0.2298580479291876,0.25481462761581886,1
12143,0.6529095150787754,0.6889022349910079,0
12144,0.2091265570954791,0.1317050098210535,0
12146,0.2021574871229454,0.1875659448137817,1
12147,0.0846380948043003,0.08991731213818407,1
12148,0.0668411470173459,0.0506487321856222,1
12151,0.1267910012110431,0.16176261674951714,0
12152,0.1830906899681277,0.19867868351245793,1
12153,0.1806273342237514,0.15191188490174626,1
12155,0.7447034114631929,0.7324978230457957,0
12156,0.5202677093254993,0.5072060294994105,2
12158,0.4306284436772639,0.4675901786127059,2
12159,0.1892959480747574,0.25956811214000935,0
12163,0.8581579534441841,0.8612721865438926,1
12164,0.4923744706379873,0.5485238726249899,0
12165,0.1455964105852037,0.15896441668592873,2
12167,0.0724652919897906,0.06493762111463665,1
12169,0.1413130864914197,0.1354989928030378,1
12172,0.0476540741691769,0.05621173697591835,2
12173,0.1589585218329532,0.12200753553938216,1
12174,0.0807771729078846,0.088324250869954,0
12175,0.2522880281309272,0.29605784224836906,1
12178,0.0824269100797975,0.063753422456011,0
12179,0.0687104755828884,0.061538472214709206,1
12180,0.1140097112551809,0.12698318322970084,2
12181,0.1321479564042824,0.15078213526704484,1
12182,0.0498333191475965,0.03820761764571695,0
12183,0.064539103686655,0.05127480258251485,0
12184,0.0439122636450513,0.041955286955855875,2
12186,0.080909466644952,0.06356996566730871,2
12187,0.2078374142997699,0.18891899487004465,0
12188,0.0997892432926368,0.09809012305877013,0
12189,0.101597660214894,0.12152289205144665,1
12191,0.1887096782353049,0.1573597098499243,2
12192,0.837715937251848,0.7733224078420228,0
12193,0.4064773257746564,0.40420321860298863,0
12195,0.1158987581514635,0.09224551748282843,0
12196,0.5726296359529837,0.5505717584932349,1
12197,0.8450403155602452,0.7573340568605454,1
12199,0.0909129691467999,0.0879289225108287,2
12201,0.2013243634986736,0.1943824887147153,0
12203,0.3151252673123706,0.2689077540185635,2
12205,0.0855201820245088,0.08305938224328933,1
12207,0.6615655425579489,0.5212838312695045,0
12209,0.1769398137192655,0.3534978065352599,0
12212,0.1386260774355137,0.11898944775057958,0
12216,0.1439933880093619,0.14356589311708695,0
12217,0.7683463057146706,0.7551854775481115,1
12219,0.0317314465548174,0.036797021597348475,0
12223,0.3664053251684788,0.3357806472950109,0
12224,0.1560754029732358,0.15085549397519354,1
12225,0.6554584905142901,0.6579092247075886,1
12226,0.1431107058557083,0.13107281808809906,0
12229,0.1108224568872985,0.08084576144106365,1
12230,0.0591592686783882,0.06332396339069703,2
12231,0.3790137343055287,0.3826369710868649,0
12232,0.3180265592589095,0.307699104285174,0
12233,0.0964702598260943,0.10215568972777503,2
12236,0.7804483659622079,0.762240415725497,2
12237,0.663070389043161,0.653938204773566,1
12238,0.7748815384973794,0.7357743167136439,2
12239,0.171399080836798,0.20106247407158798,2
12240,0.0802246749903677,0.09029929158456138,0
12242,0.037100176164242,0.03149571741830955,1
12246,0.1512226219643746,0.19769499496938853,2
12247,0.1194522431349937,0.232405721526181,0
12250,0.1220266265153129,0.13700046837950502,2
12253,0.3209788479101226,0.30511857043823665,0
12258,0.2502416747732006,0.324561751728494,1
12259,0.1512868456465877,0.14280552582640396,1
12260,0.2131168357776935,0.17575681857746667,0
12262,0.0470385976686835,0.022948355245893053,2
12263,0.310115554435681,0.312100454956735,2
12267,0.2477305017810152,0.2715730763192363,2
12268,0.082635006646165,0.10225016700266992,2
12270,0.1070421551776902,0.08507215043917943,2
12271,0.1978098802969579,0.207050625013501,2
12272,0.0809450641345041,0.09801169709638197,1
12273,0.0488623059258639,0.03361187838706303,2
12275,0.7277395153725803,0.7598581771483032,1
12276,0.085068022498138,0.09550895331264948,0
12277,0.0270544148904151,0.04109545190601755,1
12278,0.1031570836844547,0.08915456422205986,1
12279,0.5474706131940204,0.4846505294997665,1
12281,0.7969391475371336,0.75930649856983,2
12284,0.115342219131208,0.15513938751882722,1
12285,0.0721986550892966,0.07988751390035963,2
12286,0.2003779007978623,0.2737093937093359,2
12289,0.3299629510014822,0.3319845104330088,1
12290,0.1471502902922556,0.16330719391093493,2
12292,0.1913792207549255,0.17329528635301242,2
12293,0.0335461614864623,0.05163896583762572,0
12296,0.1026448245272894,0.1176967205840848,1
12300,0.1139850838392498,0.10882024969526725,1
12302,0.5651800618396782,0.6508840045666682,0
12303,0.4751002140210349,0.40228766215131306,1
12305,0.0589134828536917,0.06251288230959362,2
12307,0.1280833386282018,0.09646607601023588,2
12308,0.441429754362333,0.4123121565515429,1
12311,0.077834068588679,0.06784241772448338,2
12316,0.2258320857471366,0.23002742432377582,0
12317,0.0939604769001681,0.12048341733718743,2
12318,0.0451103397198673,0.0389701496507616,2
12319,0.7031388234391761,0.7875224894203328,2
12320,0.0282229325987719,0.0441200839389885,0
12322,0.1477602367878456,0.15053507915990116,0
12323,0.1788744362498767,0.20778350260544504,0
12324,0.0959000548029111,0.07992213768123692,1
12325,0.1176294223691745,0.14671699413837475,0
12328,0.3381833468811687,0.38174793464055373,2
12330,0.2101134218072353,0.2510332851948542,0
12331,0.2046626121002297,0.18435839777059065,0
12332,0.2608663329161808,0.20089524826699798,2
12333,0.2629861247780448,0.21135687239031994,0
12334,0.1473405940343135,0.2508343547091827,0
12336,0.1674073773394634,0.18338723787182257,2
12337,0.1420350869722818,0.11234791184242097,1
12340,0.1058337556838017,0.09497456610411675,1
12342,0.1261760116493452,0.07136591889116801,2
12343,0.2108882578932803,0.1734209549224784,1
12345,0.6242944435754596,0.7148541367581519,2
12346,0.6285713688641498,0.5103282947001756,2
12347,0.7400819050320888,0.6523958511238319,2
12348,0.1849106651611219,0.2932386862419723,0
12349,0.1167209514036682,0.15105427041624186,0
12350,0.1637194211800845,0.1469632319816639,0
12352,0.1241335984545235,0.10801181302012378,0
12354,0.7131647026651446,0.7338450364319052,1
12355,0.136125827651052,0.12365419466310916,0
12356,0.1215505342966678,0.0899085710416867,1
12361,0.0943509429104919,0.08873894081154579,2
12362,0.607858948654475,0.6030703775695219,1
12363,0.4065244981076014,0.4607755648825863,0
12364,0.0570781834155259,0.05745099006593092,2
12365,0.31800743821733,0.3377603368224198,0
12367,0.1122257006748853,0.10963824066199446,2
12369,0.0984436676047522,0.0933566226631507,1
12372,0.4548001800481413,0.3589430355936246,0
12373,0.1563761866430179,0.15742093952268865,1
12374,0.0285133558776363,0.03452298368227068,0
12378,0.0928910212455295,0.05743434391920753,2
12379,0.347396017567327,0.36872981533473465,0
12382,0.067165161313894,0.0641957834883663,1
12383,0.1868901930132338,0.17586285223531326,0
12384,0.0653591672518704,0.0767283353249443,1
12386,0.1041582528682811,0.08297019017852018,2
12390,0.16259569830078,0.1589496263506981,0
12391,0.6716058346568783,0.6500578358729168,2
12392,0.6994443476051679,0.7382310345739955,1
12394,0.1332156711681803,0.13359137239110822,1
12395,0.6339578690483512,0.5638701617132444,1
12397,0.1678374060099044,0.1159133828310235,2
12398,0.133988680817978,0.1501395152396553,0
12400,0.1213876985586272,0.11351537325616175,1
12401,0.1907909157091587,0.2490580501614784,0
12404,0.0510093295062055,0.046401822448499,0
12405,0.08754225660613,0.08815944978253035,1
12411,0.0441570515796188,0.043886894367832094,2
12412,0.1826683351899574,0.20160516256679903,1
12415,0.2013355841576374,0.19585985376687354,0
12416,0.0579289781559824,0.05398326238800065,1
12417,0.5985739860339857,0.5341432512264936,0
12420,0.0456140901307967,0.048623168032802255,2
12428,0.1384678501510534,0.15647693160240878,1
12432,0.0905846209379437,0.0518800803584608,2
12434,0.2289737360949693,0.21039975014955498,2
12435,0.046535214329128,0.0492619483467845,1
12436,0.0706950699039215,0.07467280156409747,0
12437,0.1527563282444921,0.17367607553096331,2
12440,0.1195530688924469,0.07299258436034634,2
12442,0.0468915134088025,0.05212030261559813,0
12444,0.0585844206778321,0.06093581162034367,1
12445,0.2886724427887038,0.3325414456729589,1
12446,0.0520293998395836,0.043288231310135004,0
12447,0.0770150886454962,0.06656888568514563,2
12450,0.0825351237841863,0.0837156227403853,0
12452,0.1216248597566604,0.12076539260576946,1
12453,0.167450361565146,0.1599147285925558,1
12454,0.2863347049861547,0.32449495076585405,0
12455,0.1152070332005003,0.08791910632748014,1
12459,0.2469353492201371,0.23989720785679483,1
12461,0.1227005601205363,0.08572041301874983,0
12462,0.2614251127013822,0.17723981608501824,0
12465,0.1440510208004284,0.14804040476790759,1
12466,0.3123217468586268,0.353000148888999,0
12471,0.429237867826121,0.4183992884488151,1
12472,0.2551961900261651,0.32824923333223277,2
12473,0.1133130305999381,0.13043684523002116,1
12474,0.0305923444865964,0.023024180440143975,1
12475,0.0987922089128077,0.09121064632143717,1
12478,0.0633638380247752,0.0448097159982407,0
12482,0.7675063013828843,0.8308906820954638,0
12483,0.269479556118707,0.24249233465170905,0
12487,0.0893957080459503,0.07030408466864531,1
12489,0.5516231998658703,0.5310031851372153,1
12491,0.1872795588215758,0.15272558902930156,2
12492,0.3475324631755195,0.333102796713215,2
12494,0.6613353470489602,0.7331762329404821,0
12496,0.5564013243982157,0.5285257860944311,0
12497,0.633614780858479,0.6124308251631394,2
12502,0.1068684602132488,0.10001114920240517,2
12503,0.2237545035731878,0.2238658233417277,1
12504,0.1743312612242641,0.09986637231439428,2
12506,0.0921027866923951,0.07214955438564477,0
12508,0.3282912420789301,0.36130650997193925,1
12512,0.1095785965114539,0.09919932817750048,2
12513,0.1633970176162608,0.18142010493570176,2
12514,0.2223226136973318,0.1891826258896923,1
12522,0.0539613049886034,0.034027586773726755,2
12524,0.1088038791551157,0.07519552290642638,1
12525,0.7609470041418765,0.8235751594598619,0
12527,0.1449238774341845,0.12337453624982592,2
12531,0.0769837608313106,0.06035859591522025,1
12532,0.1901815526638488,0.2843364734832093,2
12533,0.7613082836173659,0.5880218402723635,1
12537,0.0916918267987365,0.06450235996437163,1
12538,0.2014324657170328,0.10449158581336551,0
12542,0.7501584578739454,0.663557876222888,1
12543,0.0864630620983156,0.09897146610390847,1
12544,0.1062759472633214,0.10973128023014214,2
12545,0.2270453570198913,0.2140508210684831,1
12549,0.2040457293901003,0.19350634930824767,1
12551,0.5753850640181376,0.5031312117375077,0
12552,0.0533480688194138,0.054030794293103875,1
12553,0.1585263845841341,0.16044114931906198,0
12554,0.24015806220563,0.21695215082635214,1
12555,0.1629838722390853,0.1561480550084037,0
12556,0.1173853020736771,0.11948628448902514,0
12557,0.3123196592628006,0.22526386794119693,0
12562,0.1702820496995471,0.47107580877136057,2
12563,0.2729478380963758,0.24385388988050327,1
12565,0.0671529988388283,0.050052544811328974,0
12566,0.1715598673937358,0.15870446187422402,2
12569,0.3260451552878348,0.3897341129190204,2
12572,0.0858172125343324,0.0747460872852534,2
12573,0.1482401623146704,0.15085577847768447,0
12577,0.5913830486496642,0.4790165210083149,2
12579,0.0290692543034465,0.019304498766791998,1
12582,0.0812648515321919,0.07526800323896604,1
12583,0.1572525626188246,0.1393668032302838,0
12584,0.0892821545080096,0.0497552184685584,2
12586,0.0810932814949288,0.08341392104488381,0
12587,0.1287520627972141,0.09517182719494773,1
12589,0.6986944561989841,0.6627207399600612,0
12591,0.2872550624341371,0.26844406683298927,2
12592,0.0482072561471932,0.052898114378688604,0
12593,0.7324685860752389,0.7115462619814574,0
12594,0.1944453730881878,0.17405374700933712,1
12595,0.1128992189408704,0.11876194605183343,2
12596,0.1728548610170429,0.20279414222704406,2
12597,0.0748571418923124,0.05706585066334473,2
12598,0.2540487543690217,0.26946587840180014,0
12600,0.1012051515861242,0.0606355768832899,2
12603,0.0952695300613754,0.07515856087183162,2
12604,0.7300573241452689,0.8077880469096211,0
12605,0.5014882076376431,0.5557272958785037,2
12606,0.1292117564244922,0.10164346599833012,1
12607,0.2299932399993724,0.21094541922613344,2
12608,0.1311546018334681,0.11115194703859373,1
12610,0.677079663339166,0.6262631459541708,1
12614,0.0468375407570306,0.04571600021505188,1
12616,0.0141703519158902,0.016088044950315926,0
12618,0.1226585030164701,0.10466082745101855,1
12621,0.0421420863064628,0.08289331026887542,2
12622,0.0750433815280268,0.07318722103698468,0
12623,0.7096875344420207,0.7100843655859559,1
12625,0.0638370184040221,0.060598750316865055,0
12626,0.0654201543167654,0.042883627117369705,2
12628,0.2469409131764213,0.20802716457602843,2
12629,0.1784517048412935,0.28693532304878666,0
12632,0.119813647174988,0.10893173214931234,1
12635,0.0427439861891242,0.06666263464434719,2
12636,0.19608832945844,0.20127565765226463,0
12637,0.1439567493262634,0.10028989787369674,0
12638,0.3460895688082497,0.29495666983165814,2
12639,0.083688568771049,0.08915531027457146,2
12641,0.1641715264296712,0.2024845354539909,1
12643,0.03090705128023,0.035096872463259474,0
12644,0.2282946433866275,0.2773930016486938,0
12645,0.6572010907515329,0.7335533236276955,1
12647,0.0332807447202874,0.037003077756765125,2
12648,0.0817866877752732,0.08007030230675177,0
12649,0.3075505497896461,0.3657603030983625,0
12652,0.1303588936279796,0.10464888258766497,0
12653,0.0858492345996255,0.08150819095634883,0
12655,0.1575932766162929,0.10399980763898904,0
12657,0.1090774176579009,0.08715676759031955,2
12660,0.1049139157839429,0.12861062852070163,2
12662,0.1173725366031428,0.0893955789386235,1
12666,0.1776762027719506,0.1860853022897268,2
12667,0.0511038153823748,0.029322238922374375,1
12668,0.07051722676609,0.06935670236207567,2
12669,0.2791108865717415,0.37810392642918417,1
12670,0.3219943692908842,0.361681042196197,1
12672,0.1123821299179374,0.12110995491474177,2
12674,0.8028045405678633,0.8827641806133881,1
12675,0.2405666143718915,0.24015455960581872,1
12677,0.3608260161268389,0.3106049205628284,2
12679,0.7666036987515832,0.7934826983284462,0
12681,0.2277782657523542,0.1962122033466188,1
12682,0.1823993934404354,0.17223455001057886,2
12683,0.1526269327889499,0.08960217572380555,0
12684,0.1052618447947439,0.1192830249927305,0
12686,0.2907175433606143,0.43357963878485856,2
12687,0.0530771167296371,0.048571197226961904,2
12690,0.1797359343003312,0.20253934666951623,2
12691,0.2017198050442249,0.2188531759201983,1
12694,0.0783781583786677,0.0853286885741476,1
12696,0.2775711220031017,0.28785139227170786,2
12697,0.0544542323758825,0.07517415437569203,1
12700,0.1884796779597786,0.18670961811725287,2
12701,0.1467410135781534,0.1375390289707493,0
12702,0.0984025566063643,0.12017124925185423,0
12704,0.6436301169891999,0.5701637642891055,1
12705,0.0680865531806085,0.049432791526915744,2
12706,0.7423391380333739,0.7245648791583847,0
12707,0.0631321026730077,0.06085760775808668,1
12708,0.0321839096306931,0.0270491897812537,2
12709,0.0447639805900739,0.048066937076836125,0
12710,0.1965783174592247,0.1783790221123075,0
12713,0.1868589853397928,0.27298535054383005,1
12715,0.0906858171536185,0.06900389587502624,1
12716,0.4813397811588095,0.4537194913440982,2
12718,0.1539156907683161,0.15530518509613594,1
12719,0.1069112337514247,0.12617822999060704,2
12720,0.0383424898737368,0.05796399672770007,1
12722,0.1406115183064484,0.12627125053737906,1
12723,0.0640785141255967,0.06901113181219855,2
12724,0.4562191498944589,0.36969054511735966,2
12725,0.1485239504744577,0.12638733664450397,0
12726,0.0224389327411609,0.031579915695491,2
12727,0.1547616072974417,0.1367173930535604,1
12730,0.0790695982376349,0.07019532985005848,2
12731,0.1241541603737273,0.10873787867654958,1
12732,0.7718264508985678,0.8038129462135285,1
12733,0.6028107701787115,0.547172796155267,1
12734,0.0772498529564777,0.07472126870027146,2
12735,0.3443324274627326,0.3609881565308752,1
12736,0.191197869861527,0.16038682149335343,0
12737,0.1367392313390177,0.12930814278848696,1
12739,0.1388696537569542,0.11962860236775201,1
12740,0.2602098273122834,0.19511015039106083,1
12741,0.2131413932590037,0.17840702330714905,2
12743,0.1201407323700694,0.15977529018119457,1
12745,0.1076879098911356,0.15248304337913465,1
12746,0.8567751535711797,0.8303274153945532,0
12749,0.1160448076884546,0.08648261860415202,2
12753,0.2218839658607118,0.23996403072506794,0
12754,0.3143957992066997,0.2810646293217379,2
12755,0.1218420226759964,0.07462865327657292,0
12756,0.2186396398645272,0.22069726602437273,0
12757,0.1440225016500036,0.1591447790376948,2
12759,0.1500343302945146,0.12467021500343577,1
12762,0.1863234130972201,0.18768635425805713,2
12763,0.0487705981769916,0.0305394934703133,2
12764,0.0479888830274537,0.06245555816406187,2
12765,0.4891940096859023,0.4719114175885445,2
12766,0.0966297519554997,0.10433045473558453,0
12767,0.1057644722855576,0.12628919752060888,1
12768,0.756846225366947,0.766561467434794,0
12773,0.4830691364633788,0.5470407070771579,1
12776,0.2200408986745551,0.21448927711118884,2
12777,0.0780106551510422,0.060460391454406875,2
12778,0.1103920390415365,0.11401259356499101,2
12782,0.0655211920571802,0.073572497199751,1
12783,0.1440444286288251,0.15466838069299813,2
12784,0.287747243360025,0.3133801410630461,2
12785,0.1742957065282151,0.16508248739097578,2
12786,0.0796556135408583,0.0752185687734475,1
12787,0.0250901553411614,0.018779490890451625,1
12789,0.1255366536447794,0.12957390944285574,0
12790,0.0281944985773447,0.028151061017691,1
12791,0.1892288158916711,0.1809734951494698,2
12792,0.0923286137025356,0.14877180719540944,0
12793,0.2076847412338767,0.17985570954217422,1
12799,0.3764518371069727,0.3210275077785535,1
12801,0.2834249585580531,0.3421682994612405,1
12802,0.1590470227685982,0.13449622688391075,1
12805,0.0359662905878015,0.03345019566009357,0
12808,0.0831257389485568,0.0744145774342423,0
12809,0.4032285669691384,0.3694254631753226,1
12810,0.0764449703897634,0.08914265448537514,0
12811,0.6288469970000856,0.6252774834553226,0
12812,0.3699399573144525,0.4425669388627821,2
12814,0.2845415340586344,0.2723267917776654,0
12816,0.1627971771999216,0.20073006805270238,0
12820,0.7902231380306974,0.7896311217664344,2
12821,0.2818333930476911,0.18269871254243333,2
12822,0.0519660007741868,0.0441306542404415,0
12828,0.2302027221945916,0.20678251049895213,1
12829,0.5115665616325871,0.5627040309999404,1
12830,0.0855657913760486,0.08623685675864377,0
12832,0.7332104977657906,0.7671707321385316,2
12833,0.110353201948707,0.08908732297149748,0
12834,0.1295027359547649,0.12937405101331284,1
12835,0.6264794296355652,0.6538608276574893,2
12836,0.2522438645754347,0.4177237557735254,0
12839,0.2181725620059347,0.2145101234607997,2
12840,0.0417332818832285,0.039287599646931126,2
12843,0.1083014855779597,0.14757773233175764,0
12844,0.1515644596852045,0.12019756387942993,2
12848,0.0646464957039817,0.061186589413947154,2
12849,0.1398654778688018,0.20812382973608548,1
12850,0.1317373882309604,0.13497741732601565,1
12853,0.0707294605036058,0.05658725908748162,2
12854,0.1507203870950678,0.24118293282208875,2
12857,0.200683285958414,0.2877408690065543,0
12858,0.5038729761127207,0.4825560048544045,0
12859,0.0871250936953394,0.1058662388163913,2
12861,0.1369529979930422,0.19851744344555636,0
12867,0.2124315762765676,0.2547581841873776,0
12871,0.274936977731795,0.25351014618357515,2
12874,0.1410805854559893,0.1419889646647646,2
12876,0.3797414414425814,0.3934614845294624,0
12879,0.1261097933345971,0.18707517690929337,1
12880,0.0359228100191877,0.020318894184563174,2
12881,0.0681338783411599,0.06403777014141321,0
12882,0.2029264064603998,0.21224845946446527,0
12887,0.079944159217802,0.08263921474947518,0
12888,0.0718925748139432,0.04307830860893923,2
12890,0.0566792092944054,0.0454058248239044,2
12891,0.0785113138800572,0.06547280589268137,1
12895,0.4812872694667325,0.41585066619748245,0
12896,0.1489663430875475,0.17663896967422998,1
12897,0.0922906259012472,0.09879443871551988,0
12898,0.7322287051017329,0.7551576511936821,1
12901,0.3476994132645199,0.36702113256234103,1
12902,0.1178197661316639,0.116928655226071,2
12904,0.1218730271298277,0.1378993732966684,2
12906,0.170756713321488,0.15629615601143496,0
12907,0.0970931832190322,0.06653667295772245,2
12911,0.0577482394484313,0.07539036120366417,2
12912,0.2385795758887285,0.2605712143963311,1
12913,0.4913404253333727,0.49584375899636457,1
12914,0.4182881299556972,0.2805855661962868,2
12915,0.1324212067049349,0.13580211552119828,2
12919,0.1188080265483792,0.1216891395784294,1
12920,0.0964035650953089,0.07867751240333573,0
12921,0.1007072390659017,0.07065025387317225,2
12922,0.612940907066365,0.6341448023100698,1
12925,0.6449291893553325,0.48353458610388866,1
12928,0.1563133226969671,0.14364727182493928,2
12930,0.0670260042576933,0.0521546277060615,2
12931,0.3305470799594884,0.3401006355337385,0
12933,0.3516572384319308,0.39937905871761337,0
12935,0.0764409231807053,0.06408355519625553,1
12938,0.1273635163511385,0.11503269650791746,1
12939,0.0877745819588847,0.07292635683008607,0
12942,0.0355063259689326,0.0255363852739021,1
12945,0.0912974835303569,0.1536861077765453,0
12946,0.1858549995376129,0.1264077893630315,0
12947,0.7629526418909041,0.7867758348273016,1
12949,0.5611212975532741,0.570225200145515,1
12950,0.1160161714538765,0.12319766972318352,1
12951,0.1868244216467255,0.1615806728180954,0
12952,0.2606178785575968,0.33094027315411145,0
12954,0.2217077715785194,0.22340744326497133,1
12957,0.3639541602548658,0.1702224072734227,0
12959,0.5929257747291327,0.5989265317346002,0
12960,0.0600061757634748,0.07673595665920474,0
12961,0.1442611183517586,0.10520623933120486,2
12965,0.1479934439818496,0.18535002722005747,0
12967,0.4613301076912267,0.6078688640106589,2
12968,0.3632295798236385,0.3511014880996516,1
12970,0.2021548746287801,0.14330564225393747,2
12971,0.2360342510629984,0.2914882813790405,0
12973,0.7857923998945217,0.8038597962557859,1
12976,0.0857532339904314,0.06924370164480764,0
12979,0.2589490308362983,0.24908698243630295,0
12982,0.2018423211357209,0.24822210069399564,0
12984,0.1022068312122039,0.0646525007136537,2
12986,0.1034851647406909,0.10433015995355722,0
12987,0.6962718502676628,0.6912493305585046,2
12988,0.0631018619462952,0.0763041925321523,0
12989,0.1740025267588032,0.11494202446662055,1
12993,0.8093060734598724,0.801433672098412,2
12999,0.1396903834066597,0.10829126310919575,0
13003,0.1381363569624221,0.11196431508826019,1
13005,0.1949718742953055,0.19058413548522415,0
13009,0.1772630543484739,0.1436878460174722,1
13010,0.166942977879893,0.17345782397775772,0
13013,0.4641822253705451,0.5561847581559763,0
13015,0.137339822346069,0.10211350354569952,2
13016,0.1035591744150346,0.14972081819585412,1
13017,0.1435295993907326,0.17429266893960643,0
13018,0.1007682942237157,0.07087373004655016,0
13019,0.0330581519506907,0.030704418056848547,2
13023,0.1700366362424847,0.13594148391967292,0
13024,0.1795398473732533,0.14087664942618644,1
13025,0.1783871857984097,0.15603116292596064,0
13026,0.0672437143980798,0.0391157413442397,0
13027,0.3818150438191894,0.369141413231409,2
13028,0.1336859916014323,0.1384594257243684,0
13031,0.0926761949439498,0.0872849765576244,1
13032,0.3064542110858045,0.3021388522059231,2
13035,0.0990419737985618,0.08582182039545738,1
13036,0.3152838146406946,0.24443849201447354,0
13038,0.1129548164681636,0.14407575766225328,2
13039,0.1032605504637462,0.10302296414557392,2
13041,0.4462033503638674,0.4925194145210073,0
13042,0.1685526047119672,0.1844033299750883,1
13043,0.0518039532588841,0.050396610589923375,0
13044,0.0748779567971983,0.08555719221470592,1
13045,0.2518085904771527,0.2773798243057232,0
13048,0.064917058880947,0.09898173731413618,2
13050,0.3893739850877297,0.2825423434708777,1
13051,0.593799448298795,0.5698765734548332,0
13053,0.1088997893618397,0.0992966941409184,0
13056,0.3789208222757727,0.34501767394772254,1
13057,0.6194239724191097,0.7088587641637454,2
13058,0.1743015540171035,0.18411369510518677,2
13061,0.0510715512098863,0.043165235999912496,2
13062,0.183145966900799,0.19204424625915045,1
13063,0.1056269679669387,0.08479227697049571,1
13064,0.1020243244836439,0.08791712992766738,0
13070,0.0456559231393106,0.06405597502050285,0
13072,0.3049668140872607,0.3631207939341991,1
13073,0.6218816055315634,0.6514759368225522,0
13075,0.0161684612986082,0.012794566771618176,0
13076,0.0808131842322508,0.06607449296059623,0
13079,0.1516884702757968,0.14369939612116756,2
13081,0.0558376665154707,0.05002230689425828,0
13083,0.1428430838964861,0.16305103668426285,1
13084,0.789016544084761,0.8095588417714779,1
13086,0.1406213928701286,0.1799772827042479,0
13087,0.2930113931526976,0.27735996915941724,2
13088,0.0427149075899147,0.036699286044792376,2
13089,0.0561743461915921,0.03699519817705722,2
13092,0.3812034602450879,0.47369562969528767,2
13094,0.1040947548797343,0.10857173693412658,1
13095,0.4083561534877269,0.3230426523455226,1
13096,0.1077211192156342,0.08191695911843187,0
13097,0.3811699114373486,0.39208091037207105,0
13098,0.1367651680160935,0.11710097177303377,2
13099,0.1278832268708481,0.14311313912115067,2
13101,0.6963020039787043,0.7067933248468387,2
13102,0.1171947477420975,0.09794364581151473,0
13103,0.0740972971134321,0.0565038704692976,2
13104,0.1190772944768298,0.09203612382450124,2
13105,0.1437657440128751,0.11264224396702698,1
13106,0.3112126091958002,0.2813449802690937,1
13107,0.3989123184663777,0.43188059753149377,0
13109,0.0470529254006809,0.0353798615823789,1
13114,0.1662928389457104,0.18919689317770283,2
13115,0.2410288126607345,0.20804323011735204,0
13118,0.0900703477370273,0.11215556295154304,0
13121,0.1782691264494694,0.15577268211476075,1
13122,0.1240135064267356,0.10444209120614784,1
13124,0.1217752420594438,0.12996379534357663,0
13125,0.128392985962493,0.14832716768686416,1
13126,0.326795897005799,0.3703196041577733,0
13127,0.0545100042505459,0.04436369708496685,2
13130,0.2339344477298041,0.25568145026465444,0
13132,0.1348735960263282,0.14306152735614652,0
13133,0.2657592759533793,0.2989902045155063,0
13135,0.1613103724598013,0.15277870119615378,2
13136,0.2180070516899827,0.2205976502135913,2
13138,0.0462795652797521,0.032562903994604125,2
13139,0.0747919600255465,0.07540868670876467,2
13140,0.1818596047912472,0.15957715017209056,0
13143,0.1189403215473578,0.13025317869544792,0
13144,0.085468745795492,0.06684931170625033,1
13149,0.1777724813577886,0.20747047394884796,0
13152,0.4897830958773976,0.36575336113571416,0
13153,0.1305928901015925,0.09473464878357843,1
13155,0.1293066072499058,0.09162193871456842,2
13157,0.2271253531263153,0.24597383775912757,0
13158,0.054783644268679,0.04968262875061278,0
13161,0.1109675927343348,0.1059529952468089,1
13167,0.3109298524203511,0.1999638953878573,1
13168,0.4003716307332309,0.36193600048736824,1
13171,0.1151062692156118,0.10565888918330615,2
13173,0.7654828352653903,0.7567166549447449,1
13174,0.5725814413421205,0.5237942879911914,2
13175,0.1371353865887172,0.1317049621951082,1
13176,0.2367886077047979,0.25924272111089575,0
13177,0.1957933394535962,0.2056329530379648,0
13179,0.3728681927073017,0.4279746572691513,1
13182,0.1358045869004965,0.13779821079494387,0
13185,0.6783076465386624,0.6292555566642798,1
13187,0.292539808250882,0.06939016741553836,1
13188,0.1283053326602752,0.19509488444037693,1
13191,0.0864366556678366,0.08210621055420192,0
13193,0.114429600208297,0.07888780709118473,0
13195,0.092380291880342,0.0658782231812551,1
13196,0.2869036907138633,0.313342972584313,2
13198,0.1721046600552495,0.16939581154206054,2
13199,0.0483683028326102,0.026302303743461347,1
13204,0.0589507758694382,0.036157774624373626,2
13205,0.0487354660999057,0.056698961215432275,2
13208,0.127573130051134,0.1329714636687295,0
13211,0.2049179982332326,0.1557742260788189,2
13212,0.2475024509998437,0.3230928408966514,0
13214,0.0943657641216656,0.0889383375608207,0
13215,0.1198121884244068,0.08037659640132165,1
13216,0.0997762872720824,0.08225224395289546,1
13218,0.5829654107925878,0.6438956838111061,0
13223,0.1127492684822709,0.10673078737513042,1
13225,0.0995922864647356,0.0930479175225995,2
13230,0.2352238618330575,0.21200872487950928,1
13232,0.8035903937987281,0.8607729634443249,2
13233,0.3376793234159081,0.33832474276304714,2
13234,0.1340906676041318,0.1319602733448052,2
13236,0.2135873355358698,0.1588398458849099,1
13237,0.111794316071758,0.09683286340649826,0
13239,0.3272476172328841,0.37125616343320694,0
13240,0.414334359885273,0.4171520841431982,2
13242,0.1320578077338808,0.14760574395614554,1
13243,0.059915982314063,0.043603966149717927,0
13248,0.5729345790076948,0.5269886851052202,0
13253,0.1547616475091473,0.1220125227637865,2
13254,0.7278683337701248,0.7517114728999613,1
13257,0.095037632673832,0.08612647674456844,0
13258,0.2521566452309707,0.17347923945897906,0
13259,0.611370384543908,0.7200957740119109,2
13260,0.0414082726385083,0.05655167083361032,0
13262,0.6558433696388393,0.5769494401372793,2
13264,0.1015023599520381,0.07104196339767993,1
13267,0.1080656518870326,0.15182791808919338,1
13270,0.1670222785958139,0.19019696165145422,0
13272,0.0480500377178428,0.05888843185991745,0
13273,0.1521328078788567,0.18262991606833595,2
13276,0.1939599720473311,0.23427059481892681,0
13281,0.2094801109181911,0.26017747750944104,1
13282,0.1277229929533248,0.17411275434630974,1
13284,0.0551863379569483,0.04360719921846045,2
13285,0.2736295732604726,0.25615625395097885,0
13286,0.0894112718600687,0.07841165249552197,0
13287,0.2242943521048764,0.2137448854611886,0
13289,0.0893112874007905,0.07287110790221675,0
13290,0.7846836919314651,0.6857496516944608,2
13292,0.8186328072872496,0.7824425346778755,1
13295,0.0400367319938482,0.061683872999327954,0
13296,0.1955253463082533,0.23703168767338817,1
13299,0.0818247730319824,0.0706297758020554,2
13300,0.1681299192661234,0.1508047276548109,0
13302,0.0620283806308168,0.04931065670592567,0
13303,0.1331779753427373,0.11828680867867708,1
13304,0.0630991168160872,0.04553445999239267,2
13308,0.4507400172311141,0.4560978244671448,1
13310,0.1841349356401786,0.17843870877527068,1
13312,0.2492673297385096,0.30067413614742255,2
13313,0.1403869843466734,0.14739376996888004,1
13316,0.2317143801678442,0.21099261626669846,1
13319,0.124577780160696,0.10512413699522467,1
13323,0.4525811855889047,0.5330488808814285,0
13324,0.2088867218051142,0.15678750079309797,0
13325,0.2261269107395869,0.17686229108745788,2
13327,0.1388550325953921,0.13416907227137714,2
13328,0.1922607894004401,0.15671238545915755,2
13329,0.081140528774561,0.0753191906951855,1
13331,0.4083776003357178,0.3516560080779362,1
13332,0.0789651959506412,0.05607576557011482,2
13335,0.2606055200208957,0.26552493916289316,1
13336,0.1247554288086125,0.20041813757603424,0
13338,0.1726488888021856,0.10908446078627422,2
13340,0.0373745743783153,0.02430658222216805,2
13341,0.4475148344032422,0.5198505240772293,1
13344,0.0482600719445227,0.062136171697978276,0
13345,0.2766333137885798,0.26538143502871697,2
13346,0.2166044416226387,0.2720641318671737,0
13348,0.1852983605045523,0.14733302723019795,0
13351,0.0576412741001063,0.06886742989280191,2
13352,0.1067162060788367,0.1101019334444499,1
13357,0.19536135204777,0.16312305431097676,2
13358,0.2649913221057339,0.20271301126604385,2
13360,0.1497452407298154,0.12077773887226587,0
13363,0.2449853271423538,0.26610417493557653,0
13364,0.0506972718032891,0.03723959799491185,0
13366,0.2937342408180975,0.2793029133722722,1
13368,0.1257855275161896,0.09067971099415084,1
13369,0.1752836591221801,0.24804509951169235,1
13370,0.8336198210730597,0.7122899025705077,0
13371,0.2982778652395954,0.3805359382695338,1
13373,0.0470523806708459,0.042945172380254526,0
13374,0.227916228131011,0.16439858891931575,1
13376,0.167447352664288,0.26601376440282815,2
13377,0.1043220080702104,0.08186965438419917,0
13379,0.0581380112993291,0.09279812364542529,2
13380,0.0820970820071399,0.08699349548605617,0
13381,0.0519127689487719,0.05707717461279675,2
13382,0.0434908099710917,0.0354460840522997,0
13383,0.1549466025926349,0.15481597187120588,1
13386,0.1203484763325496,0.09478986529702617,2
13387,0.1012915121228246,0.07882819878285785,0
13391,0.6519057384492268,0.7089623619001847,0
13393,0.0937732776276034,0.06802071357859672,0
13394,0.0822546158680363,0.05547041292973595,2
13396,0.0875766488233759,0.07759935655120684,1
13399,0.0979299826588828,0.10777863301333017,1
13400,0.3148617978347736,0.3478019957827471,1
13401,0.7719732554447681,0.6756145257012921,1
13402,0.0492202385735608,0.0357926414273083,1
13405,0.0820580745162515,0.1447146318721264,0
13406,0.4867910399017472,0.5024366661015994,1
13409,0.1150162491095951,0.08061937379371835,1
13410,0.7411234956918687,0.7904849532397787,2
13411,0.1442395061727709,0.11100668256164617,1
13412,0.058425672683659,0.06731546417721937,0
13413,0.1871719620841769,0.154121333352496,0
13414,0.117515820892356,0.12260832264060664,2
13415,0.1536640901259164,0.13744799221247062,1
13418,0.5871032710990132,0.5927894438337019,1
13419,0.0519301023071739,0.05465046955135625,0
13420,0.1926151429008235,0.23346468595689626,0
13421,0.0427467296901465,0.03242720523974588,1
13423,0.1923341894497725,0.193457306940437,1
13425,0.3263892454725309,0.33844818892436446,2
13426,0.1883828506973349,0.21246167122316403,0
13427,0.121134613775644,0.0836156100556831,0
13430,0.1056945715921217,0.08893094777940663,2
13434,0.1241031926909503,0.11783233220170103,0
13435,0.1538295873337331,0.1109497274108383,1
13436,0.0643441580212586,0.05512078682598495,2
13437,0.1479676974174233,0.1767160984601388,1
13442,0.2329087240862013,0.23286339009596319,1
13443,0.0715528199831484,0.10585102963321885,2
13446,0.0821438382619824,0.05164471603985397,1
13447,0.1394684557275263,0.157900530751571,1
13449,0.3689484422309786,0.2994280561711437,2
13450,0.0398845823875487,0.03272568752517122,2
13451,0.8385687183505165,0.8737193348412127,0
13453,0.630550076878024,0.6876796153027273,1
13455,0.4482609766553269,0.4475669294785316,2
13456,0.4059126546601171,0.44490440723173164,0
13457,0.1679475698180755,0.16995864598432844,1
13458,0.1398695307678733,0.10582245685766495,0
13461,0.2959120828273263,0.26749707833799385,1
13462,0.1278553853759218,0.10053186845722822,1
13469,0.7176525771035555,0.7376917851199166,1
13470,0.5040362552175477,0.5375217696649697,1
13471,0.2915090886056357,0.34545658987365807,0
13472,0.1553641401878438,0.1618241886613634,1
13474,0.0534742780752278,0.0425933717262464,2
13475,0.1164339147208567,0.08741207200202933,0
13480,0.8926149289168371,0.8700608993966507,2
13481,0.0333135325653117,0.028710932733135602,2
13482,0.1557581083233257,0.18738366777188434,0
13483,0.1176787223678034,0.0893917309556998,1
13486,0.1175553052595964,0.11151782913325245,0
13491,0.0625193831463113,0.059282443564864125,2
13501,0.5758580404450729,0.5678213362065805,1
13503,0.0530282700560645,0.1013568524732002,2
13504,0.2000751665260312,0.21891662019120206,0
13505,0.3529826386679939,0.3928975782914882,1
13506,0.1240064681515511,0.1141982028654724,2
13508,0.1861349126078989,0.19446139881197394,1
13509,0.4620697722477669,0.5260712664723497,2
13510,0.1754827684007166,0.185372145850991,1
13511,0.5277054629349116,0.5957844047668778,0
13513,0.1032279975650747,0.08157680157673834,2
13514,0.0775964053391605,0.07815788651820951,1
13515,0.2047965464171159,0.1755424500987967,2
13518,0.0717867851299506,0.0638072208198839,2
13519,0.1469817853817588,0.1929593989961934,2
13521,0.0578078022172731,0.047003122458294376,1
13522,0.0289954630723241,0.023446702263557252,1
13523,0.1573749879618191,0.10638710690365608,0
13528,0.2270149381586823,0.2375671944246771,2
13529,0.8811730507256407,0.8148624639726118,0
13530,0.2203637250550443,0.20098610540171435,1
13531,0.3103697315485084,0.30555620399498307,0
13533,0.0912415079707166,0.07829839552380773,1
13535,0.1203103895469564,0.0925591673533739,0
13538,0.1473431974961711,0.1363820992454485,2
13540,0.0589050653055745,0.12336760873605908,1
13542,0.2247652998600331,0.29418700126951874,1
13543,0.0647895071774335,0.04414246276390867,2
13545,0.1437411672528908,0.07301854764665845,2
13550,0.077688196415163,0.0753687688130957,1
13551,0.1794741146336558,0.13367744257516184,2
13552,0.2113636078536825,0.17904262907761465,0
13553,0.1183713425094576,0.14551805679407726,0
13554,0.0657253634477105,0.0513926739170616,1
13557,0.2599728587507586,0.28414491895344257,0
13559,0.3239018948701719,0.31815445023285344,2
13561,0.3559729477207819,0.40451815499122723,1
13562,0.8706686207961902,0.7093885651383607,0
13564,0.2694440558462241,0.3187184542937194,2
13567,0.2602041065489646,0.30650425631162614,0
13572,0.1003729126863627,0.1442420776189817,2
13574,0.1415522923165769,0.202968157738518,0
13575,0.1086817786158654,0.09002165378010007,2
13577,0.1042676265805755,0.10466460628865487,2
13578,0.3855117708143479,0.44102149333897667,0
13579,0.3463913127371124,0.27103641946085855,1
13582,0.2381885938699797,0.1893210156348764,1
13583,0.1338029362200467,0.1347052452122125,2
13584,0.472946933050337,0.4686628036788411,2
13586,0.050959118059872,0.05751141749976435,1
13589,0.1154720456230262,0.12191634633503175,0
13592,0.1589001696144304,0.18415117927182514,2
13595,0.1256329707569976,0.10240677438616594,0
13596,0.1304692667164026,0.15510995096900626,1
13602,0.1212374572741115,0.11940642672239395,1
13603,0.0795090507635417,0.08228621088093536,1
13607,0.2230955895715499,0.21369260517483057,1
13609,0.0682186188194849,0.04791052757908505,2
13612,0.053898631947083,0.042365409584540596,2
13616,0.3756891460048538,0.27492244438444136,2
13617,0.1613563713569936,0.17606630961813075,2
13621,0.1198529965327051,0.11078825911177992,0
13623,0.1382171088554114,0.13285219791938457,2
13627,0.2071286952282547,0.1489691333167206,1
13630,0.0856480412985569,0.112930002425214,2
13631,0.0601207613805586,0.04625187069710113,2
13633,0.0654574438570694,0.050109119136717874,0
13635,0.1583180195512266,0.21097953182498194,2
13637,0.1695844817500173,0.15058472650235905,2
13641,0.6160717195074099,0.6279334062166406,0
13643,0.0428598457832694,0.03183575757997535,2
13644,0.0658917863616515,0.06961209162658238,1
13645,0.1871143002204325,0.2847854511364988,1
13647,0.2222399729830702,0.1839111603676372,1
13648,0.3703827852651628,0.34521761174852017,0
13651,0.3526868713188139,0.4369155363198832,2
13652,0.2085316133082173,0.1949817391435235,0
13654,0.6947921649693893,0.7132538312326244,0
13655,0.1362012858589819,0.1746458626574137,1
13657,0.1531896313835375,0.12376398970016703,2
13660,0.0455469296027386,0.04018619239694532,1
13662,0.0362192248453619,0.027533004012177002,2
13664,0.1352225271479137,0.15844301109394224,1
13667,0.111836894611949,0.096361271373591,2
13673,0.2374629846291775,0.2496809777725182,0
13675,0.6266498862919262,0.6647448321642311,1
13676,0.0892491946110705,0.10930720943641996,2
13677,0.5889268447682882,0.6333278690686587,1
13679,0.2222877732748117,0.30244530037477013,1
13682,0.1200241898567422,0.09339528557232497,0
13685,0.2538604037018215,0.206600417423005,2
13686,0.0780477867157403,0.09657002810490092,0
13687,0.1842028255022395,0.2013147873989079,0
13691,0.1172026201171674,0.09029972525779212,1
13693,0.182804569592887,0.35538464609863535,2
13695,0.0531835105044216,0.0468429087393521,0
13696,0.4498002449798666,0.4225418713698215,1
13697,0.7782903632316251,0.8038181565224785,0
13698,0.0778538297521533,0.14935342375726068,2
13699,0.0577964713071888,0.06851228702290693,2
13701,0.2254808667460715,0.23881600623759733,0
13702,0.0614341623233758,0.0433795057258667,0
13703,0.1319493717277368,0.15903644607541428,2
13705,0.016742822639007,0.019334206278864424,0
13706,0.2352859421248736,0.12859032226708783,0
13707,0.0936255353089067,0.08701148167587915,2
13708,0.1177348281452837,0.15450335138315655,0
13709,0.0735596662361624,0.07312434403824855,0
13710,0.0575293128074394,0.0512653238589255,1
13714,0.2291811184363818,0.2051289690676292,2
13715,0.4060264398998378,0.30547492008791044,1
13716,0.1583983758427137,0.13912771275702068,1
13717,0.3653902022769113,0.39179997941118105,1
13718,0.7582493507689452,0.675620433763811,2
13719,0.3262611375339454,0.3479426697309767,2
13720,0.8292912220666175,0.770317707529424,1
13723,0.1580246589834232,0.15348184745749927,0
13724,0.2203599340654359,0.15495587938203317,1
13728,0.1588792623449116,0.17232812401530911,1
13730,0.1651517530841564,0.1645969415349832,0
13732,0.0841443527296663,0.09169770326405947,0
13736,0.2233798887156561,0.23985348613819896,0
13737,0.7480615510517942,0.7087724458440139,0
13741,0.1005179541693553,0.08942136968458732,1
13742,0.1519867466887027,0.08812788819618375,0
13743,0.1180517288333082,0.11437966517126494,1
13745,0.5831287455070542,0.6261893413708103,0
13746,0.324855816804725,0.34503107289756363,0
13747,0.1012560808491609,0.08818424353076453,0
13748,0.1051386363008422,0.10175853601450358,1
13751,0.0971209104672421,0.06995081354158572,0
13756,0.0511981676368369,0.03336701424832165,2
13757,0.1720238109032027,0.19764536469228355,0
13760,0.5718767127031532,0.5187551791899566,2
13762,0.1458223794695204,0.11495852830302686,2
13763,0.0458874933050729,0.047919648314715554,1
13767,0.1157490279369823,0.09274916338584616,1
13768,0.1353743480884925,0.12666347490642105,1
13769,0.0767090722109535,0.04413146534113632,2
13773,0.6357981457589716,0.6870034060998659,1
13774,0.1627509967521314,0.17503443200481125,2
13775,0.231181930844691,0.15564198897640683,0
13776,0.0702343943847049,0.14544154480752428,2
13777,0.3152087543684922,0.33255183890399964,0
13778,0.116677168472855,0.09003081531975884,0
13780,0.1293420697999163,0.191806550120399,1
13781,0.3046876017198167,0.3464085573488843,1
13782,0.1745571851577464,0.16417199868042973,0
13783,0.7941744636058544,0.7942515349781437,0
13786,0.8240654922558365,0.798476307957474,2
13787,0.0755383226456554,0.0746405818066965,2
13788,0.1834982598904458,0.17281750426256692,2
13789,0.0640283171672925,0.043199280322552026,0
13790,0.3040056546703664,0.32553854755551614,2
13791,0.0950842786953445,0.06513653005416703,2
13792,0.5338139693363371,0.6115913835240434,1
13793,0.1530893289682675,0.17530912153628372,2
13795,0.1009359727763194,0.09981377403857197,0
13796,0.0837728125474143,0.13983328607347278,1
13798,0.4733268117418768,0.45827903921963825,1
13799,0.230761526249149,0.2162118680428896,2
13803,0.3808654976715664,0.4135088674273233,0
13804,0.7049007514797937,0.6816219445706186,0
13809,0.1668786260482213,0.15868289336012353,0
13812,0.1974329691092766,0.17828123480004343,2
13813,0.1352281547164699,0.18806599465676213,2
13814,0.2302175787519628,0.24839871590112628,1
13815,0.2450341904487768,0.19882352421486005,0
13816,0.1200026408970269,0.11653739864162714,1
13817,0.2452806468186695,0.34537329683456636,1
13818,0.1260891185910029,0.09984263324549042,0
13819,0.0604175399098027,0.06850047864002515,2
13820,0.1069959039620686,0.11183794034729515,0
13821,0.1160035669048007,0.11981263374046491,1
13822,0.1279040575089286,0.1562968556319191,1
13823,0.0717126186600922,0.058836448525232725,2
13824,0.1628893331489047,0.21227411584612352,2
13826,0.180098707922667,0.1568867683050595,0
13827,0.1472679387383139,0.20242100858048945,2
13829,0.0856039974708927,0.09592207897652733,1
13830,0.387970798140932,0.3926491435895603,1
13831,0.0665293067552007,0.06454074103618072,0
13832,0.0632380989863018,0.036908494536833196,2
13833,0.1219549673432478,0.11791177351827145,1
13837,0.1952072065054125,0.1672636746659153,1
13839,0.1897373959968511,0.34834784609401137,0
13840,0.1182738634494932,0.17911300012109443,2
13842,0.1188433860263968,0.1392719088181317,2
13843,0.565033059057785,0.6161272362093482,1
13844,0.1229377645700557,0.1273285527833899,0
13848,0.7313256140763013,0.7808146898837112,1
13851,0.0399565533220012,0.07024208410365418,2
13852,0.3240624167367223,0.29209629135947585,2
13853,0.0488265353942402,0.0562365586270485,1
13854,0.0535298673126601,0.04865178370892058,2
13857,0.2397569252717398,0.279160562520698,2
13862,0.0964194412668013,0.09310323073102283,1
13863,0.1754041120901644,0.15508262487172284,1
13864,0.0715626834728117,0.07328722308530786,2
13865,0.829442375133724,0.8045002334275005,1
13866,0.0779400188514229,0.050703904582836176,0
13868,0.1045572627672499,0.12152100887719686,0
13871,0.0547339927582381,0.04030690728706185,1
13872,0.3048291896866066,0.21993881995664694,1
13874,0.0551889181443827,0.04410631675578232,2
13875,0.080886295090726,0.057987347579582696,1
13879,0.3354950343759362,0.38461097027320196,1
13881,0.0683115947524951,0.07604870737779118,2
13882,0.3649008653676692,0.356538759248173,1
13884,0.2819446182824334,0.2349339644349136,1
13885,0.3306435962377332,0.3463806596581931,0
13886,0.114203468436192,0.10247768852160441,1
13888,0.065203230203788,0.07158344226636165,1
13890,0.0743513475725601,0.11947045229662333,2
13894,0.069112423359207,0.05366784783055893,1
13895,0.0696163984211242,0.05187350759903553,0
13896,0.4836424198962768,0.5065241603364306,1
13897,0.3743209054506183,0.4884520318362501,2
13901,0.1036330765135762,0.09118057063949915,2
13904,0.4392748016834366,0.4868865833480729,2
13907,0.21756154956614,0.3110561080654698,1
13911,0.1482532438861848,0.1251057599839381,1
13912,0.0206791482949337,0.0262849691601491,1
13915,0.2183452253313418,0.23126942303404663,2
13916,0.1255835439803668,0.1614921507551311,2
13917,0.0814555374203764,0.05895077427405108,0
13918,0.0388418081150883,0.028510381243763448,2
13920,0.1424445399894361,0.16453063781105176,2
13921,0.117576935926349,0.07441026518576628,1
13926,0.2567053333047919,0.25765694079775997,1
13927,0.1572048891599747,0.13348315342984252,2
13929,0.1510709446313136,0.12514185532207506,1
13930,0.0321340750180929,0.03877065866017148,0
13932,0.1832437016516409,0.12825146640821214,0
13934,0.0508512164307419,0.053834988228165834,2
13939,0.1917294315570939,0.13806616768823984,0
13942,0.1983620849128507,0.2715052806313106,0
13943,0.1215931552302019,0.1122594022114102,0
13947,0.5723233349865188,0.650285743310568,1
13948,0.1590594006681626,0.25394716836875575,1
13953,0.1981283429084682,0.19022231030396722,0
13955,0.1312192444134913,0.12408641879949227,2
13956,0.2002370944693865,0.14504383703684798,2
13957,0.4331304942515863,0.4152270355972074,0
13959,0.0817194165088647,0.05606806257697075,2
13962,0.0208428307632165,0.02381324105973445,2
13963,0.7519826812975916,0.7750000722556483,2
13964,0.2362214292352203,0.20632531954953293,1
13965,0.2184855775541433,0.19299343319649626,0
13967,0.7169583856402882,0.8526873890598949,1
13969,0.5802527003631034,0.6764766237796798,0
13970,0.0610069791803783,0.06952727408897696,1
13972,0.1076017880659193,0.11664142115687809,1
13974,0.5132488914322796,0.43042455401154767,1
13976,0.1358262639531326,0.1422644618498798,1
13977,0.0976548618022282,0.10846042512536057,0
13979,0.0593427073061736,0.046657281624665606,1
13981,0.1151383916216355,0.1267441724741145,2
13982,0.1516560504489599,0.14870539237809752,0
13985,0.1628727426835231,0.1264736877029421,2
13986,0.258314475318611,0.24861888568511542,1
13989,0.1700583911556273,0.16179798209386073,0
13991,0.1729403259563026,0.17116405168419654,2
13992,0.8038468776250615,0.7410615893398491,2
13994,0.103356451403699,0.0812030243433612,0
13995,0.5634290426178888,0.5537913863713455,1
13998,0.3726231786228952,0.31167184792857394,0
14000,0.096929097789371,0.11358093553970469,1
14001,0.2377451720132326,0.2217962960345906,1
14004,0.1672977783181765,0.17019320885673506,1
14005,0.0800671226830121,0.13291205282846127,2
14006,0.077179261927062,0.07630517527174387,0
14008,0.1575748932528699,0.13731699453874893,1
14010,0.2202564477861686,0.25805420386629385,0
14011,0.2593565613598713,0.23983119264769753,1
14012,0.3158380996605395,0.3421426338035071,0
14014,0.1376119260587411,0.11370274833004501,1
14015,0.0786770054787527,0.07528263646471202,1
14020,0.0159721127109177,0.019991312571779576,2
14023,0.5877775166422514,0.5811768874524548,2
14025,0.3833977919094823,0.3729673344396437,2
14027,0.0572015165832154,0.04442158723929972,0
14028,0.3797321444231183,0.4335447105252204,0
14029,0.1880461539300452,0.22296136007838083,1
14032,0.1814650719722774,0.14082116959056876,1
14033,0.0928816377756085,0.11258816056761774,2
14034,0.2150970993206973,0.18518038253188654,2
14035,0.1334024995049081,0.11518421733430961,1
14036,0.0783437979468372,0.08539057364998084,0
14038,0.093264174556072,0.09634465749427706,0
14040,0.3313570639653492,0.35593448176412057,2
14041,0.0957039443326485,0.17035337594308764,1
14042,0.1357507508621565,0.1325479303311933,2
14045,0.4132205948392277,0.4495635380846006,0
14046,0.2921018578939437,0.31305561941111887,2
14047,0.1071253275685228,0.109537122964223,2
14049,0.3409558965690121,0.35897163264937115,2
14050,0.2883447086999609,0.24909892677720577,0
14053,0.4259003589216247,0.40210958330421176,2
14054,0.2233449740814808,0.0960037039557923,1
14056,0.2023272511540385,0.22965452879381926,1
14057,0.0528781096664618,0.029633584299986627,2
14060,0.0147999603641368,0.014899251664498472,0
14061,0.2029574366125577,0.18252664419242437,1
14062,0.0384286079827564,0.025235087121706523,2
14063,0.7830845028850523,0.7738688801647416,1
14064,0.1356153489376995,0.12495763715352151,1
14065,0.1038857956121483,0.08993389616124361,2
14066,0.1648713570644969,0.16921720267257678,1
14069,0.1014392094803933,0.11212221009247975,2
14070,0.193018610914859,0.195450649254588,2
14072,0.6821779975043454,0.47594043898545635,0
14074,0.1396288545455965,0.1608145948842861,2
14075,0.4410133120042245,0.44282975714596506,0
14076,0.0736180264066565,0.08509836846289343,1
14078,0.0871538227747372,0.0730357180297911,0
14079,0.0814152539269976,0.08527947642489167,2
14081,0.3614757159625267,0.33966727574741223,1
14082,0.7834485669827964,0.782184437648437,0
14083,0.3968785754964906,0.4396575150457028,1
14084,0.0846726880662645,0.07285421885460824,1
14085,0.7816787658713265,0.7346764802605993,1
14087,0.2433029319212709,0.35665567742192117,1
14088,0.1155707830473425,0.09212558693763298,2
14091,0.0870625239753966,0.08860582740490222,1
14093,0.1275000390266359,0.13313728069519676,1
14094,0.0181164056079748,0.02339013922423255,2
14096,0.1112420523502264,0.09495140445181094,2
14097,0.6099927736478515,0.7488345805982946,2
14100,0.0975891539895767,0.07460095334286937,0
14101,0.1362725491825077,0.0911040697871968,2
14102,0.1819386767413359,0.13929458392640406,1
14105,0.3443766575864635,0.2732116077534071,0
14107,0.2443632557849888,0.2288034873810686,0
14108,0.0859114559864234,0.0608868741135562,2
14109,0.2422394291700861,0.33537699510665825,1
14110,0.1024699120249355,0.12334493888906511,2
14113,0.0836379742843734,0.06005874194591828,2
14116,0.3439699007679506,0.34286180624529783,2
14117,0.0819644840699798,0.06395086938816433,2
14118,0.3328437961968001,0.3427157055844078,1
14119,0.0643812499042354,0.057052103455175626,1
14120,0.129982388956493,0.10336923536094524,2
14123,0.1343472324372246,0.1380207912745079,1
14124,0.074920586070942,0.07540209578119031,2
14127,0.0476504875324891,0.035179148942793226,1
14129,0.3117706455842948,0.32680066629453297,2
14131,0.0893669748384495,0.07878635734786278,1
14132,0.137342163008738,0.15512243006767862,0
14133,0.7192145356475242,0.6678537448426616,0
14134,0.0402184179998875,0.029635673243364098,1
14137,0.0995013963108774,0.12374892538477039,0
14138,0.1853750036683821,0.14710143962439168,2
14139,0.2089287280567811,0.2742284898132435,0
14140,0.6139562900297926,0.575597655373822,1
14141,0.1382173275602376,0.2800041338384517,0
14142,0.2325820839747653,0.31699902413176284,2
14143,0.1631930739476362,0.17894913638274218,0
14146,0.0390582969182431,0.04046696444769858,0
14147,0.2263497876165946,0.1790085291481511,0
14149,0.4351006144140287,0.43822456426314155,1
14150,0.0427897124934686,0.04519051404232367,0
14151,0.4186734107171866,0.36784994047099023,1
14152,0.3513915942895392,0.3578404961071875,1
14153,0.0773077104519074,0.059039876812379974,1
14156,0.2746417796150818,0.18086215019009236,0
14157,0.0532543961995031,0.0411252776009659,2
14159,0.2265292041055205,0.23652583536522775,1
14161,0.185450355875603,0.25336134551558925,0
14162,0.3154131376405778,0.368557033163879,0
14163,0.2958937292745913,0.26196131474090223,2
14165,0.0594843384410342,0.04720942409567207,1
14167,0.2019620774222584,0.17544179190308354,1
14168,0.1818844668599305,0.1712957274604369,2
14169,0.1246560694680835,0.12263173910693285,1
14170,0.3396428421636875,0.3776503421014905,0
14172,0.1917418022361624,0.1564791536383871,2
14176,0.0351501590775198,0.0262030226122719,2
14179,0.3434000007174003,0.40732036622171675,1
14182,0.2028854070462479,0.17924006753665161,2
14183,0.0895495269053675,0.0826699049272603,1
14184,0.035907278318335,0.0252452687427592,1
14185,0.1352116313554821,0.15808801548449294,1
14187,0.2905246744035787,0.2798058768475832,0
14188,0.1065071317185505,0.09093500299846585,1
14189,0.1314661284415161,0.11511823111114305,1
14191,0.1996442920408146,0.2605670280883677,1
14192,0.4732086285778563,0.4029156153472363,1
14193,0.0809430557646159,0.08884653638654184,2
14194,0.170467187269256,0.18589305052370933,1
14197,0.0619838041474115,0.04650180815383664,2
14198,0.1642842784177332,0.1816723255231068,0
14199,0.1958441859040189,0.20658291099164025,1
14201,0.3225847163282789,0.29332610007482524,0
14205,0.242975259529436,0.228061272090976,1
14209,0.0835659759219496,0.05228096684387432,2
14210,0.0239618551481104,0.02112599195029275,0
14212,0.0959062731581149,0.08348624033285564,1
14213,0.1162045587146799,0.08498538008924311,2
14215,0.3028089869121106,0.28973554906145316,0
14216,0.2789891526257887,0.2354294265366451,0
14221,0.8275858580818951,0.864339856169224,0
14223,0.3298785531879926,0.331632493573078,1
14227,0.4568947126018174,0.4527943130700721,0
14228,0.0816199289937356,0.08742745547591083,0
14231,0.1669899069765721,0.12796065256914635,1
14234,0.3921997119411126,0.5451911174988359,2
14238,0.1368199632889605,0.1764128754712959,0
14241,0.0429619212227703,0.033996668886257624,0
14243,0.0358700071117748,0.024250040484633126,2
14246,0.0695883303293597,0.06537170032250444,2
14249,0.100909840851702,0.11249848178325098,0
14250,0.082935172359097,0.059231059686623476,2
14253,0.094908981916521,0.10373359909282232,1
14254,0.1629685644500833,0.1408613750933972,2
14255,0.3624993908627463,0.318522108724656,1
14256,0.0589977041233948,0.05475180841304629,1
14261,0.0921088517364827,0.07624490384757955,2
14262,0.3557639580209905,0.419712418833771,0
14265,0.1689694991848522,0.2393960745200043,0
14267,0.0774259588712678,0.05322358525522147,2
14269,0.3838688895053218,0.38602615215575165,1
14270,0.0788037856750083,0.0677746826876206,1
14271,0.2928150120667706,0.24571028641155923,2
14273,0.2263033354688656,0.16699676555245133,2
14275,0.1320599843587973,0.199761766138836,1
14276,0.0925985934320404,0.0982324645753928,0
14277,0.2033038799350749,0.23558545815081317,1
14278,0.3824788426187094,0.4398749709506574,1
14280,0.1425922131415637,0.14587829052687437,1
14282,0.2468734501340627,0.2506871713869582,1
14284,0.0401365981116321,0.06345610393434509,0
14288,0.0612493153856475,0.07836315040782098,2
14290,0.0616996606363914,0.0491860459355139,2
14291,0.166666146589753,0.22504324891616245,1
14296,0.2911528774548015,0.2872138294986357,2
14297,0.081902514329466,0.09074331985676723,0
14298,0.1943273072856355,0.19511310608199003,1
14301,0.1108777131522613,0.09541798040487917,1
14302,0.1111607174428877,0.10930403939168751,1
14303,0.076376869214238,0.1101865439901236,2
14305,0.2738213872482664,0.26315677238694934,1
14308,0.0317989836854848,0.029242493743268847,1
14309,0.1974353328475837,0.1500604613759216,1
14310,0.0963766274043193,0.07688707068641973,2
14312,0.2683787647803327,0.29764332231051466,2
14315,0.7613104190322327,0.792992066928287,2
14317,0.0594687615911102,0.04112618044667065,2
14320,0.1086387329332436,0.09494426750439941,1
14321,0.2436893659556947,0.24702002658778788,1
14322,0.0784156278862092,0.05954271349727503,0
14323,0.1102056083470801,0.13594561713365344,0
14324,0.114983627544893,0.09389047971166117,1
14328,0.6445536061712935,0.6422078998697509,1
14329,0.150708827562835,0.1876253405019493,1
14331,0.7415914251162893,0.7061549248555034,1
14335,0.0900877085102874,0.07166063939356077,0
14336,0.065131709220501,0.08513247343453281,1
14337,0.0497819404628331,0.03883143693500983,2
14340,0.3300366482431556,0.2526233316561374,0
14341,0.7900628174571919,0.8142801302238011,0
14342,0.2235860956268355,0.23736339570193649,0
14344,0.0669524857270748,0.06823686359735907,0
14345,0.202241469369068,0.15583817448392065,2
14346,0.4839933318387308,0.5067582194490172,0
14347,0.0492614681178703,0.034509090537769224,2
14348,0.6537719470281659,0.6853150527616205,2
14350,0.2611682096933622,0.34868324739554474,0
14352,0.6021640586247868,0.5252269221932506,2
14353,0.538051098765828,0.5759038468071878,0
14354,0.1310137287835687,0.11358124691445415,1
14355,0.3606525901629522,0.2772029550365871,1
14356,0.608553569947376,0.6025126632217479,2
14357,0.1339519165588754,0.1384320831955892,0
14362,0.8095264824025347,0.7721444326462046,2
14364,0.2750214948923159,0.29085874996670713,0
14366,0.6845676840170728,0.6676419129597326,2
14367,0.3925916270908386,0.33025382710512696,0
14368,0.8437343617556652,0.8642493351382716,0
14371,0.0275245183581529,0.0312076524309572,0
14374,0.1347957481009532,0.16230157282638405,0
14375,0.3627791679310746,0.30877948749823503,1
14376,0.2202533290234455,0.2222383699212323,2
14377,0.768461970667612,0.7833570647434867,2
14379,0.7802022524239443,0.7516591565218738,2
14380,0.0967956885763948,0.08858071639443006,1
14382,0.0479245842099512,0.0283470236979503,2
14383,0.1286454539541268,0.10013935830206916,1
14385,0.0683802770440926,0.06340576279946222,1
14386,0.3673007164413345,0.37894432787323873,1
14388,0.1573710427033387,0.124525868626739,1
14389,0.1274565296420178,0.11316643394531758,0
14390,0.0717409636345902,0.06527719477211792,0
14391,0.0473427863212979,0.038583729568060575,2
14393,0.8061638442848797,0.8281767038181769,0
14394,0.4088860787435479,0.4731061648065372,2
14397,0.0859112313370171,0.0813576847375517,1
14400,0.0597608911684727,0.047064364980445,2
14401,0.1029968189524229,0.07636115311103658,1
14403,0.1748725523108309,0.1417873215298457,2
14404,0.033707773741353,0.0248860612486563,0
14405,0.1290211271404079,0.09746586425761844,2
14408,0.6286135926117443,0.689483582782641,1
14412,0.0572163327918052,0.0564666994847099,2
14413,0.1231720323317791,0.1337666346608565,2
14414,0.232524417152773,0.29409156853274476,0
14415,0.3943948084556168,0.45501071527775167,0
14416,0.0814860684592174,0.06467178826313058,0
14417,0.3821245898304826,0.5432148435145608,2
14420,0.4351311161175479,0.42653602121238643,0
14421,0.2047327096508625,0.1531910805185,1
14423,0.0978525462698595,0.1099644286323149,0
14424,0.1575505900779278,0.13937978699654877,2
14425,0.1747885676694058,0.16182595130548888,2
14430,0.0703016936645883,0.07222952138934781,1
14436,0.0362135102469766,0.035947989521216694,0
14440,0.7287926973725406,0.7167434650528959,0
14442,0.1460993536600272,0.13509278112724704,1
14443,0.2770328181569924,0.2285825476629097,2
14446,0.3494548001925742,0.3308400029793386,2
14447,0.7710556446995297,0.8066772480052629,2
14448,0.1089202149779716,0.10098842036225895,1
14449,0.0331589942595432,0.0454653900527182,2
14450,0.0636766292115656,0.04166794387584537,1
14451,0.1342566247118962,0.10976499575903158,0
14453,0.2679868622775712,0.18142396236907704,0
14455,0.0907111779777961,0.11258523314224303,0
14456,0.0926972984484277,0.0770809901808505,0
14458,0.2284995374391319,0.22403290201715859,1
14459,0.0923904688172742,0.0649949040614547,1
14462,0.1964229605020253,0.18120081438638277,2
14464,0.1193739711460782,0.11081851488719666,2
14465,0.0630215444170712,0.050264862003841226,2
14466,0.6129816039982445,0.5014770469828688,0
14468,0.431675826413357,0.46642935358336085,0
14470,0.0954034446009247,0.08611845024225112,0
14471,0.7468641220795216,0.782179825903926,2
14473,0.1157550878161095,0.12340687165388411,0
14474,0.6997895292728524,0.7111589555012234,0
14476,0.1309915248089083,0.10262487481732901,1
14478,0.1140767774266036,0.1098998437717387,0
14479,0.2704998463327903,0.41880070298928024,0
14483,0.1837122091525924,0.21772684390722405,0
14484,0.2770477184740763,0.28913578532519657,1
14488,0.1747794100327586,0.14311460235578577,2
14489,0.0622063912357383,0.08021513094409866,2
14493,0.0536856755005731,0.06308837498615248,0
14494,0.0949759591945446,0.09422502430363627,1
14495,0.1313634647187184,0.15556326295069953,0
14496,0.043520732041593,0.062184794931818846,0
14498,0.06137763055758,0.0405485546574032,2
14499,0.0474498859852476,0.036341541117269574,1
14500,0.5164527458445167,0.5357201165510902,1
14504,0.1513127209167156,0.13127835411109814,0
14505,0.0724565483288846,0.0508012200564822,0
14508,0.063289713325638,0.06311724298373389,2
14510,0.4005450896518602,0.3870924407282181,2
14511,0.5676630737873758,0.5256472475986745,1
14512,0.0227117613579133,0.05510371871150052,1
14516,0.0229047883674828,0.026054996714517376,0
14518,0.1024585540140004,0.09779678887136745,2
14519,0.7501226435551509,0.6955174210735949,0
14520,0.3097283126634322,0.29003002059765454,1
14522,0.3758453947460604,0.3245539103086993,1
14526,0.1093916110721041,0.13325195240209944,2
14529,0.0815738256280582,0.055596130461904675,0
14530,0.1634327606631939,0.1998234826858323,0
14531,0.1734201574816467,0.17229564117970614,0
14532,0.1156228917959558,0.16827455646667341,0
14533,0.1099476997703074,0.09545444731845817,2
14535,0.1113821993268242,0.10936930717972351,2
14542,0.7937965211942363,0.7310382096952361,0
14544,0.1507175140163066,0.15618258304440955,0
14545,0.2175622507869036,0.20626367420351846,2
14546,0.1353467251458964,0.14379366397193524,1
14547,0.5412087478788791,0.5221107896536252,0
14548,0.1626659159879691,0.13175731713549443,0
14550,0.1619340414888289,0.22135818903099302,1
14551,0.1928822016069845,0.13555712915679546,0
14556,0.1101866695941008,0.10074081527285825,1
14557,0.1118360640099051,0.1246304522124114,1
14558,0.2836735760523873,0.3439420070214056,1
14559,0.0892148105546898,0.08345927268124542,2
14561,0.1032840605674612,0.10679480470814923,1
14562,0.222907337454504,0.2530503778118881,2
14563,0.8195193535782103,0.7479763200089721,1
14564,0.301682398119576,0.22878603181756071,1
14565,0.04822053157056,0.06901914508144544,2
14566,0.0519052120262573,0.04829799156445848,1
14567,0.6965961035252355,0.7024242520942268,2
14569,0.1713854378376185,0.20486672791910387,0
14570,0.8499974223412202,0.8552115702844172,0
14571,0.0324142080932044,0.0254880137608998,2
14575,0.2369416155577152,0.17036363449363656,1
14580,0.1193066398861664,0.08940244735928134,1
14582,0.8774969493521982,0.8291415170844352,0
14583,0.049252138055835,0.057791925482764156,2
14585,0.0704329363298712,0.11706640708337195,2
14586,0.3050421022606667,0.30704884575855085,2
14587,0.458309049567969,0.44983931069697364,1
14589,0.6999915118325026,0.8025419092906305,2
14590,0.1232147036420691,0.16404727889049403,0
14592,0.1292555467434932,0.11181037087545104,1
14593,0.0934586059466839,0.09193465791477462,0
14595,0.1635775285441155,0.1406104455067683,0
14596,0.1469346379843735,0.15064923772796895,0
14598,0.0932860838540738,0.1080409189010608,1
14599,0.6014189800862221,0.6404614685641961,1
14600,0.1402705397749168,0.16214763229138543,1
14602,0.2055402783731392,0.2545096463015608,1
14607,0.0817496158200906,0.09901452404122776,1
14608,0.1395403627643443,0.14858445482321134,2
14611,0.0858748555921148,0.08045134433954838,2
14613,0.1387922392364539,0.10076708808731881,1
14614,0.0572742445318082,0.03785800557848052,0
14615,0.723835125510398,0.7937337061938682,0
14618,0.0480109789737169,0.05222194586268955,2
14619,0.0883086528666339,0.07289418774382186,1
14621,0.0353737790484924,0.062017092276210176,0
14622,0.0216738359605735,0.026067988305928328,1
14624,0.53137588902238,0.4524092145853896,2
14628,0.0968683576223839,0.2001049046305972,1
14629,0.1327739266046144,0.12684478043727865,1
14631,0.771533033015383,0.7440660558893919,2
14633,0.1775392935950932,0.16785965654259097,2
14634,0.4993725991632824,0.38852901058365474,0
14635,0.0652106502397823,0.061505054401059044,2
14636,0.1140199792519072,0.10397348379292871,0
14641,0.186348461257592,0.14861869304710165,0
14642,0.2178836595665426,0.2045870351370308,1
14643,0.3913141165179304,0.4175426569179378,2
14644,0.3532225365306068,0.3850252830703351,2
14645,0.2598239499351081,0.19658935569555114,0
14646,0.1778794542080469,0.20368543771105008,0
14648,0.0726384180972231,0.053416657385568875,2
14649,0.0937634249365418,0.07572789445452904,1
14651,0.5497372791125691,0.45358228831549385,2
14652,0.1068177794218309,0.09489132063229207,1
14653,0.863441818555907,0.8652488621022328,2
14660,0.145671509783419,0.1708313489016447,1
14661,0.1525005450222434,0.1632592059176879,1
14663,0.0303193791939993,0.028329525662688874,0
14664,0.1245521689151291,0.14174576296615526,0
14665,0.1694644662211855,0.16468711692272092,1
14666,0.1518787411621092,0.12530104138683595,0
14669,0.0818225800941685,0.09399843536780281,2
14671,0.0446184144310618,0.048221579554973,1
14673,0.109746954092569,0.09939932264400753,2
14674,0.1906222579193843,0.18147504820929472,1
14676,0.0770315001215206,0.06310537426306555,2
14678,0.0876891706940946,0.07716446822354012,2
14680,0.0714460588539541,0.0656278568593571,1
14681,0.1645631434515355,0.13191691557900861,1
14682,0.0261898583828728,0.024723842247194126,1
14684,0.0556057342366967,0.06570403893734461,0
14685,0.187389432376433,0.22568273230951763,0
14686,0.0838115335338588,0.12162099428665248,1
14690,0.0999433160959515,0.07182481960412535,1
14691,0.1550228744723558,0.13123634486641314,2
14692,0.7736190475864234,0.7724181186959054,1
14693,0.454871757265058,0.4740170445207811,0
14694,0.1535215031279618,0.1317784155308555,1
14697,0.0983344431467748,0.06924582342088878,0
14698,0.7123978197230556,0.730471186221416,2
14699,0.0863635081692176,0.08956327504505113,1
14705,0.1108404781012755,0.10989828086825645,2
14706,0.3076134015922233,0.23710732444675278,0
14707,0.7803164016249428,0.789121287808505,0
14709,0.8371511672043943,0.8209819164861205,2
14711,0.1265966867573235,0.138413481884043,0
14714,0.0633974636436352,0.07415776136988572,0
14715,0.0788273627090161,0.09023655482582552,2
14716,0.1485508471840616,0.15357395985430927,2
14720,0.0369395301092132,0.03645274546324815,2
14721,0.137507295179079,0.20408443902388773,2
14724,0.0588804642713992,0.0325834008754813,1
14725,0.1101969332145103,0.10001944408663238,1
14728,0.1707280598389896,0.16438474015713966,0
14730,0.1106084290620887,0.09146294504907662,1
14731,0.0931722596958277,0.07511442095029065,0
14732,0.0750974514176378,0.05749072580014293,0
14733,0.1048825379981378,0.11544291851529118,2
14734,0.6450795763024019,0.701820535678993,2
14735,0.261729271032418,0.22010666382350758,0
14736,0.0281647566906969,0.0474502974761795,1
14737,0.0717400938071907,0.0659350874084158,2
14740,0.0493486272566019,0.0403334857406117,0
14742,0.1284844416265801,0.1932144146474772,1
14743,0.0779522343003709,0.059384585461679656,2
14744,0.015987959320725,0.01904344224590145,0
14747,0.2338943886829822,0.25144362435128326,1
14748,0.1305155811522746,0.10907853435119362,0
14749,0.1600041102750551,0.13267048033158502,0
14750,0.1557319883180185,0.20029456759206984,2
14751,0.1319930033966165,0.1000296193811312,2
14758,0.5824517207907461,0.5512764286369527,0
14761,0.7171383904920174,0.7330562870240411,2
14762,0.2467144750679568,0.22087868778427655,1
14765,0.1049375974895517,0.07071050787523821,1
14766,0.0417858228904545,0.03940655962589915,2
14771,0.0941600345153898,0.12202557231103085,2
14772,0.1935108919778735,0.22452958183660637,0
14773,0.214571356216553,0.21730483079764643,1
14775,0.0441448216698739,0.031474699435181094,0
14777,0.0635772709651515,0.04546266809148977,1
14778,0.1363990469226876,0.11852940593501221,1
14779,0.4991699353572048,0.6229516352185203,0
14780,0.1660449499789242,0.1576576211624683,2
14783,0.2282591844672613,0.2533736373883173,1
14786,0.2085357714324485,0.2088285503942402,1
14788,0.0219585397011051,0.024669853227896624,0
14789,0.663643748895945,0.6501416248722987,0
14796,0.4020323298060124,0.2868130215036636,0
14797,0.770788876105427,0.7534641571115023,2
14799,0.1825772546999572,0.20048377017308788,2
14800,0.1386090130492302,0.16925749971026074,1
14801,0.2666844707644595,0.19682415819448795,0
14803,0.2803020126219802,0.28450091569257224,1
14804,0.3251955261970874,0.2702281704602477,2
14805,0.1763939487006962,0.25778936166184496,1
14806,0.8041784578036698,0.7448247750666572,1
14807,0.2098275427084863,0.11820615862914227,1
14810,0.842404738116934,0.8263647807065606,1
14811,0.3550726589579177,0.4097213235842152,0
14813,0.2270913785486228,0.21555836578811793,1
14815,0.1059595310059607,0.1345338008594033,1
14817,0.1439751862068031,0.1703281420693044,0
14818,0.1753673558321606,0.17021931839780977,2
14819,0.1319232316614351,0.11637946613978195,1
14820,0.1496001966553681,0.2090617262557083,2
14824,0.0776089297121708,0.07531194629859993,0
14826,0.217167270900933,0.21253791137652062,0
14828,0.0883244615398694,0.10246993648458075,1
14830,0.0995028965450711,0.10446605605540518,0
14831,0.2791029165550455,0.23888441204563302,2
14832,0.0727319771258012,0.07684242319460162,0
14836,0.1607231566893486,0.17960005109965835,0
14839,0.1824682513649979,0.17175590497107124,1
14841,0.2393259962086077,0.29219874604201346,2
14842,0.1422091369747023,0.13029773065690498,1
14847,0.3928823833510433,0.4065758691003577,1
14848,0.0453745681391118,0.04491759733960812,0
14853,0.1279405377171091,0.12628857280174102,0
14854,0.0767327104793585,0.08690192727847945,2
14856,0.210034056925006,0.2665624596757887,1
14857,0.1403927825082193,0.13978501935919777,2
14858,0.122060832429797,0.21721441053662482,0
14860,0.0900732822735886,0.14513208349045287,1
14862,0.7847889230707774,0.8277357338509757,1
14863,0.1124989033616864,0.08946344666701223,1
14864,0.0663837524129598,0.068443364458438,2
14868,0.2313236007360848,0.2493275541781168,2
14873,0.2131308232530272,0.22743644283279968,0
14876,0.1645691964877014,0.14978683388836514,0
14877,0.0732018666937137,0.05502308345546262,2
14878,0.1091618001933055,0.10047200625723737,2
14880,0.0712624214120035,0.052850366353358366,1
14881,0.4714590074837015,0.3593002903580179,1
14883,0.26891277122116,0.23235008264264956,0
14887,0.2583101164867737,0.17904503534855434,0
14890,0.0992432256373151,0.08551198261678714,0
14893,0.1170318927222676,0.08622761515074437,0
14895,0.1593138006903006,0.1550169862913136,1
14896,0.0820210712229173,0.09626355042797302,2
14897,0.1314400259090342,0.09445197386289386,2
14899,0.3499439899679716,0.42028826283268056,2
14900,0.0348146000854643,0.030628511454809902,0
14902,0.188509789751161,0.19428234788006676,0
14903,0.0596687126037772,0.06900521367867538,0
14904,0.0618853999756766,0.03944810543520588,0
14905,0.0759898234344599,0.07463703931803355,0
14908,0.0523283274826952,0.04531357945562967,1
14911,0.0348162185623642,0.0286118805675299,0
14912,0.1010027106821394,0.12648431216669534,1
14913,0.286789453543014,0.2629338231233128,0
14914,0.0589687873879937,0.09447749113507743,1
14915,0.6478073845419643,0.7918219695595268,0
14916,0.0240661260274083,0.0289614563059697,0
14917,0.0384843860405086,0.026529206147290575,2
14918,0.3126769142463566,0.3050357077989606,2
14919,0.0616495817508311,0.060828790937850145,2
14920,0.0655126042350759,0.07128376253390137,1
14921,0.138492254184471,0.1395143427605735,1
14923,0.7751899399934566,0.7736884120855372,1
14925,0.0444311088611225,0.04786284900085643,2
14926,0.0478090853533033,0.039943933249008676,2
14928,0.4659890799127633,0.44232380980958647,2
14929,0.1352406698113949,0.13365178467518396,1
14931,0.0789079809234922,0.09141755989492623,1
14932,0.1600881553364519,0.15993828563783657,2
14935,0.0813123506349443,0.05656611117421825,0
14936,0.1416147681976204,0.1848853590142011,1
14937,0.1521545746053685,0.10294172603088839,1
14939,0.0705467261733988,0.07419712430759795,2
14941,0.1590753275553322,0.14497991510891917,1
14944,0.1759592147411327,0.1781657630765098,0
14945,0.1933458808136197,0.15485917289152373,1
14946,0.1789396026489748,0.129809353811018,0
14947,0.1744889233988556,0.19924937450730035,0
14951,0.8850159487703463,0.8821256024235058,2
14957,0.1487738011555197,0.17719025788508397,1
14958,0.1950059648549865,0.17862038987564377,0
14959,0.0556468748022145,0.03687154792404028,2
14960,0.2286512871980683,0.29798071374814966,0
14961,0.0924186288442356,0.07523387077353372,1
14963,0.0827607650872129,0.0716434222613629,2
14966,0.2281011385179995,0.18460145845416528,1
14971,0.0694100336816102,0.07188345012732228,1
14973,0.3787070777209828,0.298188050784761,0
14974,0.7671932503099117,0.8856856105565845,1
14975,0.1016645586642466,0.10347764226610187,2
14977,0.746322144557963,0.7227852884959213,2
14981,0.6705275331377973,0.5746868823540863,0
14982,0.168381956247461,0.17097969676247218,0
14983,0.0803209566387934,0.06344793214976305,1
14985,0.1735600727970744,0.14582076940396915,1
14986,0.2326786639054039,0.23047916405015267,1
14989,0.150059450530831,0.19782371827892406,0
14990,0.1686348633017341,0.24978490857207744,0
14992,0.2457670112430778,0.26495803575371707,1
14993,0.2293678928287496,0.24716714453674063,2
14995,0.1587137288603288,0.18513737830288823,1
14999,0.1152419993706989,0.10710594153162789,1
15002,0.1076313873921063,0.12623229825085105,1
15004,0.232384013241899,0.27732464311657123,1
15007,0.1655087518350828,0.12431473782817595,1
15009,0.6637997958170484,0.6858262983966762,2
15010,0.3591931337932721,0.3644164401474276,2
15019,0.3619936365880016,0.3690898389437923,2
15020,0.0501274381127151,0.059669191496042544,2
15021,0.6906721917695141,0.7040610718044076,2
15022,0.0757268336471098,0.04564556509731215,2
15023,0.1577445579946459,0.1498932112904878,2
15024,0.0797918358056905,0.06087038844621503,2
15025,0.4279798395799918,0.4187157039054286,1
15028,0.0498428963133665,0.03677898561197615,2
15031,0.6979028204405545,0.5559228244775122,1
15035,0.1372434306469256,0.07760507612032894,2
15036,0.2547865187093434,0.28072065591135575,1
15037,0.0852478579478848,0.10355841069004557,1
15039,0.1168276624514515,0.10680315673648516,0
15041,0.1165046400547837,0.1360869656601145,1
15042,0.1345799351433023,0.11769239390174899,1
15043,0.364925623146441,0.35281020320532275,0
15044,0.1603672880607043,0.17266036174349816,1
15045,0.0278438854220399,0.027569952407800802,1
15046,0.2579277909278299,0.27815706200005985,2
15047,0.0966659930582801,0.0618415273074178,0
15049,0.1088744142915646,0.1039086191707106,2
15052,0.0995065059611184,0.0803657670635251,1
15053,0.1675684028619329,0.1795445602046988,1
15057,0.4628116396240136,0.5483959994658905,2
15059,0.0585685004051055,0.06888779707474159,2
15060,0.1323197870088157,0.13803898793800873,1
15061,0.6895377070924844,0.6466692397931599,2
15064,0.1326006581432224,0.09679018644682262,2
15065,0.0886249354628612,0.046569766187671,0
15067,0.0954039766024641,0.09143966075934849,1
15069,0.0314717759797208,0.045701622396215724,0
15070,0.0575159236027297,0.07059360282751675,2
15073,0.168184237300328,0.16065682091290645,2
15074,0.1080241253993122,0.10820778981791161,1
15076,0.0320476610002249,0.033391342211802996,0
15077,0.4874233804289356,0.5698134660361853,2
15079,0.0688004966755774,0.06615408736232813,1
15080,0.2100642542077745,0.16398788426548283,1
15082,0.1637657917740846,0.11551206897830936,1
15084,0.0321152497806975,0.025268833818410275,1
15088,0.4115632414173886,0.47577845022393744,0
15090,0.1710346208992653,0.18819900719654886,2
15091,0.3016586902142456,0.3485516033190966,2
15094,0.0878677684819158,0.07677645959376465,2
15095,0.2643867889401067,0.22210009894595678,2
15096,0.2535945009012376,0.25869304377230157,1
15099,0.2076266286664492,0.26476995873796083,1
15101,0.6627748484019376,0.6264616059348814,2
15102,0.1266074270853275,0.1540778296564671,0
15103,0.3491288350409554,0.3277375227574171,2
15104,0.035732641919826,0.03678490364931315,0
15105,0.0932357054211182,0.19039500596921294,2
15106,0.054961308388411,0.07642385920400108,2
15107,0.1513447188557225,0.1173478231607351,1
15108,0.0500516002190205,0.0478867823438461,1
15111,0.5466129331786311,0.5038411206345017,0
15113,0.1899837436834936,0.15408909218251365,0
15116,0.1422594202403574,0.13274210097307648,2
15119,0.259231627463528,0.15669033805176855,0
15120,0.6854688292814927,0.6996279907755136,0
15121,0.115414128965516,0.1197661157890827,0
15125,0.0503362047277526,0.053817366993356805,0
15126,0.0563256983497281,0.05809575280676055,2
15127,0.4184252870390107,0.507920951046922,1
15128,0.128924345088554,0.12005199794443833,2
15129,0.3351737810834823,0.30461753160771854,2
15133,0.0272015956179221,0.012990237222651226,2
15134,0.1296284894392065,0.1052398413723631,2
15135,0.1298479773385028,0.17792501044630815,1
15137,0.2613085796414691,0.3105001986723174,2
15139,0.8525809005931543,0.899078051345155,0
15140,0.1344811935786554,0.1611355133483234,2
15142,0.1029715613086117,0.08972088474745193,2
15143,0.1310476148236751,0.11568765930956083,2
15144,0.0424614775786806,0.041740197906249825,2
15145,0.047031528402062,0.0362729999966055,2
15147,0.6812929784423346,0.8331558324188515,2
15148,0.0694842387502642,0.0421721087059841,1
15150,0.13173628184732,0.09443536135719371,0
15151,0.1069128670837257,0.1042764436789943,2
15152,0.6743580863628182,0.6854538447341572,2
15153,0.2969836375604727,0.32690872157766915,2
15156,0.2614842076064253,0.21827627314875397,0
15157,0.1314488116657319,0.1113142401329751,0
15159,0.097043404078214,0.13581151769123445,1
15160,0.6816269359679656,0.6441126263275552,1
15161,0.5774981906946139,0.6552848923756824,1
15162,0.1096463590922665,0.09102977379047936,1
15163,0.0589277846026245,0.06353653063903257,1
15166,0.1237850493436314,0.13329524981055615,2
15167,0.1218844779154738,0.1024758953761642,2
15168,0.084562571628976,0.08996017733670092,2
15169,0.1515871463218347,0.19441650985563347,2
15170,0.7913625699041871,0.8386527142604558,0
15171,0.0899171155733039,0.04745345516020325,0
15172,0.0558602222902884,0.045695515890056826,0
15173,0.1767205853187126,0.18508098936334882,2
15175,0.134197539432475,0.1778421194550596,2
15177,0.0915009342220316,0.08339824681778668,2
15178,0.1721542457061608,0.1924986105181904,2
15179,0.0832677180608544,0.103332917730462,0
15181,0.6257123580340961,0.6011177933342503,1
15182,0.1534704225840877,0.158623440429406,1
15183,0.1991485705440498,0.19340916174554046,0
15184,0.0982630374672249,0.1095784122220268,2
15185,0.8262534482534407,0.7739354730631782,0
15186,0.7747742438610364,0.7238836255063501,2
15187,0.0840212538050924,0.05742237487349322,2
15188,0.4090785357855059,0.5277507097012955,1
15189,0.0420236855939716,0.03630304795719413,2
15190,0.3063070797267085,0.2662356719978135,0
15192,0.0988586900508526,0.0979278955213216,1
15193,0.0916110104762941,0.06486502930834484,0
15196,0.1622631677507556,0.13242094546726443,2
15200,0.1002474861878351,0.0763952097395303,0
15202,0.7642598615724784,0.8281649700855458,0
15203,0.1450972679657406,0.20928072786872443,2
15207,0.2184197548182377,0.24278520929125622,1
15208,0.3618150101126485,0.4855530144539883,0
15210,0.4100557035715296,0.4076763729069208,1
15211,0.1216841307084018,0.11278304576782022,2
15214,0.0853887063723643,0.09651307732291911,1
15215,0.1305912681162844,0.11434446955009087,0
15216,0.1708171420760726,0.15200997539260672,0
15217,0.2241042733800084,0.18153557421033698,2
15221,0.2456505508921298,0.1739192642573229,0
15223,0.0786904193206033,0.0542475864818276,0
15229,0.5945908403105077,0.6026451059229614,1
15232,0.7041221603380959,0.7274125651986448,0
15233,0.1219656945385277,0.09698926710722494,0
15235,0.09881324262924,0.13447154552055465,0
15236,0.1221235668093372,0.11063552389995128,0
15240,0.1810472049791357,0.21541120503083203,2
15242,0.1615938196811469,0.15342937915399307,1
15243,0.1167043673138222,0.12317897781337378,1
15244,0.0595637587485949,0.04601287344305175,0
15245,0.3510003747546815,0.40915084724799633,0
15247,0.0506613318590848,0.04274321929015825,2
15248,0.1614950351710999,0.16494127958563626,0
15249,0.0621798746929638,0.0576555718791157,1
15252,0.6395616640389221,0.7025667631647686,0
15256,0.1882556519100324,0.20060758743943416,2
15257,0.1691154042178584,0.12573623611125143,1
15258,0.1445592285014913,0.13554921263635272,2
15259,0.2736255958272276,0.3065641014544839,1
15260,0.1705883498752274,0.16077611911772588,0
15261,0.0832450460348578,0.0583431561659703,0
15262,0.0528924276598132,0.058460785396353174,0
15263,0.1497667562011961,0.1867773642866446,2
15264,0.1178022768599417,0.11914204001038069,2
15265,0.1096844855740569,0.10460244441425998,2
15266,0.084370206856585,0.06116111281645485,1
15270,0.0257010175382925,0.04036895235238627,0
15271,0.1607046254716231,0.15950032373824974,2
15273,0.1278083659094052,0.16742325755973111,0
15274,0.079945959354042,0.08053349338018573,2
15277,0.0824251675202756,0.07557150530467371,1
15278,0.0699769576418647,0.05599783770975303,1
15280,0.5370455016699148,0.6578384448315269,2
15281,0.0625294189961227,0.0466107285665006,2
15283,0.0737581354587793,0.08649979989845168,0
15286,0.1379022986097593,0.1427230367456817,1
15289,0.0580959394008126,0.0578230513201729,2
15290,0.4004400741936178,0.3856947052331396,1
15292,0.1134859786972764,0.11423870752179013,0
15293,0.15278907655685,0.10753180331182564,1
15299,0.063529491157759,0.08017479671763708,0
15301,0.1947407909908458,0.24507083713273292,0
15302,0.1310931515697628,0.09438365806684382,0
15304,0.0716904376999214,0.08712338849674844,2
15305,0.1023513710701815,0.13449937325872705,2
15306,0.1493825967571946,0.12342782481196657,2
15313,0.1674430635688585,0.14518255660736665,1
15316,0.249134412107013,0.15304239541309317,2
15319,0.167473668277357,0.12303781438492643,1
15322,0.0326200606799282,0.029576487638813223,0
15325,0.0766281432007321,0.09584054161453767,1
15326,0.058812129038378,0.0532402478599174,1
15327,0.0752169794638197,0.08413653460185698,0
15328,0.083942618078553,0.07655243266011999,0
15329,0.1830257601679333,0.18737568960664275,2
15332,0.3966082644812278,0.3386706892699312,0
15338,0.0885279944747512,0.11118409203408498,1
15339,0.1200977159735432,0.20463308958050344,2
15340,0.629748600513759,0.6550323247105782,0
15343,0.1368609729657037,0.1631608749153743,2
15344,0.1550108811990608,0.16864965954933134,2
15347,0.0948579434977879,0.07510322059522855,2
15348,0.1842444477013458,0.21357320978054706,0
15349,0.0901105524134418,0.0827844053079663,2
15352,0.4593846973782914,0.3502509223514699,0
15353,0.3415664208632625,0.3742755776917366,2
15354,0.3459791663855663,0.3254026507869937,2
15357,0.1218940432214953,0.17932934223163802,0
15360,0.2809204344569048,0.19954259939486713,2
15363,0.0548305731923505,0.03924459310108173,1
15365,0.2004220836604812,0.17138112979136563,2
15366,0.7074490615097223,0.6703990017430694,0
15367,0.078809077512332,0.05942389290157098,0
15368,0.4827695176614686,0.5426091518548486,2
15370,0.1466813516934358,0.12034265296325919,2
15374,0.1316052099418977,0.12694235093264192,1
15375,0.0329643091745008,0.027583925705228926,2
15378,0.3019010283168369,0.3413847696791052,2
15379,0.2441471670923077,0.10011579860632527,0
15380,0.0447754955154072,0.023582825898742374,2
15381,0.0438675391262423,0.030981021013688624,2
15383,0.5603806478774755,0.5213554832236628,1
15385,0.1056590351641505,0.09003824090510151,0
15386,0.3980825041245885,0.37994897573997277,2
15388,0.0754223450262723,0.05634488584971692,2
15390,0.0581108108922024,0.06073080788092382,0
15392,0.0430640801623002,0.030317077618819525,2
15396,0.1535203021384763,0.17523348406611614,0
15397,0.1394336750706643,0.1388449691066198,2
15402,0.0728380786904455,0.08020412332760295,1
15405,0.1109674783539957,0.1161950980929159,0
15407,0.8364441380664341,0.8485199315273438,0
15408,0.0497435722827348,0.03939716724521469,0
15410,0.1492121798343957,0.12751116870689366,2
15411,0.1537402186370723,0.16053816846518287,0
15414,0.13050552950083,0.11289825839537287,1
15415,0.2853030650879677,0.22206881437813025,0
15418,0.5673156302752789,0.5316429533492191,1
15419,0.0998952334223559,0.08045298163596604,2
15420,0.2826495418789756,0.3003464322760624,1
15421,0.1225984236095259,0.16509971956847302,1
15422,0.6619885131504263,0.6496559541385554,1
15425,0.6317985809949704,0.6976979251706749,1
15429,0.0958959488102072,0.09533239465466566,2
15431,0.1554672864972862,0.17375078835289343,1
15433,0.1399455787288526,0.09877024536442994,1
15435,0.1058022232329047,0.1666612706451907,0
15437,0.1716215822358443,0.09208360495411756,0
15443,0.1461285286847212,0.21621378844197256,0
15447,0.1038419583277569,0.13128589487211656,2
15450,0.0305413357976564,0.02355480725703305,0
15452,0.0245292333488443,0.018777787868397375,0
15453,0.1450195589798416,0.1773052495175194,0
15456,0.3661748565111507,0.3388292498432975,2
15457,0.0241819878473827,0.01849479584540985,1
15458,0.2963632005606291,0.3252081073641027,0
15459,0.2392030791626716,0.29111158272482873,0
15461,0.1327883250152295,0.21198381611953449,0
15463,0.2402474247958115,0.18291857548638815,1
15465,0.0481669465314623,0.06580604838605865,0
15468,0.0663876485541749,0.05364763934713442,0
15469,0.3848260241215925,0.45575806525033946,2
15471,0.0503524054997173,0.03798405026663205,1
15472,0.2093108259267707,0.2228425988251054,2
15473,0.061427897460114,0.04354702056505993,1
15474,0.1568943225079717,0.13905163908684165,0
15480,0.1950238854385619,0.170435870634575,1
15481,0.7097979715522963,0.7513154668449682,1
15482,0.0642209668186034,0.052115109789465555,1
15483,0.0804565177876496,0.09042230512517799,1
15484,0.3108065463184047,0.34312018901662433,2
15486,0.0800397486576754,0.06404240078857373,0
15487,0.0668256308818942,0.06429177750648796,1
15488,0.2780306706785884,0.28656921618315234,0
15489,0.2866771586906457,0.28512341933742263,0
15497,0.1834839999122677,0.1691076864973861,2
15498,0.5394052744653847,0.5085222942271238,0
15499,0.0845292895302761,0.07854438450062318,0
15500,0.3993151193394462,0.28958042651980126,0
15501,0.6822259636028434,0.655367121461281,0
15506,0.4892216731147356,0.5204016430149166,1
15512,0.1605660214059771,0.15858631247728294,0
15514,0.0622698345982272,0.05830823018429003,0
15515,0.0527732926107651,0.0622176491963313,2
15516,0.1333583266030676,0.16890317686740014,1
15520,0.1504596182968542,0.3666737955907484,2
15521,0.0538342946480932,0.06509341712639347,1
15522,0.4334586655777485,0.34881761731883043,0
15525,0.2523489924880552,0.34936051320122535,1
15527,0.3303431471972582,0.3356657656731066,2
15528,0.0809110508264458,0.07239328038380298,2
15530,0.0683608678501852,0.06668979152587412,0
15532,0.6294771865241715,0.5880412436970412,1
15534,0.0886641568456391,0.0801049923092664,0
15536,0.2441660464040768,0.20196274665729275,0
15538,0.1370595014961944,0.12431122915583251,2
15543,0.2722357262758206,0.2669594436736883,0
15544,0.2998724294322185,0.3267947023413108,0
15546,0.55704137246892,0.7374493466658951,0
15547,0.1202609700761254,0.11335687095235263,2
15548,0.1374253242176169,0.12262393860391131,1
15550,0.0280211533382451,0.03676281525224105,0
15552,0.3013995178666806,0.2732269625042729,0
15554,0.0539350822757956,0.07032190700447866,0
15557,0.1117188340989632,0.12959939978305837,2
15558,0.0546789522009709,0.0425462460408047,0
15559,0.7271384686858192,0.7219894127333266,0
15561,0.0663481365564654,0.06928660582296695,2
15563,0.0428836329899448,0.03798300804813425,0
15565,0.20893636715471,0.27478899922466204,1
15566,0.2834693829815687,0.32189001259897143,0
15568,0.0519196489378966,0.055228372016397825,1
15570,0.0411597579387709,0.03174889656949825,1
15571,0.823532465533429,0.825821438337168,0
15573,0.1479786102300034,0.15145496256223695,1
15574,0.3621992377275284,0.3742811713541421,0
15576,0.1245571712890099,0.19824277487118142,1
15578,0.1931052923275819,0.18928974357677653,0
15582,0.1370225751560352,0.13081696349772678,1
15583,0.1424394232778318,0.09301750393412983,1
15585,0.0469622507317968,0.04337789880123403,2
15586,0.794653309715124,0.7849330915166806,2
15588,0.0776461534793979,0.09087382062931662,1
15589,0.0854773047814634,0.090946640370866,1
15590,0.0319585787381007,0.031187686973605272,1
15595,0.0921070049128408,0.08351073799704567,1
15596,0.067407872147941,0.050032361642074905,2
15597,0.1144574220737434,0.15033914002671728,2
15598,0.5410141337713547,0.5685852103693818,0
15600,0.6899647953532043,0.6632489575944907,1
15601,0.1448736884981465,0.20306477270909695,1
15603,0.4200938987946994,0.4623049063948912,0
15605,0.2264104268683193,0.1947852805604401,2
15606,0.2486397818627789,0.16019772550920144,2
15608,0.0427064949341744,0.036282843284763805,1
15609,0.1440641005208555,0.11740805265306578,2
15612,0.0916300740502223,0.10335524890892643,0
15614,0.1412165081058217,0.09262684367656082,0
15615,0.6431882214269584,0.6720029132183604,0
15622,0.0350859213383085,0.02846151558939315,0
15623,0.1061306012652509,0.10183620813066857,1
15624,0.3454808410080427,0.30876128293915145,1
15625,0.2419817390383246,0.2141204977358453,0
15630,0.5292125184721123,0.5675069108235135,1
15631,0.0871353149770952,0.054762857258521674,0
15632,0.0467342164446685,0.03761229657984578,2
15634,0.0988326276034574,0.07760305634121475,1
15638,0.1035968751294028,0.09308736664573443,0
15639,0.2042712392257857,0.25953670599518497,1
15641,0.0671129568021864,0.07146028302355582,0
15643,0.0738814030265353,0.10313342353185706,2
15646,0.3146454150846468,0.32604151763279304,1
15647,0.0647196730102817,0.07482360501070053,1
15649,0.1455270714130892,0.14813699643912587,2
15650,0.1562666263354602,0.12305429323704412,2
15651,0.0752634797781527,0.059018086635963904,0
15652,0.5286373270477515,0.6186492208769079,2
15653,0.1404974833962879,0.1822430986517724,1
15654,0.2262743043041248,0.21667207576369044,1
15655,0.2448147296323825,0.21648586435181127,1
15657,0.0313033357862649,0.016679242014969075,0
15658,0.0284147507108209,0.031964504317518454,2
15659,0.0970936072303365,0.12281099552566883,2
15662,0.1114355540395965,0.06932935824340275,0
15667,0.2788085899589083,0.21669568246845292,2
15668,0.0453449536629027,0.024279957549530527,0
15669,0.0308856949966765,0.023057504560545325,1
15675,0.3637873417529182,0.2925476861060215,2
15676,0.1280268835979185,0.20025618263254252,2
15678,0.4040926282525696,0.3465658896352226,2
15679,0.1364627840096813,0.11287937009579653,2
15684,0.4009763633306496,0.3590715867611919,2
15686,0.4085742554509802,0.43173757806679686,2
15688,0.1659456426639463,0.15143070750747079,2
15690,0.1438875848600125,0.12893018412727053,1
15691,0.2390892741194902,0.2839619382989153,1
15695,0.2145992860273542,0.17119099984130054,1
15696,0.12512910193267,0.14630249208789733,0
15697,0.1125305089805551,0.12467441561529502,0
15700,0.4678343116350029,0.42573491432019656,2
15701,0.6876022419722801,0.7192748166603191,1
15706,0.1560917226041872,0.1759852258162407,0
15708,0.3612453832345392,0.4023296143046275,0
15710,0.0806006562024143,0.08216165925916644,1
15711,0.3498471337462672,0.2983275945702499,2
15712,0.1013441147242107,0.09573157526515427,0
15714,0.2056098611091091,0.10146778682183283,2
15715,0.059536307460441,0.03164698932823208,2
15717,0.0960999939287081,0.14067141215334938,1
15718,0.0736292109592343,0.06485949541781945,0
15719,0.6380786756036217,0.5897438893352884,2
15723,0.2554340660528945,0.3008092892461458,0
15728,0.2881721384184308,0.3402406534697014,1
15729,0.0914605672711544,0.05929548327515035,1
15730,0.1321342985664928,0.1364635595740301,2
15731,0.274250911957532,0.2720594956523506,1
15732,0.1998907097278273,0.19666465170387026,1
15736,0.3284782980036589,0.3210519363755022,2
15737,0.0929975232989999,0.11692521765293523,2
15739,0.1359226630574877,0.15461013431395626,2
15743,0.0753516981808268,0.045840372927061404,2
15746,0.0765460414900108,0.057653201204509855,0
15750,0.2700710419675967,0.1945027119033198,0
15751,0.1687069261428085,0.15651766874869016,1
15753,0.6173698129427647,0.5257945206420512,2
15754,0.0992026884478996,0.0872479224821861,2
15755,0.072886099405401,0.07292118550629192,2
15756,0.1287173186803928,0.141261652531299,1
15761,0.7202911696408623,0.6054472785744223,1
15762,0.101277524015882,0.08084597819221334,0
15764,0.8304658396887081,0.7300075126455926,0
15765,0.148064035620455,0.11164406888923177,2
15766,0.9139430646316402,0.826132843829092,1
15767,0.4499955977892644,0.5708761546617822,0
15768,0.1906801809643032,0.2326503486379108,2
15769,0.0845320783797897,0.09084851386451208,2
15770,0.222067321301519,0.2765288462718312,0
15773,0.6583334413800771,0.5387366007742019,0
15774,0.0585340931593574,0.0380319946205083,2
15776,0.1764400998686174,0.23111927603842097,2
15780,0.1293223103300831,0.12063336350032365,1
15781,0.0883925692287777,0.08021375314696715,1
15783,0.1400747004562652,0.17230611264207885,0
15786,0.1203797141122616,0.108698631157331,0
15788,0.1672688286298088,0.13420831318065116,2
15790,0.0335221478525719,0.02817565164455385,2
15796,0.2322286653418279,0.11660377810727676,2
15798,0.1295282413825046,0.14171688096910784,1
15800,0.2645123336694537,0.3474331913843371,2
15804,0.1394566548693653,0.12617770426862235,0
15808,0.0797671364866079,0.0710800053032366,2
15811,0.6572050641025525,0.463112569629354,2
15812,0.1595361180315946,0.1418929973498929,1
15813,0.1346971469687869,0.13951716343145856,2
15814,0.1378375996912953,0.14536703743890728,0
15815,0.4021633340515987,0.4145476846205651,2
15819,0.0548537737038089,0.04436166648476275,0
15821,0.6793672979898172,0.6910061128486154,1
15822,0.1163536278407478,0.12127695232983501,2
15825,0.5481296978250625,0.5170251725925988,2
15827,0.7858330225404363,0.719164906826099,1
15829,0.0414443563141398,0.028599378577501205,0
15830,0.1022330016113986,0.07337868615845466,2
15831,0.0669367298140839,0.0598776273887177,2
15833,0.0881394353614683,0.07178827708741198,2
15836,0.3083433793661484,0.3351459351054243,2
15837,0.153530679205105,0.1724123116198552,2
15838,0.0723274325317602,0.06640688610490172,0
15839,0.0444533823692126,0.0315864571905582,2
15840,0.2092718118446358,0.16412163983121747,1
15842,0.0650938911216663,0.09418663106648534,1
15844,0.7774207532085723,0.7701296859598894,1
15845,0.1528551212033653,0.15312019280683212,0
15847,0.1541053586066992,0.1345703334749516,2
15849,0.1309067192922084,0.07503624196678757,0
15850,0.1868112929174973,0.21830481638931715,2
15856,0.7726912073837225,0.7765319889743203,0
15857,0.3005970316185685,0.4820284785192517,1
15859,0.1771402117997272,0.1510234351973783,0
15860,0.0771592653616677,0.09241699914166865,0
15864,0.3070508282882582,0.3760185199113386,1
15866,0.0912043768096657,0.07630182591363217,1
15868,0.7182986551765201,0.645879572340455,0
15870,0.0300208947669642,0.02083721966887115,0
15874,0.0782766297673798,0.0765899556543082,1
15875,0.1649059995451098,0.15007402494987124,1
15877,0.0887218536350137,0.0799817380450315,0
15878,0.2891134877693694,0.3396756807909703,2
15880,0.1087616264557576,0.09346148659655178,1
15881,0.1024967676794404,0.08657818716097893,0
15882,0.1809497422055226,0.16194814610127065,0
15884,0.2004210978686738,0.20734450574903887,1
15885,0.1017111813844857,0.10024345955577638,0
15887,0.2444749276548352,0.3383808865677196,2
15888,0.0417219248188277,0.035843946238654126,0
15890,0.1735279298005843,0.15126353876216952,2
15896,0.3896911068885079,0.3918923037430688,0
15899,0.3428933676528671,0.3866379575726979,0
15901,0.1622528453408729,0.18698839308171902,1
15903,0.2271832424941136,0.22544941072930497,2
15906,0.0455383025814935,0.06337819641988945,2
15907,0.0682133530643407,0.0527543691656732,0
15910,0.567922252981829,0.6116265101575252,1
15913,0.163871284240211,0.14842203354551603,0
15915,0.2717427025982717,0.3107953090650503,2
15917,0.177788148271207,0.1825824405619636,1
15922,0.1038161202308401,0.09899304391549463,1
15924,0.0370905603805542,0.028414779771305153,2
15926,0.2586568675720065,0.27773104950168453,2
15927,0.0283002385656727,0.022744797928292974,2
15928,0.0997049922401529,0.09231153785374956,0
15930,0.8114038199754701,0.8027982257792523,2
15931,0.062293494428931,0.07662190833808127,2
15932,0.1163214468403553,0.058897946722060675,1
15933,0.1296427546568337,0.11696592551240717,1
15937,0.063475576003798,0.10025809502294417,1
15939,0.06542332506051,0.06652577162543624,2
15943,0.0463845796465044,0.04192571125701482,1
15944,0.0995665844634447,0.08642783534730697,2
15945,0.1745243878645779,0.18376376198655062,2
15946,0.0392909448386765,0.03029358174581187,2
15948,0.7277754973201256,0.8445796120084731,0
15949,0.0872574693290884,0.07106833658750977,0
15952,0.1470802357940003,0.0986413652551085,1
15953,0.018856014380366,0.0166893065260732,1
15955,0.750585885852681,0.7808922585132954,2
15958,0.6845509399679104,0.8331294073639123,0
15959,0.1301778364026198,0.13321529900961,1
15962,0.2814990210402909,0.2682253847302951,2
15963,0.1762433123874784,0.1884542253651061,2
15967,0.1857051885566127,0.3195308986252299,1
15969,0.1284949497560656,0.1422476407186368,2
15970,0.5840460363158124,0.6282739805231825,0
15971,0.2248911701707833,0.1805310530011235,1
15972,0.070064349448361,0.0502788427523507,1
15974,0.3196980789616011,0.3372067554513648,2
15975,0.1182653489757089,0.1547705203749554,1
15977,0.3986745159433734,0.3704753061769106,0
15983,0.2774012988409141,0.3146436305289393,1
15985,0.0894439861816458,0.09511209767964424,1
15987,0.1135642707593739,0.0962855165805228,0
15990,0.1023011011597825,0.0939837415602035,1
15991,0.1714200434553257,0.16691541153818681,1
15992,0.3316278054881589,0.3027850631204154,0
15995,0.1872327985445288,0.20688150653367926,2
15996,0.06104081765262,0.04094623856768,0
15997,0.1250831247061994,0.10119340228990353,1
15998,0.1803326911615928,0.17253516314556683,1
16001,0.8120762531017262,0.8071965311699612,1
16003,0.3682719275936835,0.38774158614470705,0
16004,0.0775902071121632,0.06634002668223622,2
16005,0.0863938080745991,0.06823666749701768,0
16007,0.1696216175963981,0.1822992026927154,0
16013,0.2039609519714013,0.14661612484892392,2
16016,0.1622967490427884,0.14345274761343363,1
16017,0.7913049660286451,0.7491548748253195,2
16018,0.115393882525492,0.12065901501099494,2
16019,0.0274684190166668,0.025413935630628926,0
16020,0.0996664489916757,0.10473348081903655,1
16023,0.0927215698515704,0.10581261338875977,1
16024,0.1438694291935221,0.15344687056810857,2
16026,0.4409577882597981,0.47017626208859914,2
16027,0.7183671988011906,0.767629360461361,2
16030,0.4941374079486622,0.4873095079711224,0
16031,0.0287191466905767,0.018629785517543074,1
16034,0.2363027674933094,0.17198772037852833,2
16035,0.1319003418099961,0.14465127107916284,2
16039,0.5462190332983473,0.5632124644433157,1
16040,0.8381736396853618,0.8932215291237977,1
16041,0.1360441465643345,0.15628616814715995,2
16042,0.1422922690019456,0.0974269054009566,1
16043,0.2833891599565192,0.26143504413018803,1
16045,0.2808859538206453,0.32836880960455,1
16048,0.4373402054710495,0.4133264314570312,1
16049,0.1104597615954637,0.10226351467392544,2
16050,0.5706394045006328,0.5716205241752812,1
16051,0.1011148050758747,0.05664983507539153,0
16053,0.7588663727190552,0.632574195177864,0
16055,0.0332925570825907,0.03798646071041902,2
16056,0.0805306306596961,0.07308782238753278,2
16057,0.1632539275862392,0.12802068665713648,1
16058,0.0996606340375257,0.07086401486613747,0
16059,0.1191302162928322,0.12024808286348355,0
16063,0.1104669672706343,0.07375572802743388,0
16064,0.3326166523819177,0.3863884215296366,0
16065,0.3328649576043352,0.3180725240415854,1
16066,0.1014427250417319,0.07373202332892195,0
16067,0.7106310551434912,0.7086615931818053,0
16069,0.2151487217765747,0.18700759152429247,1
16070,0.1759723426123404,0.14809069085559617,1
16072,0.0894904157272446,0.07873562458002485,2
16076,0.6637682340459143,0.6339097115587775,2
16077,0.1718846614974971,0.13362266573156661,0
16080,0.0917441694798916,0.08621514784473755,2
16081,0.0468466910265571,0.04036389273388362,0
16085,0.1408492493147368,0.15684751167338662,1
16086,0.1186028628752228,0.07889261104530253,0
16088,0.1458737220166147,0.1367951906660705,1
16089,0.0779637076263652,0.07276212317844402,2
16090,0.5955918967757511,0.5541833614709881,0
16092,0.7333833607573453,0.7418620709842716,0
16094,0.0685824728244416,0.055207995483846375,1
16096,0.3769460676774492,0.31782860519396944,2
16097,0.3340685676595152,0.34438830114296437,0
16098,0.5874658687087644,0.6073078042544817,0
16100,0.2132175602370311,0.21365683515975623,0
16102,0.0292181622942146,0.025199273191821227,0
16103,0.0113999174383976,0.01308356563936185,0
16107,0.1607806988600715,0.13652050966086718,1
16108,0.6641532754142576,0.7092915016150535,2
16109,0.1906776383559462,0.1808476125837214,1
16111,0.1064532053557611,0.10643184419777085,1
16112,0.0456238482350128,0.045626482466043776,2
16113,0.0793877913335862,0.15337451201902824,0
16114,0.0734881285169598,0.059500517073521095,0
16115,0.0540997783352573,0.04533591775184065,2
16116,0.4087548968430844,0.4283093557651207,0
16117,0.1071830957860747,0.13937236040864137,1
16118,0.0470341245619286,0.028288188330488753,0
16119,0.2192887156065959,0.22310137102594535,0
16120,0.1388438082216872,0.11573615336094485,0
16122,0.4262568537041167,0.4859112206566386,0
16123,0.0316871067485231,0.018644685107634274,1
16124,0.1712474973586311,0.14559996965778443,1
16127,0.8216203857836317,0.8706230564265722,2
16128,0.1558223705656506,0.17069026216146344,2
16129,0.0641842263482875,0.04509681126200632,0
16131,0.1351905210313367,0.12028301559972387,0
16133,0.6397380327932971,0.630043084546456,0
16134,0.1599862809594791,0.20223642903665645,1
16135,0.3870120575746392,0.31184912358018885,0
16136,0.1629467860703153,0.2619416210696834,1
16140,0.0654595872876351,0.06472669861760767,1
16141,0.4012048759960289,0.48650381879420934,1
16142,0.5713766739063865,0.5769155283248522,2
16143,0.0947784478429808,0.06094415773853937,0
16144,0.0618919597368071,0.04043567908237035,2
16150,0.1363397812233063,0.11743790859223414,2
16152,0.1534928353052579,0.15205492789686798,2
16153,0.1352223348638653,0.11131199906330069,1
16161,0.0750271721844808,0.06226027627840605,1
16165,0.117095496487527,0.1441666795457468,1
16169,0.1166075417717697,0.12741807041080058,0
16172,0.0234651381248192,0.03742374424036502,1
16174,0.170063141908167,0.1565903719856177,0
16175,0.114782510898412,0.0918473377812822,0
16176,0.1189046932342349,0.09070417505376233,2
16177,0.1983968353403563,0.1523173296025256,0
16178,0.7689509313914955,0.7637080374405426,1
16180,0.1232165169790103,0.12500387381366238,2
16181,0.0489418857887062,0.04560191598124015,0
16183,0.0569571690335777,0.05414290071523163,0
16184,0.216387530278974,0.19110559153924372,2
16187,0.1369816246490783,0.10933654870141074,1
16189,0.5994051135806577,0.678892994254071,2
16190,0.0308563386272493,0.031948740718103594,0
16191,0.3350576054811706,0.3542759234242338,1
16193,0.0321431675007772,0.0220989051597831,0
16194,0.0596089852904938,0.0342593975395914,1
16197,0.063752475223259,0.04862451726259635,1
16198,0.3074822555580095,0.25152470871518595,1
16201,0.2937718401339689,0.31540342925352727,2
16203,0.132299221358126,0.12348221040967636,1
16204,0.1340398828851792,0.1290402729022736,1
16205,0.1951832654250235,0.136754370882695,1
16210,0.8425408233914389,0.7940528646577636,1
16211,0.22292691011221,0.2031422138544649,2
16212,0.571344820081336,0.5687482452443032,2
16218,0.1845991100790676,0.1739488989816896,0
16219,0.1637547133090173,0.1687052469105028,1
16222,0.0999042317403077,0.11404968872978885,0
16223,0.8229091896098343,0.816604414750428,0
16225,0.3614697702597405,0.34242672708723565,1
16228,0.4099572548619893,0.31866254999356347,1
16229,0.8171197732372978,0.8226758144584323,2
16230,0.0977660570538269,0.07864619013928835,0
16231,0.1383810985645465,0.26975191845315044,2
16233,0.0514064395037284,0.02986492127037195,2
16235,0.1603289244598573,0.13348816376753567,0
16236,0.7213758466035362,0.6723559577868119,2
16238,0.8049138218531142,0.8365440548694939,0
16242,0.0443485676047865,0.0351297701325112,2
16243,0.1471588412099474,0.11414471880528668,2
16245,0.2139643816592058,0.14883999209450244,0
16248,0.8171755974133286,0.8218440833040556,1
16250,0.2110774148588101,0.16320498704304368,1
16251,0.2248377904692961,0.24930336136503262,0
16252,0.4515508760977554,0.3955388688082479,1
16253,0.0813903213367171,0.0652721572219806,2
16254,0.0807009074808551,0.08178539370630761,0
16255,0.1766758659621519,0.1658162574124151,2
16256,0.2826755446072164,0.33882070587686297,0
16257,0.1670988629752768,0.1802538088788152,2
16259,0.3520747842770666,0.35057439731256934,1
16260,0.7249323479451819,0.7403946127731711,0
16267,0.0777510669505386,0.0662399179898914,2
16268,0.106856951736963,0.10557245015083178,1
16269,0.0501448954576203,0.023506203765959,2
16270,0.0673848644795949,0.060491808296981496,0
16273,0.1864304990174152,0.20273871821577497,2
16274,0.153607379608854,0.10657150527498924,0
16276,0.1269691875728748,0.12851255828491676,1
16277,0.0307284268885747,0.039472912045681874,0
16278,0.0658298715726235,0.05349346163401365,0
16282,0.3266940494338861,0.33331032549811257,1
16285,0.6788624270333317,0.7308761423400123,1
16286,0.2981316163587054,0.2846434317453296,2
16287,0.7065655935804668,0.7110883901722833,0
16290,0.4606578698692932,0.4289745377991101,0
16291,0.3132410788592244,0.3185013677693618,0
16292,0.0840354495342124,0.1081757155343437,0
16294,0.1670317156936238,0.12922416020535102,0
16296,0.2061378133912151,0.2659586081680261,1
16302,0.2113433223581521,0.25885011032396976,0
16311,0.1052743661472354,0.09206381918028608,2
16312,0.1276772684395683,0.13258444080138262,1
16314,0.183766173567054,0.1922400815276259,0
16315,0.1007160349695432,0.0881143071148129,1
16317,0.1273770438440917,0.10424075812061391,2
16318,0.0478955080758734,0.03447714723536033,0
16319,0.1501908408809683,0.09444964255650949,0
16321,0.1013301543150294,0.07384372432065966,0
16322,0.1881470854789178,0.18252253561695372,2
16325,0.1398008267355499,0.13686715633653204,0
16326,0.4738584744717926,0.5039941401457221,1
16327,0.0810055077613853,0.0662180689292474,0
16328,0.2844963966854487,0.3465757934261783,0
16329,0.2438482793266385,0.26462843487729093,1
16332,0.1129957297769289,0.1113561408980213,2
16333,0.178051566546344,0.1464639865596373,1
16334,0.1598355093828038,0.14253419540383705,1
16336,0.3316180488172134,0.42631335019051053,2
16338,0.1117148858565102,0.14703945701400672,1
16339,0.1066100111921517,0.07800848580747405,1
16341,0.1205254638941456,0.10407054122403159,1
16342,0.1346951328026057,0.11485567214708305,2
16343,0.0694182885223287,0.07117217790208187,0
16344,0.258518646099493,0.21670787280717058,0
16346,0.0254321224697032,0.018869536162293997,0
16350,0.0601939806214579,0.07674751771665055,1
16353,0.131104948324867,0.3844857065604225,1
16354,0.2467069108363482,0.11568533516644114,2
16355,0.0474133176373649,0.03166213833916618,0
16358,0.5027378509619286,0.5478968739825594,1
16359,0.2490306642476915,0.20683415459816776,0
16361,0.2095718083818378,0.2490763471496724,1
16362,0.0621706656610224,0.0624838885154585,0
16363,0.4309521581709641,0.38310610136751955,1
16364,0.1457033876751187,0.11386768376295203,2
16366,0.1511449425041839,0.1229638257998428,1
16370,0.0225861280696436,0.023087945727854775,0
16371,0.1294299924290717,0.1094316317635537,2
16373,0.1559447115626124,0.17609870146382914,2
16375,0.8237054178103291,0.8164880618768721,2
16376,0.5913851562219878,0.6651477670038184,2
16377,0.8093485338960713,0.8025808265896557,1
16378,0.0833889133711994,0.06813191256956805,0
16380,0.4773016100400177,0.4372883504130397,1
16381,0.2494697068122868,0.2590922916295047,0
16382,0.169356162796712,0.17328812163334575,0
16383,0.4246838352141359,0.33650416135565603,2
16384,0.3482612356715122,0.2277824084443008,1
16386,0.1395130225119259,0.0877586438674342,0
16387,0.2247459616977556,0.249379631259381,1
16390,0.4809257696837761,0.4523734726783397,2
16391,0.1213580426372579,0.14573224121951672,2
16392,0.1278749561340974,0.1406891206534338,0
16394,0.1476055764946244,0.20554639671260622,2
16396,0.0498114533777381,0.04532254983777353,1
16397,0.7726979385835003,0.7525127167133875,0
16398,0.1443084196518893,0.12569967640369917,1
16401,0.7820593377804625,0.8712845858108642,2
16403,0.0938720716445345,0.08158352160802737,2
16404,0.2470053469211415,0.40075931745483984,0
16405,0.3039796961008243,0.2414558742051256,0
16408,0.2576269549480283,0.24937080741388862,0
16409,0.1103859684204641,0.10077723098301508,1
16413,0.2080142614155083,0.2239241151509119,0
16414,0.2129390821519169,0.33500394671505485,2
16415,0.1413625050748466,0.13024388467368747,2
16417,0.4006621103421797,0.23519262169998828,0
16418,0.1591308630705352,0.13730074806115045,0
16419,0.0831683394731572,0.06271575531146456,1
16420,0.2195853532028305,0.20951109335272808,0
16422,0.1044347934649743,0.12909595066420554,2
16424,0.2239411362337563,0.29841400298770887,2
16428,0.2370789388175172,0.1793650494457359,1
16431,0.0561095678003936,0.03561993066473575,1
16434,0.1776869194760591,0.16139805497620852,0
16436,0.2068122700997512,0.1815404100447499,2
16437,0.1364831612360405,0.1858428879794352,2
16440,0.3485601261809465,0.33890196098234737,2
16447,0.3182678081878822,0.2317655206508035,2
16448,0.1724509415660214,0.1953278855096418,2
16449,0.115776374234223,0.09485472995317654,0
16450,0.0925083874807596,0.11754053203216044,0
16454,0.2522408458333071,0.2728476240570988,2
16455,0.8478365372245352,0.8608715715305431,0
16458,0.0635117223988693,0.06078664330115385,1
16460,0.610724839929901,0.6613700755380393,1
16461,0.1233903071689716,0.11159924187063414,1
16462,0.8586563800772745,0.8953827264336662,0
16463,0.1680913233957578,0.21432940480443852,2
16464,0.7128121266880909,0.665169904211045,1
16465,0.0855292115392052,0.08512404500781597,2
16468,0.38667390970607,0.381889516147191,1
16472,0.081963764145157,0.06432809767240212,1
16473,0.1104958642192222,0.11513183230342738,2
16476,0.4110226995102482,0.4946275300465876,0
16479,0.6443658336569301,0.5660061761814464,1
16480,0.6729867622489557,0.6697974090571218,0
16481,0.3657007742011617,0.40165826142839134,0
16482,0.0659360892786296,0.08009379557361813,2
16483,0.2428159077718078,0.1608781105506997,2
16484,0.159620066398264,0.12583077657018388,0
16485,0.1482084147522229,0.1140620987464159,2
16487,0.1166749452988864,0.10172561603199676,1
16488,0.6473747143341568,0.7891352382574829,1
16489,0.1781932740004384,0.18473154777929285,2
16491,0.3346907705425267,0.3431109774765654,2
16492,0.2373544910042848,0.3090457512927148,1
16493,0.1248709022576784,0.06698335394875601,0
16495,0.0911928120823878,0.11042359985128947,1
16497,0.285188272083783,0.34209584060689957,0
16498,0.6714212635977954,0.57779969784535,1
16500,0.1242101403561786,0.07133925073950374,0
16502,0.2072586659186277,0.1872084372774444,1
16507,0.4104045065910233,0.5324912169737384,0
16508,0.6968001807979335,0.775672492802503,2
16509,0.211260336790259,0.21559881871823264,0
16510,0.5890309244217244,0.5281402926742887,2
16512,0.750713002519041,0.794679844286463,0
16516,0.3956211149221925,0.45779741197196294,2
16519,0.1286317906927399,0.1281891489765284,0
16520,0.4068829155796259,0.5100529149802743,1
16525,0.5608969434692048,0.4192557279472474,1
16528,0.0394473012804996,0.05591301666428333,0
16530,0.071429732920395,0.045332777390761594,2
16533,0.168459899097584,0.18271881533888767,2
16535,0.1626922696271267,0.17289643367136126,1
16537,0.0357375470412239,0.025070769439600904,0
16539,0.2843556430832603,0.3182100000826733,0
16540,0.2944182872668556,0.2955419248401589,2
16541,0.5429523317990087,0.5858994490587147,2
16544,0.5732502251048929,0.5653802080782188,1
16545,0.1723591697647008,0.1302528130045861,0
16546,0.1468523482770676,0.1303732777698843,0
16547,0.1229623325234968,0.13133512092201172,1
16549,0.6558145701784641,0.5219105134756584,1
16550,0.3691944520076323,0.3602283826394994,1
16552,0.1298420736584404,0.11824096577265812,1
16554,0.3215432723175757,0.4067717177516188,1
16555,0.8163870350524957,0.8764741784232725,0
16556,0.2467383353743089,0.25902983094639853,2
16558,0.0733319047905261,0.07926364481017208,1
16565,0.0257056037049407,0.030503951331254275,2
16566,0.2340059968277517,0.22198407692108107,2
16568,0.4098550531249862,0.3506727579380663,2
16569,0.3919602370072154,0.3938930431585012,0
16570,0.1211591056625555,0.0880702531378059,2
16571,0.1700533442547691,0.13466871551398546,0
16579,0.6245624807637572,0.447437251997178,1
16580,0.128341800671679,0.10649505504059875,1
16581,0.0688755723562678,0.10191856930760651,1
16583,0.17386546006507,0.15887866160561814,1
16586,0.0295585783272692,0.02608437335285865,0
16587,0.0765129587037506,0.05613585231931827,1
16588,0.0633076648452637,0.058122711381034774,0
16589,0.043342805134933,0.0534620551275788,1
16592,0.3979283880611818,0.3189528125611616,1
16595,0.3726734410598703,0.3403706997681512,1
16598,0.04662178038533,0.030173776521133528,2
16600,0.1702332175766396,0.12691359745101127,1
16604,0.1997744828610818,0.19760142801778047,0
16607,0.1715470560600963,0.22858219838105126,0
16608,0.4252069004916815,0.3972370187925295,2
16610,0.0883275688265843,0.07459421273425079,1
16611,0.4855750648509352,0.39640212194846164,0
16612,0.4094238170166561,0.3973209182949031,2
16613,0.6876245237953401,0.6929765213551224,0
16614,0.0800052757174042,0.07345860995822012,2
16616,0.3585035869173293,0.33681713548155634,0
16617,0.2489874351762986,0.4095381712178357,1
16618,0.0451691426608101,0.0682899262189945,1
16619,0.0668440374268697,0.040346959157763304,2
16620,0.1639197495872633,0.2193739513091736,2
16621,0.686096107832093,0.7010919620178154,0
16623,0.7101474787150801,0.7295448816809091,0
16624,0.1102313239005494,0.1131849505388617,1
16625,0.0679308235926527,0.07648837099653756,2
16627,0.6106283124244674,0.4866977055631354,1
16628,0.0672874780781767,0.05487801156279508,2
16629,0.2051725247786666,0.20936105111390454,1
16632,0.4122485374799179,0.47325285043092735,1
16635,0.6976188433230806,0.6410297409047139,2
16639,0.1599704887177634,0.10963624218763772,2
16640,0.4935433140051921,0.4306178844905331,1
16641,0.7626794120867343,0.6920518266205347,2
16643,0.5367548997601346,0.5851916607112609,2
16644,0.2861198870322584,0.3072532353567299,2
16646,0.1531293615680561,0.17443170511663,2
16647,0.0962762059160236,0.08929718389799249,0
16649,0.231916264444467,0.2396147618450848,0
16651,0.2346982424589505,0.22886704918579723,0
16653,0.1031841309821528,0.13664878969849928,2
16654,0.0665840165166542,0.08256775425697893,2
16655,0.1865558030166549,0.15218642231799512,0
16656,0.1275495408486672,0.08134821096431186,2
16657,0.2401799695891506,0.20074551553933134,0
16658,0.0379099928896247,0.03854100060336412,0
16659,0.1816470365007731,0.21334163938729522,0
16660,0.1151266263657805,0.08688503533179222,0
16661,0.1379750328893127,0.10998963838590417,0
16664,0.1712139571827556,0.14804518556797763,1
16665,0.1401745584443001,0.18685230303560088,1
16668,0.6497062702110303,0.5706566177672658,2
16671,0.2299890758125423,0.1723720358016202,2
16673,0.5046836709372752,0.4425551555499227,1
16674,0.1299508896456881,0.08496269822508587,2
16679,0.4870966850792457,0.5271281001832941,1
16680,0.5233808293418881,0.5019967013079261,0
16681,0.1293532864121924,0.15335709964751768,2
16684,0.8588909011009586,0.8095856844765542,1
16685,0.1446895931391401,0.17306510119563637,0
16687,0.4987066681209251,0.4252818888343302,0
16688,0.1037875646686443,0.08133707673871901,0
16689,0.5884478817482162,0.6428796785951667,2
16691,0.7032874125714499,0.7173448998401638,1
16692,0.0907179469068875,0.08604385917758056,1
16693,0.0534811506610271,0.04202739452336855,1
16696,0.1523799164213832,0.21540790774209395,1
16699,0.1618151747861756,0.16168135677083612,0
16700,0.8903187736417688,0.7107529271231368,0
16701,0.517813414523273,0.49733241301338915,1
16702,0.0470764995718343,0.034502008708405175,1
16703,0.1165363511139799,0.1493031686967293,2
16705,0.7096893435350947,0.7621275355853195,0
16707,0.1061531807726234,0.11188562453400892,2
16713,0.1550097406124312,0.19798820985616564,2
16716,0.065953331885235,0.07356532171334562,2
16717,0.1349367063537917,0.11110587151134847,0
16718,0.465233982586989,0.42234713457336603,1
16720,0.0571510338564592,0.04197726874184065,1
16721,0.1004996785005973,0.1155106876995027,0
16724,0.0870898144742489,0.07112738991096153,2
16725,0.0522297929406183,0.04734555470643765,1
16726,0.0594394290910001,0.05407165245443005,1
16727,0.3129043836769584,0.36191584013544204,0
16729,0.1502563985288149,0.19275905761088513,0
16731,0.1431743188501324,0.13063656055264078,1
16733,0.8239739841323216,0.7913532991095985,2
16735,0.1737969367304745,0.2611810911332121,2
16736,0.0882348144529374,0.07964108959077063,0
16737,0.1742865037353465,0.13122124036790347,0
16738,0.0975785237761993,0.08215019233711189,0
16743,0.4035293296601444,0.43094835795581315,0
16745,0.1515286175124946,0.12310280343495208,0
16746,0.0642063347249907,0.05604798978329838,0
16749,0.8372863304581216,0.7677683152526952,0
16750,0.2342083662745001,0.2483990284982886,0
16751,0.232719355458999,0.19750165271342457,2
16753,0.111783281454398,0.10526025384593088,1
16759,0.1478967493160278,0.1295528390940014,1
16760,0.1265858314633208,0.10732329565857787,1
16764,0.2123023936969536,0.2440805566736872,2
16765,0.7840911705413192,0.8476479326623564,1
16771,0.7209506751370948,0.6718704854309047,0
16776,0.0728273585375722,0.06537608554149997,2
16777,0.1945516987428463,0.3034570112047227,0
16778,0.0711319791538041,0.07829787214734082,2
16780,0.1542860173989012,0.17127554181804114,2
16781,0.1357698686292055,0.11987149805980324,0
16782,0.567794106438975,0.5934162149019812,2
16783,0.3392824001230511,0.4257541247379108,1
16786,0.5349384335080668,0.5579195986619924,1
16787,0.165006524804372,0.14717766807235544,2
16788,0.1967759675743497,0.305211943953468,0
16790,0.7577918727956576,0.8085642199765314,0
16792,0.1059983618300547,0.07773236685333054,0
16793,0.7714057864992436,0.5889393127880576,2
16795,0.123816596584889,0.114914512582531,2
16796,0.0443314132151718,0.03706822469934007,2
16798,0.0636623783882699,0.05449603684125555,0
16801,0.1374326040135466,0.14267637707908368,1
16804,0.0646523055477484,0.041818840566070575,2
16805,0.2962028713741331,0.31908320547259367,0
16809,0.1053473244197895,0.07688219576823385,2
16810,0.0373233702861285,0.030954256931817525,0
16812,0.1089679640705236,0.10213083535470575,0
16813,0.8176315342669485,0.8076150823764343,0
16815,0.1439229658136217,0.1361877323003531,2
16816,0.1743966626241798,0.1963652462173489,1
16817,0.1161431196511759,0.12101616296848462,0
16819,0.1168179257769595,0.14346888864385188,2
16822,0.1331659660253348,0.09929795198850005,1
16823,0.7581255997020375,0.7992471145975604,2
16824,0.0992681513539094,0.10789814326144422,1
16825,0.1697693772451413,0.18704361065192984,1
16827,0.289729888665467,0.34599182547399865,1
16828,0.1455402678064129,0.1039569737903134,2
16829,0.0534999152004416,0.05192952679586997,2
16830,0.0684213150093524,0.07331028651018658,1
16831,0.1654563251451418,0.2184622678029869,1
16833,0.7637291735387719,0.7252828284057053,0
16838,0.1305121306486693,0.14813366206318312,1
16839,0.8769285384726724,0.8928678291388097,0
16840,0.3638861797246511,0.404439773765318,1
16846,0.3978266858452929,0.4291627860305115,2
16851,0.0913728512114251,0.10025783806147577,0
16852,0.1992646655238771,0.18304872780769343,1
16854,0.8007009219315108,0.816993935453993,2
16855,0.4056916329162031,0.4843513851579282,2
16857,0.5662665778201854,0.6138117034944588,2
16858,0.1590044402850124,0.1258018125938794,0
16860,0.1597521376742904,0.11541427614841929,2
16861,0.0976308096794743,0.1346696565523856,2
16862,0.0871541963283599,0.05230302769328617,2
16863,0.1486284730236604,0.1484446880874107,0
16866,0.0650803357735824,0.08619789637502598,1
16869,0.0572180001208647,0.05839597933688855,2
16870,0.7310728797994196,0.6165743886167456,0
16871,0.3942556856673723,0.33415078486435296,1
16875,0.2416335034897812,0.278841161119994,1
16877,0.0886588271439522,0.08475292982535917,0
16878,0.0878424148314191,0.1241663835531851,2
16879,0.0496961086035794,0.042873374968512304,1
16882,0.1389739258692385,0.12569956122077114,1
16884,0.1533066142166084,0.17625313095329243,1
16886,0.1960064404159195,0.22634084160567586,0
16887,0.1848353741843764,0.15973180000405074,1
16888,0.164708070737364,0.13943696113623477,2
16892,0.2366645642189101,0.2070830558244805,1
16894,0.0628122433840417,0.0707249422218171,2
16898,0.023613401544822,0.022318328765793448,2
16899,0.0977050969433849,0.1240727732187505,1
16900,0.1648753592566921,0.1366957177967855,2
16901,0.3553727761858364,0.36469759237240845,0
16903,0.23481961337167,0.2911773989502545,0
16904,0.0980496675268452,0.12012519930905347,2
16906,0.086521213774901,0.06334141370366156,0
16908,0.2322281162752462,0.18736378658042788,0
16909,0.6761134250106992,0.7449378388256369,2
16910,0.1718305766813364,0.17401303650303349,1
16911,0.0665196081483571,0.0808200165863279,1
16912,0.1367288231630285,0.15389620435546447,0
16913,0.2654962250053011,0.2602319820540725,0
16914,0.1003679048747298,0.08548384331702621,2
16915,0.762998833915369,0.6603627936744306,1
16917,0.1639340903738874,0.13847898749356757,0
16919,0.1791073919638437,0.18804353195099713,2
16922,0.1225555205715543,0.1622728055966564,1
16923,0.4601886398132128,0.4399269355922124,1
16929,0.1148516794023234,0.11943223637808037,1
16933,0.831541095869288,0.8378839148645655,1
16935,0.1958485266554279,0.1447197369064655,1
16936,0.1559127952711526,0.1605854407677182,2
16938,0.7927125384463207,0.648678385493863,1
16939,0.1606424091645474,0.13020845354749322,1
16941,0.1255419020805506,0.09696285615979705,1
16942,0.6479867397510158,0.586010151732823,2
16947,0.5562119566622462,0.5636007318433169,1
16948,0.0744648849892671,0.12801697868808934,0
16951,0.5554730268219774,0.47004903365057293,0
16954,0.8715220547208602,0.7483228645858202,0
16955,0.2110350587338043,0.21322633517820716,2
16956,0.1753069172761041,0.201246291159275,0
16958,0.0426622568204416,0.03616437371173661,2
16960,0.2267131977867434,0.18545959124789205,2
16962,0.0769914191681815,0.0757756040608288,2
16964,0.8720838150423033,0.8783118954173257,0
16965,0.0957180238435232,0.07432266378761573,1
16966,0.1458131121751166,0.08087431322430967,2
16968,0.4291489687492724,0.42550019317468046,2
16976,0.1335830334563527,0.10692601916504321,0
16980,0.311200874208704,0.31851058644344227,2
16981,0.0711998310131754,0.07839898097379935,1
16983,0.1360712500782245,0.19774783924446193,0
16984,0.0904174395364982,0.06961487937449003,2
16985,0.0739415182412825,0.06639500026857188,2
16987,0.0827362570394207,0.07918251147939842,1
16988,0.587218010732169,0.6029340780675444,1
16989,0.2737387921819819,0.3238639006942622,0
16991,0.2287682086193223,0.21873180765748013,2
16992,0.7762068078453527,0.7523055306306663,2
16993,0.1073621237313531,0.10286424043373049,2
16998,0.0360641601895169,0.05975678801157723,1
16999,0.2637032522941333,0.227616115819997,2
17000,0.1517245188249192,0.11783846501139766,1
17004,0.1066858437450777,0.14769374323315618,0
17006,0.1007948103250646,0.16457883281236155,2
17007,0.2801763791457188,0.22260594515706086,2
17012,0.2857108899377115,0.32035073015663323,1
17014,0.1048947967237632,0.08447634649926215,0
17015,0.1251858067823215,0.15641512903200067,0
17017,0.1170797649200484,0.08144446365209596,0
17019,0.1160895763108037,0.08504174070272402,0
17020,0.3544362816131577,0.4475230358483926,1
17021,0.7673649581609819,0.7665478362407815,2
17023,0.1133622279893103,0.17471533347237678,1
17025,0.1311527320772896,0.08592846261978171,0
17026,0.6510292878397045,0.6067314149197909,0
17027,0.1410298229199528,0.08805598386177,0
17029,0.1131213623003828,0.06709455847141454,0
17030,0.170964614649398,0.16185551417083635,0
17033,0.3026155075394962,0.35525984152320955,1
17034,0.7285611994440556,0.8413521588864292,2
17036,0.1170845377537071,0.08458676835907082,2
17037,0.0809251465131484,0.06409811405685312,2
17038,0.2270110017515786,0.20741322028213233,1
17039,0.1110609577497502,0.08436099854525254,2
17041,0.5192236742894827,0.493429397737256,2
17043,0.0461056780503946,0.048011837710354825,0
17045,0.1815670389635633,0.23126602845169475,2
17046,0.1834001997470317,0.1668854059687155,1
17050,0.7681307397448196,0.8112925298075572,0
17051,0.6863265617470916,0.7112356982107478,1
17052,0.5975584678809839,0.5631189707410634,2
17053,0.6418866697655313,0.6294926356603848,1
17054,0.2920691398342253,0.23666109308608782,1
17058,0.6232116378586253,0.6667135075607922,1
17059,0.1413710703677994,0.16971386124717708,2
17060,0.641792730730334,0.7186159176999731,2
17061,0.124545024385354,0.16048014521348203,1
17064,0.1929373170243599,0.13695258666439658,2
17066,0.1030387622027508,0.13237555763877362,0
17068,0.0691097423598177,0.06403802574772617,2
17070,0.6240156991168999,0.6774224486368897,2
17073,0.096180895639152,0.07632292610953284,1
17074,0.2211466226265404,0.24182232222750027,1
17075,0.2284422743249187,0.23963712884109445,1
17082,0.1131594426932323,0.18501659867494397,1
17084,0.4114108494063378,0.3881585001872354,2
17086,0.5548399415129472,0.5828320957752506,0
17087,0.7081307638492518,0.6885724058940058,1
17089,0.2299096968247658,0.28107676689259947,1
17092,0.5787346295841043,0.5980209419408576,2
17093,0.1638678115329066,0.09122693428781273,0
17095,0.0549922190849886,0.043925262877676674,2
17097,0.1432467508193336,0.10804954623204187,1
17100,0.0810415708580119,0.06952589934930667,1
17103,0.1612989092559968,0.14882350640523906,1
17104,0.2419948618162512,0.23468982326295634,1
17105,0.0808367806930123,0.05464144758390725,2
17107,0.1407836761608977,0.1277395333722407,1
17108,0.135084603948473,0.18522514208456342,0
17109,0.0388780079054019,0.0375988214057052,1
17110,0.0963788894670731,0.11769320516415123,2
17111,0.1791788167923081,0.17785743461824877,0
17112,0.4378952764747125,0.43212847847398433,2
17113,0.0975747358057822,0.15365661543179782,2
17114,0.1571294725589359,0.1628707758631928,1
17115,0.2055293663452973,0.21673375636138764,2
17116,0.1188359214288015,0.1492335784136431,0
17118,0.1108841356785088,0.13671248297408162,0
17119,0.1114384218783534,0.10577751359924892,1
17120,0.0609457155707258,0.044956921783279626,1
17121,0.190005178549564,0.18884628095479006,0
17122,0.8112520835096015,0.7474281170030966,1
17124,0.108853092609724,0.1460085357137038,0
17125,0.0658417630144083,0.055493155189920804,0
17133,0.1182671242914778,0.14043193106577967,2
17134,0.678710396600069,0.7085942794465602,1
17135,0.1092165298423085,0.07313653534891087,0
17136,0.1472646233482359,0.12145356088919801,1
17137,0.0442911565140077,0.0421768441205007,2
17139,0.3923583594645716,0.34234932242573124,2
17140,0.2995187917609257,0.29406011040041413,0
17142,0.1901681916431097,0.18997193348974603,1
17146,0.073961244583625,0.055480363444707824,1
17147,0.1958373557857045,0.19150285593572464,0
17149,0.5877723094578796,0.5896008095038431,2
17151,0.1217403965248528,0.11135196365213287,1
17152,0.0635328761731946,0.073422929680902,0
17153,0.0216128871465088,0.023504274558390173,2
17157,0.0150061583448238,0.0158376621007455,1
17160,0.6736494119174917,0.7452620041836413,2
17166,0.1753675100894858,0.17801556369883317,0
17174,0.176732187209042,0.1467590176213272,0
17175,0.7805018433846399,0.7827469114749075,1
17178,0.1588792928535924,0.15774392306396734,2
17179,0.04497720578964,0.033344523615622304,0
17180,0.0527491442315918,0.06845840203391494,2
17181,0.6899416050063145,0.7848952140610307,2
17182,0.1939539369541008,0.14720349731026663,2
17185,0.0519896220299232,0.060233168654684074,0
17186,0.0956489361767567,0.07069576495501573,1
17187,0.0602697474658346,0.0537531287108517,2
17188,0.2342132489896242,0.28512659554691544,2
17189,0.5527199375592546,0.6428711544446579,1
17191,0.7692187239968074,0.6993281314977108,0
17192,0.6403174312718699,0.7439543344932494,0
17194,0.1524225322779256,0.13256344026373612,2
17195,0.0527677344775723,0.07980595975125378,2
17196,0.1002561755534592,0.11944775979222626,0
17197,0.1636512315058379,0.13532735393611706,2
17198,0.1315602120346682,0.1486845015539105,2
17201,0.1882012534189514,0.24542820947010302,0
17203,0.1012191026459785,0.12837382978411072,2
17204,0.8347316553568151,0.7959685387480686,2
17205,0.0780403911094767,0.055880258310568226,0
17207,0.296879509931092,0.24966045555536173,2
17208,0.7401615052654696,0.731229653747764,2
17209,0.4420962147553244,0.3870034836520975,2
17210,0.1703736167376864,0.16204972903850137,0
17215,0.1040201154302903,0.08092954412907646,1
17216,0.2131239775887879,0.21845355676285869,1
17218,0.1334005515212316,0.12838370253300646,0
17219,0.4189576330684574,0.42086868293286345,2
17221,0.1484453339517057,0.1445228834654415,2
17222,0.1272493611340045,0.1483756026350262,2
17223,0.0749265783808638,0.059900927525451175,2
17225,0.2759439176440623,0.2837372882525541,1
17228,0.1134835908246695,0.08971899738536943,1
17229,0.0675006339296675,0.05659804993478634,0
17232,0.2135391258097322,0.2520255979590285,2
17235,0.8207495303138866,0.7765387186541343,1
17236,0.8140597236260337,0.7953574267136241,2
17238,0.0659534446602196,0.048476655676798944,2
17239,0.1476566454743467,0.25559597000180395,2
17242,0.1283901402030854,0.13143694163216524,0
17243,0.1402554176158654,0.13337488192377028,1
17244,0.1750108229974467,0.18487248951908472,2
17245,0.7911967625038395,0.7718824494590435,1
17246,0.2046575564663819,0.18525935801092236,1
17247,0.3781423258869673,0.40269407684663283,0
17248,0.8133272703780576,0.855714938645856,0
17249,0.8025161449749229,0.6653184278906233,0
17250,0.0755524889861153,0.06441262546227187,0
17251,0.1343988459956334,0.1051361938539625,1
17257,0.6096745246545335,0.6070985979802154,1
17259,0.2729401509349073,0.30511453465755406,2
17263,0.1303154178041683,0.14178431941403666,1
17264,0.0788167834046911,0.06449152440005593,1
17265,0.1108317673253375,0.10455044988470323,2
17267,0.1527929398512029,0.12479115089724804,0
17268,0.1462559078236042,0.1628786347240114,1
17269,0.3795033734128294,0.3590969987826824,0
17271,0.0595685449493567,0.05169079112242957,1
17273,0.0618149721560796,0.046772776992695324,1
17274,0.1933852456972533,0.22548740316812868,0
17275,0.1535608271014055,0.12623008093591337,0
17276,0.0785076384545103,0.07812491461419835,0
17277,0.2699742857608963,0.1795706409313037,2
17278,0.1252596688306909,0.11002137790578263,2
17281,0.1961623539094074,0.22472330150880188,0
17283,0.2609177943105077,0.30033310390536494,2
17284,0.1351874723880414,0.10215837512459741,2
17285,0.3472030802395109,0.40898646416769024,2
17286,0.1256326843383914,0.12213417066876867,2
17289,0.1290327114250387,0.11297567140701648,1
17290,0.306065372086963,0.4293501208384842,0
17291,0.137116678873745,0.12817182546506434,0
17293,0.0556653922389772,0.06660515427730165,2
17294,0.1735939604349083,0.14271138207428175,2
17295,0.744900113726586,0.6671177313490303,2
17296,0.0423134135405952,0.06828863892971315,2
17298,0.1124620689470812,0.09628047682822144,2
17299,0.0607855305678139,0.06611737675901162,1
17301,0.1189876146354143,0.14326674052179755,2
17304,0.762940788333763,0.707747356976044,2
17305,0.5110379004306318,0.6436297208656327,0
17306,0.2315287827786855,0.18945240006022696,2
17308,0.1724580867634523,0.15826999849733323,1
17309,0.0802647708401747,0.045430488762565696,2
17310,0.6910363300320794,0.7503923091319102,0
17313,0.0992167530000748,0.07134079051927238,2
17314,0.1094843167443828,0.09321411014812303,1
17315,0.3147117207296324,0.3280444804468092,0
17318,0.1677257288455916,0.13827929951395684,0
17319,0.6491569429704593,0.6354557193456447,0
17320,0.5146824153514727,0.5919231787207783,1
17321,0.2020547005390754,0.17725764216205298,2
17325,0.6736376484118484,0.6680575272424296,0
17328,0.0464383843521397,0.034186466551226195,0
17329,0.2260712860531018,0.15347627856202073,0
17331,0.1582761190726116,0.14635145678401898,2
17332,0.2161493218825918,0.41222818533524136,2
17333,0.1051569667515691,0.11039496912057413,2
17334,0.0652542687629357,0.053221011142885195,0
17335,0.3829663230478662,0.2694652714820538,1
17336,0.0372072721394752,0.0438597902340639,0
17337,0.09412133292928,0.09121034159255348,1
17338,0.0594140362504555,0.06186641296625495,2
17342,0.1032126095626679,0.09127842555389633,2
17343,0.1715811179429851,0.18194700271762684,1
17344,0.0793079503013996,0.0786890774417641,0
17345,0.0543220003212117,0.0400845256475546,1
17347,0.0519141483396464,0.03414819673419632,2
17348,0.0615606592980992,0.056990775784110104,2
17349,0.0532947076881037,0.039083098427370525,2
17351,0.0835405837375686,0.05372025080637912,0
17352,0.6877427360389647,0.6696243895701428,1
17353,0.1358291307823981,0.12671210695440704,1
17355,0.1873450758582332,0.17512355372493416,0
17356,0.1524735558333962,0.13812986166098207,1
17357,0.04551125236707,0.03918542877252677,0
17358,0.0970557700940945,0.14755040561148514,0
17359,0.8398320379020678,0.7903295779231245,0
17360,0.0444774122406682,0.05019482063408585,0
17363,0.344165212277251,0.3365533678828429,0
17366,0.059685289989116,0.051928293802214295,1
17369,0.1882853497341844,0.2849770987630653,2
17370,0.1880408616221925,0.19531702225601894,0
17372,0.091363776289961,0.0898483869256885,1
17374,0.2062627316166735,0.213368360956405,0
17375,0.7606605858348063,0.733182088661062,0
17376,0.3438341837776156,0.4636735655736153,1
17377,0.142869876839819,0.1061154933798978,1
17379,0.149727107762048,0.13785896613279447,1
17381,0.0360914965111537,0.03842084459505135,0
17383,0.1208909054419622,0.15014612428173002,1
17384,0.0782884049460314,0.06863864703201457,1
17385,0.2546551999052581,0.2369911749348172,1
17386,0.03862260353246,0.043407536334498224,1
17387,0.5937140721191898,0.658151853071048,0
17388,0.0758774786620848,0.07515431951364894,2
17390,0.1012351770464032,0.09857549743834437,1
17391,0.3724960014389545,0.3922836242222742,1
17392,0.0700030468169238,0.06244492479929903,1
17393,0.0661536351514095,0.07497562476376472,2
17394,0.8020902245613709,0.7947722602530279,1
17396,0.775144802275759,0.6740004271923603,1
17397,0.0790705242346861,0.09815190286775521,0
17398,0.2221090857227283,0.2583298198293243,2
17400,0.1701747582780649,0.14915017887194076,0
17404,0.2296021796605294,0.21544364139547628,0
17406,0.2641386262184662,0.30662425768552176,2
17407,0.0492593213953739,0.0331639940072318,2
17408,0.121603629115538,0.10767345226634592,2
17410,0.1544716659938932,0.14071563075162924,0
17411,0.1762785235289571,0.1801838171028913,1
17412,0.1394969633238029,0.11941782425397776,0
17414,0.8352115077383476,0.8365152802505748,2
17416,0.6105682694770707,0.6668515543022707,2
17417,0.3177314960837217,0.4522846030417825,0
17420,0.0803052425801736,0.06299976482086607,1
17421,0.4251341226627803,0.4398465985873644,1
17422,0.3052194922159131,0.3733933221345105,2
17425,0.1466318640239894,0.13622005219016578,0
17427,0.2257883873691333,0.23390941721417036,1
17428,0.0993826867262408,0.06777739931251767,0
17429,0.098929390888706,0.0704197209957739,0
17430,0.0832163664736174,0.08372426346337644,2
17435,0.2054951397721403,0.1731243520738278,2
17437,0.1362943524590749,0.15088485052764142,0
17440,0.0860601550662563,0.08309587772012911,2
17442,0.3261678349925048,0.325560646588329,2
17443,0.1792083010833765,0.15292047231515785,1
17445,0.3469917555032299,0.357463818344643,1
17446,0.7870231379046806,0.7889474529231416,2
17447,0.7821552380834207,0.7047979766272476,1
17449,0.1237213670250749,0.1172477151458054,2
17450,0.1776706052155785,0.19916287186023446,1
17453,0.4301772683537542,0.4668273794677683,2
17456,0.0879270811245542,0.10186669855039686,0
17457,0.1702349868431208,0.16196284143305764,1
17461,0.6643044587071235,0.6244357697335096,0
17462,0.1686066494457891,0.1482812945383311,1
17463,0.0731123375256438,0.05607846017207662,1
17466,0.0701320320103086,0.07608944142331558,0
17467,0.093944936889223,0.10314228546465681,0
17468,0.0847937432210536,0.09303742555970383,2
17472,0.0467115134667336,0.03887076768246288,1
17474,0.4629695863514559,0.3831349304411662,2
17476,0.0345286060177623,0.036875658056776076,0
17477,0.1551999383738091,0.14120245699620926,2
17479,0.2460201526006022,0.25488236879877463,2
17482,0.1211409051366719,0.1320713445669987,2
17483,0.7059750748637214,0.7551133820649318,2
17486,0.8341158301123348,0.812303180769387,2
17488,0.0725922333678402,0.05372638039815155,1
17489,0.1315364419866257,0.11170603092711687,0
17493,0.1065983964961929,0.09914309148713697,1
17494,0.0713241696643958,0.07732191663406282,1
17495,0.1338534034489759,0.07780848253933777,0
17496,0.1243930133965715,0.1106705101240477,2
17497,0.5589253496445008,0.6180034244774072,2
17501,0.3827617246786576,0.3205277821563467,0
17503,0.0822786589501247,0.058717613545345326,0
17504,0.0972323668697088,0.08934576615718187,0
17505,0.1031432001111099,0.09865323490199375,1
17506,0.0382358330918537,0.0384312715987086,2
17507,0.2290529935598368,0.20248205951437787,1
17508,0.0771029710419297,0.10260386841138706,0
17509,0.0737897344511614,0.11837519914271372,0
17510,0.0894972317248596,0.08995898996106211,1
17516,0.0657881728546855,0.0638114684112413,2
17518,0.0560335001453545,0.046849882279312076,2
17519,0.0663818310012224,0.0680377224578027,1
17523,0.1103943577371859,0.06162441177030153,0
17524,0.3243715262020916,0.30458150406058027,2
17528,0.0702693210185453,0.0620438017210841,1
17529,0.0645605965504595,0.0882125238892701,0
17531,0.1063850381485776,0.10914626771244998,1
17533,0.0637396440262311,0.061274980591237045,0
17534,0.3409781608783661,0.4391866384138943,1
17535,0.0832685068807973,0.05909196625612755,0
17537,0.0958853775407768,0.09230823933631752,1
17538,0.1045018833935461,0.09732720580213328,1
17539,0.1660989166687857,0.1424809858414417,0
17542,0.5129413884287837,0.43900218340688923,1
17543,0.1777398048112174,0.1795946622330989,1
17544,0.1939757653775616,0.20944658439896555,1
17546,0.1489630379963714,0.15177406365193002,0
17547,0.7593603401560282,0.7867757685894851,2
17549,0.1471544319764698,0.12657789744874864,1
17550,0.3470795599193573,0.3976224083941988,0
17551,0.5756803147515506,0.601313388857617,1
17554,0.1226275274117144,0.11928672992042011,0
17555,0.2042493638137372,0.19561822929061534,2
17556,0.219323915120262,0.19576841981092474,0
17557,0.1515028835549188,0.1271440770014224,1
17559,0.6608747252111901,0.6770751049228868,1
17563,0.1387662701050268,0.13029962548588428,2
17564,0.1108251291103257,0.09368555823342216,1
17570,0.7359239762669191,0.7537425629936892,0
17571,0.0658096935557479,0.0616903769526799,0
17572,0.0869700319012739,0.06538447692334551,0
17579,0.0809891083710588,0.0654389984920505,2
17581,0.6724512372244796,0.6597035543567925,1
17584,0.0566390121633107,0.06421776094799445,1
17586,0.753904273752918,0.7343265674477798,2
17588,0.5893652470757205,0.5575986498935299,1
17590,0.3069884911417191,0.24212316296430308,0
17595,0.2607556855927503,0.2725504646638689,1
17596,0.1105999460571594,0.10062914836368607,2
17598,0.1258460982059048,0.09705592023728299,2
17602,0.0922527024771469,0.06755562440942832,0
17603,0.1451951093956412,0.19394170906115582,2
17607,0.0618308751167326,0.04249401208836065,2
17608,0.0579956178447403,0.0475593785423735,1
17610,0.1283353551887111,0.12659345200864516,2
17611,0.2915477242587749,0.3118463284887075,2
17614,0.1318073160971482,0.12505420897716035,1
17615,0.7957411602589929,0.829984035168723,0
17616,0.0374456706656793,0.0327064259726912,2
17617,0.1426807859083431,0.17726833365533856,2
17620,0.7325018593258442,0.7159810549236809,2
17621,0.1021212403382613,0.08047857181952378,0
17623,0.7014121785884136,0.6762170046360397,0
17625,0.1908142910805144,0.24689604692535022,2
17628,0.1892149657656887,0.1344032810063415,1
17629,0.3948051042162985,0.35920619859281483,0
17631,0.0409619647185033,0.033571037015417124,2
17632,0.0444154363994882,0.0363813452662844,2
17633,0.0883984322728627,0.0748810927516126,0
17634,0.3015534595538242,0.31058785119706006,1
17638,0.0803133279286131,0.08021178180112448,1
17639,0.1775791853260321,0.1537379994794096,0
17641,0.2509683709140392,0.26936064034750234,0
17642,0.097907402970501,0.0927898964894331,2
17643,0.1385752228740296,0.12453566704222574,1
17645,0.1260302375548138,0.11857686324604987,2
17647,0.0784071613863793,0.08148893149987949,2
17649,0.1570245354221101,0.1666675965389552,0
17650,0.7862138984899064,0.798059342293371,1
17651,0.2733237834030624,0.3121438526440539,1
17652,0.0833756396210318,0.06965643541451161,0
17654,0.5947015336670701,0.5028563200265586,1
17655,0.1155076176799132,0.09506862657882166,1
17656,0.2188217959070992,0.2397209295243531,0
17659,0.081851701416108,0.06574504856031335,1
17660,0.5360904197659444,0.6397860629225867,2
17662,0.1524701236463467,0.16583227160228164,2
17663,0.0466129044907683,0.0571694303465783,2
17664,0.3738949522641919,0.43576945577767756,1
17667,0.1325531046631876,0.14236717543383898,1
17668,0.7531340840658083,0.7221553677006662,1
17669,0.3179504649009516,0.28705931662748196,2
17671,0.0558578077500967,0.0456110656165996,0
17672,0.109381448119916,0.10376319272285023,1
17673,0.0588643839019281,0.049483113280111575,0
17677,0.3448739516676725,0.5170213231958352,0
17679,0.0611672821633537,0.05510233249433968,1
17681,0.0741243601098067,0.09621054100741558,2
17684,0.1396418620366812,0.14090642550254964,0
17685,0.1183402620227156,0.14387504727086545,2
17686,0.5697743401946554,0.6881082889664654,2
17687,0.1447550352993782,0.15416010219529075,0
17688,0.8030990840045107,0.765072213856274,2
17689,0.075693585550125,0.10384144687209548,2
17691,0.0329239649159454,0.037311659648644226,2
17693,0.2378141335529847,0.30838762181205204,1
17695,0.1528766899922685,0.13616959810603235,1
17697,0.0828757850943287,0.06766018227986342,0
17698,0.7670883845153892,0.7618233539643087,0
17700,0.0689412145910473,0.05195216244317462,0
17702,0.1885554484192984,0.17597278746481657,1
17704,0.2377814002225087,0.2526762412535116,2
17706,0.1941348843300376,0.22294801547356413,0
17707,0.15031074205253,0.16687574254291315,1
17708,0.2444293778748816,0.26603093184533233,1
17709,0.1437926943850971,0.11471248459234196,1
17710,0.2957864138398575,0.2527691038566037,2
17715,0.8655250284766642,0.7873451829917242,1
17716,0.0582549522582844,0.06577478446708807,0
17717,0.0885605180879084,0.09237185189334178,2
17718,0.1016940453799693,0.080996348562478,0
17720,0.299202115107352,0.3297632988703051,2
17721,0.2568737370513182,0.21224036251090697,0
17722,0.0711789030633918,0.07283602593217794,2
17723,0.2355291496858048,0.22405901475144208,0
17724,0.145507082775868,0.13215823442064736,2
17725,0.7019740283420665,0.6109296235134214,0
17726,0.1077494331437627,0.10083063136473835,1
17729,0.3235479160057753,0.39288686202223483,1
17733,0.548860660832348,0.5519067040749246,1
17735,0.5390023040438133,0.48312142610791775,1
17745,0.1752861854087228,0.18390402722158936,0
17746,0.0804964404250288,0.058408053437211824,1
17748,0.8698858089679724,0.7952056648378778,2
17749,0.0308301971050312,0.024144718362148473,2
17750,0.5903751465663004,0.7132569200194114,2
17753,0.136302141183073,0.1607045288397046,0
17757,0.767494196546545,0.8855859339646402,2
17758,0.0784714506322423,0.08373468698210956,2
17762,0.6532262972873503,0.6844351812863836,1
17763,0.3566831124004558,0.37321711553281117,0
17764,0.6737543638146454,0.7785739266317941,0
17765,0.1551758639458624,0.15138083757381976,2
17766,0.1089875846372312,0.08378017898009411,2
17767,0.0445080976006191,0.0509486674146891,2
17768,0.0524518841173686,0.05158662558062203,0
17770,0.0787697737910516,0.08159846252493608,2
17771,0.146729246405613,0.10636742742908892,1
17773,0.1632286699566788,0.20661053728506668,0
17774,0.1644010161878185,0.21242920550713545,0
17776,0.6951737312023296,0.6871506822096295,1
17777,0.6086798694878445,0.4872804385746261,0
17778,0.1581737612979486,0.11215068872721552,2
17780,0.081501992260867,0.08771633951099052,2
17781,0.3011675419436741,0.4256392143216726,1
17782,0.4288851306825559,0.4714069344751916,0
17784,0.1338788546842368,0.18258388083467172,1
17787,0.1588889612180783,0.17151824519797793,1
17788,0.8504718007141451,0.8171367668282766,0
17789,0.6372175197830657,0.659516398467999,0
17790,0.4258788150130069,0.42270237050689197,2
17791,0.2257030283353563,0.1810977504850138,0
17792,0.1669865115620261,0.11952407601829053,0
17793,0.1118429417521569,0.09170186928654206,0
17794,0.7372744101029617,0.7858168151171511,0
17795,0.4422430146799302,0.5358452082798323,2
17796,0.3561750332874973,0.38871536260704204,0
17797,0.1008858203698234,0.11610356233535536,0
17799,0.6176861441432652,0.5726381359361612,1
17801,0.1214612985581761,0.0999507505723167,0
17802,0.823030395343652,0.7596727367954494,2
17804,0.0781237580953825,0.07527372638670743,0
17805,0.1460842551486108,0.15246850504334364,2
17810,0.0803741468349545,0.08230427920333365,1
17812,0.2303482246065982,0.32219256015084086,0
17813,0.629787257209928,0.634472761008587,1
17814,0.1372977166282938,0.14175930807748596,2
17816,0.1478890491597139,0.12493520109812584,2
17821,0.1853153276569751,0.2250831893227982,2
17823,0.082277845474719,0.05959419416541495,2
17824,0.729213799914288,0.7175865465463273,0
17825,0.1473252982122074,0.15606731451061956,0
17827,0.1502100327491657,0.1864679868681171,1
17828,0.009813677930287,0.017786698578617276,0
17829,0.1654425535462883,0.19792792831265993,2
17830,0.131074646746827,0.17713318249398008,1
17834,0.1664752260738596,0.14595636982887802,0
17835,0.1225308982712597,0.11379160920344647,1
17837,0.8364882990712925,0.7909711849103545,2
17839,0.1782952624013183,0.1967120548887896,2
17840,0.0538539236682771,0.051778456691100316,0
17842,0.2287661349619457,0.16684478816849535,1
17844,0.0554953905914563,0.030165750828715702,0
17846,0.0544478263261232,0.06179695280029718,1
17847,0.7788287416003012,0.7650339361763225,2
17848,0.0665234439259569,0.05708450985618785,1
17849,0.1267110303477122,0.1297348504986277,2
17853,0.0554095563746794,0.044287687514010673,2
17854,0.1216144771917867,0.10731342542479475,2
17855,0.0525695916002369,0.03261617003247015,2
17857,0.2106429699635587,0.1773215472159016,1
17858,0.0834744241320021,0.07306399514669724,1
17861,0.6442471860435361,0.5573825701431494,0
17863,0.8200596887957426,0.8739130336648977,0
17865,0.0531863267879784,0.043151997804169,2
17866,0.1054654584393953,0.17450343712176344,0
17868,0.1053093930603092,0.10000261068107465,0
17869,0.1168427473647146,0.1161103990103682,1
17870,0.0985318253019518,0.12007866293629543,1
17872,0.6407835625294632,0.6040383061682011,2
17874,0.1696547574437051,0.15237960897492808,2
17877,0.056955446473019,0.05381234255972542,2
17879,0.2753787124656357,0.37307546755284693,2
17880,0.286396468473049,0.33460240792149265,0
17881,0.2960210786945792,0.2676756306681678,1
17882,0.2008259672242413,0.18096652182494355,2
17884,0.192615150077436,0.18483975145312292,1
17886,0.1197945072448369,0.0988797306613372,1
17887,0.0584239717902341,0.050090305457809604,0
17888,0.1008960412375164,0.11848932253943718,1
17889,0.3851533659829063,0.26673019791208197,0
17892,0.6827661212391947,0.72584475905149,0
17893,0.2220656658427854,0.20482774386054514,1
17897,0.4139554070213899,0.4978297426408833,0
17898,0.0811368135661391,0.05427341623229255,0
17899,0.268193492488929,0.2204055729822751,0
17900,0.1262550184555877,0.10051820043340373,1
17903,0.2853975962245343,0.2168294216976244,2
17904,0.8520661014428411,0.830215091231259,1
17905,0.2930914692889864,0.28597046757732736,2
17907,0.7544485267144776,0.8159106732680133,1
17910,0.4886932926910487,0.5625287251933578,0
17911,0.6532011812070482,0.6863287102618354,1
17913,0.1326636316701838,0.14924671706936346,2
17915,0.0937636650129292,0.1206451041520976,1
17916,0.8141197619535852,0.7628204089111146,1
17918,0.0935458532933503,0.08693490760307535,1
17920,0.1126368418710721,0.09322862718503278,1
17921,0.1418910959376831,0.1661161650044153,1
17924,0.63340802799808,0.7366770431116256,1
17925,0.855622771427585,0.8431550298396964,2
17928,0.5000497242485358,0.5901032254437288,0
17929,0.0456380759051187,0.03546552554524282,0
17930,0.0761263052737584,0.056717209518288625,1
17933,0.1108796133308297,0.11768299209128316,2
17935,0.1411006196476215,0.11209742349243315,1
17938,0.0770020968287547,0.05384270689869173,0
17940,0.1476360561620489,0.1382598385062324,0
17943,0.0446523354919675,0.04330345835340593,1
17944,0.1765000565815387,0.123433890568332,1
17945,0.4866343386802857,0.4361581616757031,2
17946,0.2165608773868048,0.3003329605983014,2
17947,0.22574120795818,0.22703914646807455,0
17948,0.3091620583062657,0.28364755028919386,1
17949,0.1097460537779168,0.10979592479400749,2
17950,0.1279423646801107,0.1171872701968103,1
17952,0.339212634495001,0.37527469433770605,1
17953,0.1501975889451071,0.1253538263630072,1
17954,0.2806878413108519,0.3170705197468622,1
17955,0.2149158952705824,0.20128780331016485,0
17956,0.1151269278752642,0.11820534553090759,2
17957,0.0975108060202456,0.09819181870286962,1
17960,0.7743738034115597,0.7367117157837075,0
17961,0.1177568135501179,0.10529053975179942,0
17962,0.08412854839161,0.09889463826795863,1
17963,0.1051782012591694,0.13142105113060765,2
17965,0.1735354433267776,0.17579258155976077,0
17967,0.6551151807497378,0.5620339059336151,1
17968,0.0504335489420976,0.028291513150119303,2
17969,0.0980628758358803,0.2085131800863958,1
17976,0.1746338190690569,0.15364437298597072,2
17979,0.105365760217835,0.08586939379610097,0
17980,0.197842346808434,0.25270822351407,1
17982,0.1007791541449592,0.12279521506523841,0
17983,0.2083049056434502,0.16636123187419924,0
17985,0.0661639330458586,0.08473313898564117,1
17987,0.3320447498361573,0.3868035590280598,2
17988,0.0448756237627431,0.03439134536491593,2
17990,0.1940042546688442,0.2073845980611672,0
17992,0.1411136621295702,0.182890712969274,1
17993,0.0278856693033084,0.022746901246089024,0
17994,0.0428977364387448,0.0378469254368035,1
17996,0.0666621973612638,0.0717798248582771,0
18001,0.3930168392774349,0.4281560151489857,2
18003,0.082237064051745,0.058088417352758354,0
18004,0.8271182926829608,0.7896312195839561,2
18005,0.047244949668295,0.0509781150529888,2
18007,0.0759349406545115,0.05191994004166495,0
18008,0.0269361781976946,0.026156860748130627,0
18010,0.1239287066579697,0.11733779041089705,2
18011,0.4132016653126223,0.468409141523737,2
18012,0.1559098582326561,0.13493271584993247,1
18015,0.2623066881386964,0.2773592840198194,0
18019,0.3082655246867702,0.33504489467131465,1
18020,0.8817886742710203,0.7743061792191854,2
18022,0.2867222068913791,0.29158422783397286,2
18023,0.1086040159025341,0.11269286327303266,0
18024,0.2608051140943371,0.22445920014778367,1
18025,0.5161668389427231,0.5286641508856671,1
18026,0.1940138110149815,0.14915924046510604,1
18028,0.2580408131260992,0.22190525431162766,2
18032,0.1129428519142929,0.07110694364194517,2
18033,0.0360700904655365,0.03173752386391585,1
18034,0.6885710057641226,0.6495048766973046,0
18035,0.1159643811500349,0.14455619251648424,0
18037,0.0775034837194973,0.06111957475305185,1
18039,0.7543431099460209,0.7878902811974641,0
18040,0.8237699459052221,0.7153987418726238,1
18043,0.5246926842920588,0.5312866722392694,1
18045,0.1381028064362026,0.13018801992160584,2
18049,0.3546645106936626,0.4165939135956321,0
18051,0.0777810942997153,0.047013627177717246,0
18053,0.0679256021866867,0.07310285139376768,2
18054,0.2224431348615924,0.17880493250118196,0
18055,0.094566829070893,0.08875410054032355,2
18056,0.1376508363618286,0.12674876607950109,1
18057,0.0320073804061351,0.03939160859998275,2
18058,0.4492626031169176,0.46412125802191256,1
18061,0.1386513161048796,0.1662071064147702,0
18064,0.1975244929498194,0.19000357812739155,1
18065,0.2740389698567351,0.28380702524361456,1
18067,0.804749165891583,0.7933973204477299,0
18069,0.1600447706522366,0.0878102815370857,2
18071,0.2150116640287479,0.1520357472795429,2
18072,0.819953793998481,0.7913804656707892,0
18073,0.5269906888829567,0.4098531554746778,2
18074,0.774864177258409,0.731097965234156,2
18075,0.2323713326239678,0.21671424555780577,2
18078,0.0496739273718483,0.04632516354609028,1
18081,0.0728080661285045,0.06314343979663102,0
18082,0.3813990791494572,0.3739781557699624,2
18083,0.1025509694542307,0.08807483049536566,1
18086,0.6871212675848682,0.7300887292059505,0
18087,0.1530525506631756,0.138755681098007,2
18088,0.0563079949473182,0.0691510966298832,0
18089,0.2624573524190709,0.29577443857251234,0
18090,0.1748361129471055,0.1656748669394023,0
18091,0.0769638360016163,0.06539144331181646,2
18093,0.7563988228962056,0.7027280261242084,1
18097,0.4806098844044654,0.4800821274220156,1
18099,0.5072917726619076,0.5016236368992845,2
18100,0.7396728069662211,0.6873265740908634,0
18102,0.4194428074573875,0.38748393886364896,2
18103,0.1715696278484728,0.24425014807948872,0
18105,0.3700743864661545,0.43039148084217926,0
18106,0.1897435621630795,0.18761040801569623,0
18107,0.089768186792157,0.10697497378573723,0
18108,0.0663819060772692,0.09649661994710637,2
18110,0.7600597817459872,0.7281614317336329,2
18114,0.2897201375173919,0.34739807242836973,0
18117,0.8254522955163219,0.8513292702483102,2
18118,0.1184200672620966,0.1654602467229999,2
18121,0.0443204919996424,0.03408891605534665,0
18123,0.3691506352362657,0.3252465475391295,1
18125,0.0937099391213511,0.08784200959603165,0
18127,0.0615649370224426,0.06340276393740682,2
18128,0.0779639370287115,0.08266356890242853,0
18130,0.0740257015630597,0.047180573382457305,2
18134,0.1315494998737338,0.1496050281450315,1
18135,0.2553630909818566,0.3040464434957646,1
18136,0.8941995310340365,0.9196446499509563,1
18137,0.2432992860719439,0.21566034809123058,1
18138,0.2464902550674482,0.2026145143546296,1
18139,0.1313923269923678,0.1280283657453143,2
18141,0.129358418706028,0.15522032126379368,2
18142,0.093328125731189,0.09166362338888398,2
18143,0.1605607257984681,0.3166020875416503,0
18144,0.0264746162146576,0.02489565070195685,2
18145,0.1034506518679347,0.17592625129965414,0
18146,0.1042277124749684,0.10733974635757995,1
18147,0.0618449210841654,0.055566876341956874,1
18149,0.0488115985777783,0.034436906236124026,2
18151,0.0948636152470873,0.20794337176028066,0
18153,0.0530699860599957,0.06002610584892245,0
18155,0.1167012556534409,0.1650031080203717,2
18156,0.2767355412032619,0.19811823246095692,2
18158,0.7543403454015732,0.7538006109687561,1
18161,0.1711398085103285,0.12216687349831527,2
18167,0.1485666095822845,0.13624390809575937,0
18169,0.1151171448783626,0.12286361387636138,2
18170,0.7269598115258589,0.6457598632234829,2
18172,0.0565200067198804,0.05731931783843925,1
18173,0.0629800794525275,0.062467946505813,2
18174,0.2698898536937947,0.19789610452097803,1
18175,0.0588105113349796,0.052149588243615624,2
18176,0.1506308822899319,0.16984805930600066,0
18177,0.6203517710420852,0.4733107545272679,1
18179,0.0519124868718158,0.03685992957834032,0
18180,0.3979139333537475,0.41656895608112043,2
18182,0.069579085221343,0.055461138541154927,2
18184,0.1281909200561166,0.12557771148758068,2
18185,0.2706679570765511,0.3008552050002278,1
18186,0.5815151183193338,0.5682195582070959,2
18188,0.1960895232842531,0.19208234143884867,1
18189,0.3033553036387466,0.35054869781517584,0
18191,0.1795228789428904,0.20176607706958827,0
18192,0.1639806152355004,0.1549889345387201,1
18193,0.8382415946319564,0.8380984886510907,2
18194,0.7703942713522562,0.823818558637507,0
18195,0.0824545298311676,0.058398191082341,2
18197,0.1338309019970571,0.11622190145221895,0
18200,0.0883446496261934,0.10425221876264174,1
18202,0.06250812648337,0.0494252002639675,2
18205,0.1179247105405561,0.13005853997161526,1
18207,0.0288722582669144,0.06215313940429938,2
18208,0.1361847642597939,0.12267594833400815,1
18212,0.1261092839628591,0.11089403560479642,1
18216,0.3328835594890906,0.34471369682572306,2
18217,0.645476338205379,0.7510333638924248,0
18218,0.2309730056221566,0.27504790347264696,0
18219,0.0716013689033124,0.05954886185258973,0
18220,0.3819800518343808,0.4548781394395152,1
18221,0.5657133217929547,0.3575065238598634,1
18222,0.8196211096934727,0.7734863104250975,0
18223,0.0847866828691525,0.08827011013173436,0
18225,0.1089566285793929,0.10619218239498197,0
18226,0.8281151198144333,0.7916995959014499,2
18227,0.1152883609635859,0.0911492443904459,2
18229,0.8660354312281416,0.8435329996151919,0
18230,0.8397197048831315,0.7758153520315482,2
18232,0.2105586485161005,0.20596565936083766,1
18233,0.1115157955863148,0.08712790551306585,0
18234,0.0323286588825861,0.0353844659440802,0
18236,0.0894475375017121,0.11730960964820529,1
18238,0.070921055205903,0.06320907393184792,1
18239,0.1971182446383227,0.25756877938132205,0
18240,0.0890265491555696,0.07283859933267292,0
18242,0.6254688119554865,0.6198287387812091,1
18243,0.2428826589694805,0.27646216123730316,1
18244,0.7466366569105518,0.7126951470578045,1
18245,0.2935689224498909,0.236634113694131,1
18247,0.3415208797148756,0.26814886005250993,1
18252,0.1718669504434272,0.19839667615884146,1
18253,0.2769440176710701,0.30597841049343916,2
18254,0.0555867258627939,0.0554375056698613,2
18257,0.6463007366254823,0.7143428564766484,1
18258,0.3269300620912214,0.3562526426687104,0
18259,0.2533640930020526,0.22447907643877177,0
18261,0.0536383924301296,0.05507085543901215,1
18262,0.1892279727472469,0.16368368771030334,1
18263,0.2449108649989768,0.21520233604786304,0
18264,0.1241580805940107,0.10890196290269838,2
18265,0.0689801778969072,0.04854467805182392,1
18267,0.3703421003110941,0.2838023160141968,2
18268,0.0749807438752127,0.07259244757096166,0
18272,0.7312959825102165,0.7892557669566433,0
18274,0.3812765422807727,0.272512752371011,1
18276,0.129648748021283,0.20752242267397072,0
18277,0.1873564089399487,0.16852612124987248,1
18279,0.8497367325168204,0.8236503261851214,0
18281,0.2268520276899971,0.25599664945343015,1
18282,0.2423144026901843,0.3627111214140114,0
18284,0.2259240812743233,0.3152485524347558,1
18285,0.4408529651962004,0.4153119892505519,1
18286,0.1070168831246778,0.09157153081305328,1
18288,0.0831390602398645,0.1516166102048575,2
18291,0.1377880099655756,0.150904583997984,1
18295,0.2014800459109788,0.18624669244999326,2
18297,0.4013582716928158,0.3425730399429848,1
18298,0.1372895716194604,0.16106248273791626,1
18304,0.1732893568960487,0.13308827719850388,1
18305,0.1179899153081604,0.10194692822266072,2
18306,0.1360681051826094,0.11685227218216392,1
18307,0.4074175288048013,0.3946418026281643,0
18309,0.0838579344433414,0.07579754136645525,1
18311,0.0930559811183023,0.08774379396370008,0
18313,0.1088367225938185,0.09187223814181533,0
18316,0.1280323646396347,0.0971838629813505,1
18318,0.1821511759713477,0.1988419172101889,2
18319,0.2601679951211315,0.23721238339716352,0
18326,0.3159224149349307,0.32426762362743144,0
18327,0.0579319022091002,0.06438986783527033,1
18328,0.1820932560672012,0.16342084800166062,1
18331,0.088915187313112,0.08192114987572352,0
18332,0.1902036547396389,0.20277210636533016,2
18335,0.1433952283553758,0.13460567386262717,2
18336,0.8032177142292992,0.7746949117794775,0
18338,0.0760698224523543,0.05440186384010815,2
18339,0.1243961241474845,0.10014136882738996,0
18342,0.1899258549773579,0.31816666286671513,1
18344,0.0866105194706111,0.07607177404971906,2
18351,0.2273447978853979,0.27029688150664455,0
18353,0.1638054439109985,0.1682367642773593,0
18356,0.075015004832058,0.10269327621881877,2
18357,0.0658358841992814,0.13443782787053127,1
18359,0.3602097708718395,0.2498869947615776,0
18360,0.3192075928690769,0.3443583622207671,1
18363,0.1578519479831845,0.14482735218824594,0
18364,0.1017682456889899,0.11827191788035249,0
18365,0.0798295908824349,0.08094653758028568,0
18366,0.1014445218774149,0.07749743330030665,2
18369,0.2795348239428189,0.407266309466262,0
18370,0.398352135877785,0.46385943555339904,2
18374,0.0901523516956519,0.140429310314693,2
18376,0.7591827875900408,0.7946051380358732,0
18378,0.0534371300294026,0.04075803245203915,2
18381,0.5357408889491287,0.5739900166956251,0
18382,0.7716031207793389,0.7273356425512552,0
18383,0.5340004153980938,0.6024925853058682,1
18385,0.1586432923625076,0.2032924208281337,0
18388,0.1309796633593455,0.1455162093282908,1
18389,0.0738747983537421,0.12865096404358745,2
18392,0.0549981812599331,0.056456013868012425,0
18394,0.6528363439862153,0.6403415786226304,2
18395,0.1164968866595773,0.09621411663847877,1
18396,0.2209299391106701,0.2523642431369126,2
18400,0.0512224292246149,0.049467932654193754,1
18402,0.0947935334035108,0.1054188093952664,2
18404,0.1622005397821829,0.1410650360727005,0
18405,0.0416645093876245,0.04957322763926165,2
18407,0.1089249617592781,0.13733197522990814,1
18408,0.0889032768351469,0.08748252231884478,2
18411,0.2621354505236426,0.19492018837871122,2
18412,0.1606501490725981,0.1456507954395483,0
18414,0.0703552001849482,0.06401902376407913,2
18416,0.0991311768317066,0.07275127479567332,0
18417,0.1624620655777125,0.12714454871425623,1
18419,0.0837739638507734,0.060211108784481146,1
18421,0.6366181924494045,0.7368225081801967,2
18422,0.1938124975142701,0.23388396179417617,1
18423,0.6873266770338229,0.7702535125744858,1
18425,0.17118350844516,0.15335130528602292,0
18427,0.1268432837850711,0.13851138045787142,2
18430,0.7222981684048588,0.7479154523199384,2
18431,0.1562755577888127,0.15989714368520774,1
18432,0.1204907949539671,0.09338409466987341,2
18437,0.0771467217446951,0.060554865679463804,1
18442,0.0886635428250129,0.06918718410051244,1
18444,0.6878204284711545,0.7105902582033097,2
18448,0.0222921642289304,0.0217670474269037,0
18449,0.3696257388505538,0.3566022129431919,1
18450,0.4266962323399224,0.46604558456728545,0
18454,0.0889850833364004,0.0979056196919258,1
18456,0.0780801184670379,0.08329431924773086,1
18457,0.1112060741522973,0.13000619003421363,2
18458,0.0747699094239029,0.08138485111483681,2
18459,0.1938917342949097,0.15510794484204096,2
18460,0.2009389200657481,0.24215409851957653,2
18462,0.0870611225429563,0.075872012392239,1
18463,0.1865186349706843,0.16636074230535597,2
18465,0.1113467024287628,0.12277950773239452,2
18466,0.1181626502154011,0.19422227895570576,0
18467,0.2736720914966744,0.23475859130497767,2
18469,0.0788514801470596,0.036179872820827276,0
18475,0.1225346332292777,0.13141355941152721,0
18479,0.5686614990476533,0.5623963273120725,0
18481,0.0517537614264735,0.025653730782289774,1
18482,0.1339859162803507,0.18069321594801827,0
18483,0.0872327782757885,0.07231105725481315,1
18484,0.137029241799522,0.1524921434304947,0
18485,0.1586674816168672,0.14775796065036012,1
18488,0.2521135170366342,0.22478835740514774,2
18489,0.09530227486907,0.09467821118391903,1
18491,0.139907493008586,0.16084086346683624,0
18495,0.123609957206028,0.15611992114806295,1
18496,0.1733977392638711,0.13688507714319267,2
18498,0.0981840174665593,0.11758113953715392,2
18499,0.1135231358181484,0.10024893677454472,1
18500,0.04334991916298,0.05018412977180367,0
18501,0.0943437931496746,0.07128878113399242,2
18502,0.1315758081285833,0.11589427979350315,1
18504,0.1117307948369622,0.10477818371404116,2
18505,0.1054130982542708,0.09046767764272917,2
18507,0.0873961608597961,0.07430835395338935,0
18509,0.2451393306024379,0.22750183852988945,2
18511,0.1411968170589742,0.12930691210855957,1
18514,0.5897197165981309,0.6884633228301469,2
18516,0.7426780159115538,0.6086347621242789,1
18518,0.0774658145849698,0.09055934328173096,1
18519,0.7579286731196665,0.7992503598426469,0
18522,0.071568318771501,0.05583049646650435,1
18523,0.2278493105092229,0.2616236757163309,0
18524,0.1072272689581084,0.12717558286513844,0
18532,0.0901818384055779,0.09875631332998103,1
18533,0.491145251185723,0.6396420313207754,2
18534,0.1944043318881439,0.17036753518039643,1
18536,0.0336431384785559,0.03988007000298472,0
18539,0.203593708810645,0.1467921228635833,1
18540,0.8108208461257097,0.815621457360747,0
18541,0.0520470626667419,0.057310260274511124,2
18542,0.0337405837234195,0.018950608179619924,0
18543,0.0565450839149501,0.06401302861872443,2
18545,0.0589779368453923,0.06413703745374091,1
18546,0.1604052718662358,0.13619099880369595,2
18548,0.0954157977401285,0.08405608206036817,1
18551,0.1744504928696888,0.16880523689101384,1
18554,0.1661476005627899,0.2262193551927013,0
18556,0.0719110378891039,0.0548520825805275,2
18558,0.174124857786096,0.16751673595052619,1
18559,0.0672895595456509,0.05589122502324645,1
18560,0.0969525135152545,0.08062515542692648,0
18561,0.0348812774443748,0.0397986242304339,0
18562,0.0946120115774804,0.07291921862540349,1
18563,0.0762988738841222,0.07595061651320305,2
18565,0.0348132272610392,0.029737940767654923,2
18569,0.0610590667978581,0.04726636726729778,1
18570,0.2147854987319916,0.1739463022833512,0
18573,0.1171073829925954,0.0801214841589961,2
18575,0.1953209424940578,0.134223834840566,2
18576,0.268423026735853,0.34275359397459293,1
18578,0.0765956242767006,0.07525048216387673,0
18581,0.4604962619461935,0.4893885002173185,0
18585,0.0942967245289357,0.08300819090560815,2
18586,0.0428414604237116,0.03283527827867358,2
18587,0.1993124842423264,0.16910251634469473,1
18589,0.075809031782536,0.07183664595706563,2
18590,0.0784393996991942,0.06456699419181793,2
18592,0.2584324174693197,0.2877223667768656,0
18599,0.075850701516164,0.07388287318038575,2
18600,0.0401001805093545,0.031198458150408323,1
18601,0.1182818270648067,0.1188901522356412,2
18602,0.0875386338811546,0.08137329307929138,0
18603,0.0509175302851675,0.05296364443758475,1
18604,0.1235104030817969,0.10428134131959324,0
18606,0.0832630171872588,0.06673353919786,0
18607,0.2253371703283735,0.3036057548152206,0
18608,0.1272476650018821,0.09286492360992613,2
18610,0.8137034744491327,0.8794213716902158,1
18611,0.1221294135149566,0.11076254348475183,2
18612,0.0959211107439384,0.07721895044328589,1
18614,0.1763605098311304,0.12826066022864274,1
18626,0.4822825340323672,0.5345746829813912,0
18628,0.1700654432877647,0.2016961032713384,2
18632,0.1479543733237085,0.11741920464575006,0
18634,0.0458116183381909,0.04917065753565592,2
18635,0.3886661845601356,0.4056450125820289,1
18639,0.1919705737629171,0.19366765682110337,0
18640,0.4359757807010693,0.4596447561129767,2
18642,0.1213217819229277,0.14598364884471043,2
18643,0.1835323507460848,0.1593760438651161,2
18646,0.2146233795590489,0.12796687184181996,0
18647,0.1218663595968642,0.13312588673724074,0
18648,0.1316041948101518,0.11899303358431033,0
18650,0.0526813554879726,0.04147498616697458,2
18652,0.1445321343839542,0.06891640463095515,1
18653,0.08603734277953,0.1114576326861665,0
18656,0.5670338484395202,0.5937959526583022,2
18657,0.5412016987823163,0.48716057905159343,2
18658,0.4740684182825145,0.5504694019903625,2
18659,0.7615823789799484,0.6653602178362399,0
18660,0.1375239027436938,0.15009806066720213,2
18661,0.1557276163368807,0.26148053191138027,2
18662,0.1625580681751716,0.1347472246529815,2
18663,0.1390115973370174,0.16442420495465765,2
18664,0.0599181454833505,0.0421084099422891,2
18665,0.175443214797977,0.1511299149675311,0
18666,0.1411034557494812,0.08741170006292301,1
18667,0.2124562409792814,0.20607247984734128,0
18669,0.1076660747509184,0.09904278701778502,2
18670,0.0298623434062134,0.023798507243667697,0
18671,0.1425691000173863,0.15965563553382903,1
18673,0.1589397225148912,0.14033984741464764,0
18674,0.0848839358216685,0.0704238052775049,2
18675,0.0781365210258556,0.06798539749767696,2
18676,0.1664671459017255,0.18200856035300095,1
18677,0.0175748976545251,0.017429370876179726,0
18680,0.4266806427133329,0.4782647012065986,2
18681,0.1037968331415995,0.09636044615631849,0
18686,0.0570026038351651,0.05813201380997625,1
18687,0.4352420966380688,0.4852322688938959,1
18694,0.1445162336681558,0.14130642056411943,2
18696,0.2269551581603597,0.26600315323954926,1
18697,0.0370299569412631,0.04284754009851102,1
18699,0.2084264306048094,0.19927726056606443,0
18701,0.2834280196762813,0.31128022124341115,0
18702,0.2404002118861144,0.14827821714062928,1
18703,0.093927396825624,0.12908008768665985,1
18704,0.4784195224132979,0.5117861905623091,2
18707,0.7379350126645052,0.7281904712467993,0
18709,0.1490175905522751,0.12311948383062102,1
18710,0.1073262405544773,0.11997129159856837,0
18712,0.0791536284375295,0.08732862253901885,2
18713,0.0644765741407688,0.04785275758143817,2
18714,0.0700835117181642,0.05072805393555852,1
18715,0.0500229593002111,0.05055961493481065,0
18716,0.0986719172223566,0.07883882228058073,2
18718,0.0673386313049737,0.05234291796010185,2
18719,0.7450859753326265,0.768546906178025,2
18720,0.7014391874906016,0.6800045686174958,1
18721,0.6844639188418481,0.7561755092620608,1
18724,0.0563082391341041,0.041911805843009124,1
18726,0.8372034454708009,0.810510760883179,0
18727,0.120008293319789,0.11324365699468766,1
18728,0.0365351929111496,0.03948199322148758,2
18729,0.1340736153910579,0.10229168376044737,2
18732,0.2943843165397593,0.35897224374320763,0
18733,0.1812722532144186,0.1141399592724088,0
18734,0.1321292895629208,0.13010890510545836,2
18735,0.3767284458900881,0.43517126173637893,1
18740,0.2078321598344311,0.2543333800751951,1
18741,0.13715674268642,0.11451487145691715,2
18742,0.0528226991787878,0.043962366104781776,2
18743,0.1322226436226563,0.13554127528310012,1
18745,0.073543409428574,0.07119898816834412,2
18746,0.0579119445989467,0.03828705969575525,2
18747,0.1543713713498276,0.15106357258775405,2
18748,0.5378080839825361,0.4691291651272602,0
18749,0.8061109670816361,0.7747617965271886,1
18750,0.05944493174672,0.049916876228215445,1
18751,0.0614501511472628,0.04653870592917508,0
18752,0.0676242321415811,0.06394636755019745,1
18753,0.1746809911127329,0.16279208569280373,0
18754,0.0410896304885756,0.03772374657742107,1
18755,0.1085394882973335,0.08038488459831936,1
18756,0.0266631363843621,0.01406121603961875,1
18757,0.163375392311054,0.14350175533654716,1
18758,0.3873646898233833,0.278859705472523,0
18760,0.6680266722722831,0.6918595973267779,1
18762,0.0501081195368541,0.041571332372424226,0
18763,0.0431280695717529,0.06233036579172831,0
18764,0.2088339970664524,0.1867138175104071,2
18766,0.103342611548428,0.13584689269796282,2
18769,0.1305452019016345,0.1241229155504343,1
18776,0.0435730384497854,0.03355301964589898,2
18777,0.0364363331798553,0.03613648110558955,0
18779,0.0895707271902746,0.10523557525851718,2
18781,0.2321845067084408,0.16908251469103894,1
18784,0.0243861006516856,0.025365858309912476,1
18787,0.1021739835150165,0.10493220121462653,0
18789,0.0616270418843364,0.04508793624127358,0
18790,0.0800825225012258,0.07686069436565811,2
18791,0.1479026062162987,0.19038448146275164,1
18792,0.6982556377857202,0.7283974679934926,2
18793,0.1334230166939648,0.10315190554269685,0
18796,0.2936537070459692,0.20997942304882758,2
18797,0.1599419437155358,0.1630620299618873,0
18798,0.1406804938053079,0.20069526114224578,0
18799,0.1290811278304112,0.11253006613696008,1
18800,0.3265784407493221,0.23016129694880474,0
18802,0.0795975591194045,0.07212251495730403,2
18803,0.0611905337869943,0.05241982571256173,2
18804,0.0406482977500574,0.045272413652517274,0
18806,0.1628531033956717,0.15267232002723352,1
18807,0.2649517100470727,0.21369572403534057,1
18808,0.1307716468347098,0.16846489472740966,2
18810,0.100275555929673,0.08656664317464077,1
18811,0.1849062509136065,0.21490368238739482,2
18812,0.1551350246214571,0.1386627700350355,0
18813,0.2049898806137048,0.18057674565283366,1
18815,0.1224367739530934,0.15114452798241187,0
18817,0.0827783614070696,0.0721105831404549,1
18818,0.0666822386318656,0.08848838641738907,2
18819,0.1177506546455504,0.07477788162108359,0
18821,0.1591193953838581,0.15693514303850786,1
18826,0.6289253295622738,0.5745069913631092,1
18827,0.5109043182064773,0.5535535631216459,2
18828,0.048283896505769,0.034736879448228127,1
18829,0.0558913833690074,0.05120488350348425,1
18830,0.047149829738,0.043989894352981125,0
18831,0.0870641243417561,0.09127019111742468,1
18832,0.1231561082628386,0.1003869177837412,1
18834,0.1247662999805768,0.096326328377816,1
18835,0.2337964605668967,0.22122815575966542,2
18837,0.6910059221732766,0.7497020927267986,2
18842,0.3271088470241386,0.3341086344675373,1
18843,0.0873971708415782,0.0807928180940085,2
18845,0.0733586266828938,0.043424468439302956,2
18846,0.1733131003918114,0.14269843505233554,1
18848,0.0618709920207033,0.08196434088563267,1
18851,0.0573118471472613,0.06199105580813377,2
18852,0.5340818896956521,0.4974353015840047,0
18853,0.0628816286035787,0.05196808596524205,1
18854,0.1583265811135542,0.21089539769913712,2
18857,0.0973380822870378,0.07414780209705787,2
18858,0.2235818071647497,0.26282584404997306,2
18861,0.0074877233760291,0.0109829401950341,0
18862,0.1682234243189097,0.2107835456301998,0
18864,0.0544398051943936,0.0460556195202957,1
18865,0.6022893628965298,0.6957154614324741,1
18867,0.1536946919296841,0.1582060654185971,0
18869,0.2848985552917055,0.30469124756774213,1
18872,0.0695919557397082,0.057489372134965376,0
18874,0.0900919086476132,0.0636190339758625,0
18876,0.0430399391655454,0.044858421209096375,1
18878,0.0521119335774634,0.0364790499508469,0
18879,0.0979921152208297,0.0715676764725221,0
18880,0.2991854186273116,0.34283298463558337,1
18881,0.0697542338401616,0.05808282582616105,1
18883,0.1194078071723427,0.15121297326827543,0
18885,0.0629027279181172,0.061274782673369,1
18888,0.1489577531782408,0.12600002537249982,0
18890,0.1198393594049334,0.11556807940279501,2
18893,0.3937983095270663,0.4285240164004952,0
18894,0.2118407981720781,0.22717120794802617,1
18895,0.1336655125847488,0.14420129436401175,2
18898,0.0422892153284258,0.04595584547777335,0
18899,0.0387854458448415,0.051708284018784224,2
18900,0.4302176142732973,0.42692364009668915,0
18901,0.1034130222672717,0.11446364270589673,1
18902,0.1084746011354521,0.08780297415650895,1
18904,0.0407043575280875,0.034657227361849875,2
18905,0.0320236214401331,0.025795252903273676,2
18906,0.1876764048828218,0.14373805831671793,1
18907,0.042882733392381,0.0445804688568275,2
18910,0.2123265105085563,0.2113061690256739,0
18911,0.8037552215944195,0.7452569671056761,1
18914,0.3810767816952797,0.3104541877210172,0
18915,0.2777725416945302,0.32357867171135635,2
18916,0.1732196275281659,0.15957885696724472,1
18917,0.0591697548868531,0.056511324168043324,0
18919,0.7358229301818872,0.7830468145298103,0
18920,0.4286253953716445,0.5326839993935167,2
18921,0.2034012515422569,0.1831780390129074,2
18922,0.0681040521286389,0.052994679676607995,0
18923,0.1084093989471499,0.08387802900024692,1
18925,0.0801920638326659,0.07339682846043191,2
18926,0.7963002032547633,0.7146506799236216,0
18929,0.7232722258207287,0.7653751562670483,2
18931,0.2690957410039682,0.26536259625997183,0
18932,0.1132816498603076,0.0914706349721013,1
18933,0.1372897390333025,0.14050753526682355,0
18934,0.0500111622776327,0.042214689175058974,2
18935,0.3604288578375538,0.37044496779492103,0
18936,0.179238473967621,0.18982121099221763,1
18937,0.5722665748774507,0.6526926377645021,2
18938,0.0354909927596444,0.03309251636119255,1
18941,0.0854001428811695,0.08134385757790348,0
18942,0.0548975032444503,0.04317580963894142,2
18945,0.0354120679841893,0.06230697222442093,0
18946,0.1345162049873055,0.14427288369366145,1
18952,0.6929690113818325,0.6632787183687741,1
18953,0.1320619534919158,0.16503644178155275,2
18954,0.0859457642434819,0.062195018070246424,2
18955,0.1265738849181057,0.09000772800850369,0
18957,0.1698148157031519,0.17399402981182344,2
18959,0.051807384788162,0.05152387692755042,0
18963,0.0888195932763346,0.08760856395264179,2
18964,0.2966604554009832,0.23992323895489137,0
18966,0.045364906797869,0.08378015491602273,0
18967,0.1642461095358948,0.17767317067725275,0
18971,0.0343839018096812,0.0265877476014142,2
18972,0.0288546197493013,0.035578288833775625,0
18973,0.7596017190853471,0.7682118217154805,1
18976,0.1237885447848175,0.11092147730464767,1
18977,0.0480578488364007,0.03788862145652395,1
18978,0.0769088849136747,0.0742818066070351,1
18979,0.0818733106105267,0.0777634773675138,0
18980,0.1789816128785601,0.1787690672345671,1
18981,0.1430157070512208,0.1265864038911851,2
18983,0.2163948881004975,0.2669634766249555,1
18985,0.1003614428157997,0.13014919978693007,1
18986,0.0299548910330359,0.0348925304008796,0
18987,0.155578343484649,0.1272068638897413,1
18988,0.2331731916707556,0.230068975355116,2
18989,0.8179329614199567,0.6842903740506783,2
18990,0.1413670113463973,0.17974593050458476,1
18994,0.1266428151468832,0.13056616476849836,2
18995,0.0941453427980652,0.08137329252995974,0
18996,0.1755407140947897,0.18717095719610521,1
18998,0.1540488788281653,0.1974492219304774,2
19000,0.4067315455925203,0.47435324643705173,1
19001,0.1638544166450695,0.14897334098950596,1
19002,0.3099578208177249,0.22195280108278084,0
19003,0.0562993694769005,0.05780148107363995,2
19004,0.0388033713587339,0.0313058757583033,0
19005,0.0494717088282528,0.05968518730969828,0
19006,0.0814876644565174,0.06928720458126814,1
19007,0.1361181877935312,0.17929377751014564,0
19012,0.5610782283490633,0.5189175270488645,0
19014,0.222082992211728,0.18376229390557589,1
19015,0.1438184914637572,0.16296830718157532,2
19016,0.1596880182468451,0.2216032101545773,2
19018,0.0816607972495952,0.06826591886899394,2
19020,0.0515055846831683,0.04214068389253608,1
19024,0.6365309911551188,0.5691753629260373,0
19025,0.1326369792257842,0.12571490119430445,2
19026,0.3101497675340405,0.32389108756307977,0
19027,0.1068506430508011,0.08183762903352013,0
19029,0.0822446447839648,0.08393326445186645,1
19035,0.172378873080052,0.2063687470575173,2
19036,0.6057078232613295,0.5820189316249857,1
19037,0.1550828180990416,0.13893120132326187,1
19040,0.5514680531913719,0.5807996405427293,1
19041,0.0643010743934819,0.058266436427149154,2
19042,0.1143580638705044,0.14621263944519114,2
19043,0.7482433057610608,0.7396236972062125,2
19045,0.1125518242394005,0.09781540992030903,1
19047,0.0406017929864082,0.03264111976941157,0
19050,0.5630043055763687,0.4686704711905995,0
19051,0.5988966727756478,0.6753978506323488,0
19052,0.0834200091641739,0.07878932690331217,2
19053,0.7303384807592562,0.6828606510241666,2
19055,0.0992513896826872,0.0784989135184398,0
19058,0.2469952828682486,0.2763984826903455,0
19060,0.7284469060390164,0.7580486223258264,1
19061,0.1464253158998229,0.11441141825621327,1
19063,0.0802825384886503,0.07283659686708992,1
19064,0.1061309553097108,0.08552806322655367,1
19065,0.3967902507408407,0.4728301314156945,1
19066,0.7056180093714359,0.721064519382183,2
19067,0.127696222789587,0.09624370065422218,0
19069,0.1281147965515373,0.12060901189810874,1
19070,0.857272316068463,0.7518005226793316,1
19072,0.0512394461578572,0.04153399668553993,0
19073,0.108200005584507,0.094190866422699,1
19076,0.3717347478727158,0.3555567643008753,2
19081,0.1246245219739639,0.10846603857272011,2
19082,0.3069321452698063,0.3370610061836795,2
19083,0.1444319051367906,0.12651225133447488,1
19085,0.1208774820765684,0.1958610004552655,2
19088,0.6622571549616563,0.7886599101197683,2
19090,0.0798973512991602,0.06809212321221637,0
19091,0.0704883588510665,0.05863259967741232,1
19093,0.1214992066529908,0.09647469973990215,0
19094,0.0618265518258501,0.04554403370570768,2
19096,0.1304136847059063,0.146096289448056,1
19097,0.1196197028962459,0.15743120581861172,1
19098,0.150810382272645,0.22284601728607056,2
19100,0.0937144869063124,0.08469947810386218,1
19104,0.3969555852495623,0.49280357165241784,1
19105,0.7918117058835964,0.7961456150457269,1
19107,0.2142541695829456,0.2264200602688789,1
19108,0.0782886883428668,0.07326751092575755,2
19109,0.1004013646589684,0.10913493689927455,2
19110,0.0370108718968966,0.0329843739229728,2
19111,0.113172635365145,0.10676221799992355,2
19115,0.2495074666490745,0.2443414372105712,1
19116,0.4834606112767984,0.2770674544778222,0
19119,0.0965448422039192,0.07756559531580905,2
19123,0.0656134182941542,0.05758273652558835,1
19125,0.0775606461344677,0.07235741020451311,0
19127,0.6427568573190146,0.7054215411637487,2
19129,0.1380689498017263,0.11519148992276043,1
19130,0.3376121470885413,0.33855403503706716,1
19131,0.8530369072371986,0.8581349386821737,0
19135,0.0294947043655219,0.023600455827874577,1
19137,0.3146957644454086,0.33904772135822137,1
19139,0.135210176746819,0.10419625911918509,2
19141,0.092294892446904,0.07009401895165618,1
19143,0.0528421639754381,0.05330752411453295,2
19147,0.0128967652738373,0.0227287264974738,0
19148,0.1286288197331578,0.13680550995343338,2
19149,0.0980604389636414,0.08467261731748256,0
19151,0.162903679302318,0.22697263115983266,1
19157,0.1289823173019252,0.10332422852924328,2
19158,0.0985886080540299,0.07219720018164863,0
19159,0.175619264312128,0.1864503811460254,2
19160,0.3066303737219101,0.38440102756550193,1
19162,0.1369888001617232,0.11761262257963563,0
19164,0.2101949442992201,0.2554713625603865,0
19167,0.1640672460336549,0.1266459125119947,0
19168,0.5092239284361184,0.4882355630127725,2
19172,0.1594041319560364,0.17745655274690733,2
19173,0.114259214950482,0.12837838687935563,1
19175,0.1019711205578829,0.1249680984421058,2
19178,0.0690708411007533,0.09276000813533833,0
19179,0.7747607706399628,0.8112202529181237,0
19183,0.0704718181464907,0.0586943289139092,0
19185,0.105381515007377,0.13326868189415497,0
19188,0.3074188904288052,0.28035198944471884,1
19189,0.043820665584323,0.04405381242941413,1
19190,0.2918433837087776,0.36227695443086,0
19193,0.0858717586498572,0.085722465012,0
19197,0.1404749486864421,0.15019663689227863,1
19198,0.0268912057805708,0.021567618113070824,2
19200,0.0565893281389233,0.05476851801494355,2
19201,0.8552076398918967,0.7897988703722256,0
19202,0.2707306562662777,0.29473478090687,2
19205,0.2115977008258529,0.3232382420611535,1
19207,0.7801933412669739,0.7359853368049384,2
19209,0.0442629839096139,0.036928929745123476,2
19211,0.0732193269407863,0.06320123410440026,0
19215,0.4943223514197961,0.4718625741453407,0
19216,0.0851052751141897,0.0606752920011259,0
19217,0.1193774060485222,0.09621181520441092,0
19221,0.7593765088845147,0.7354864651776591,1
19226,0.2536313155479612,0.22165264643867044,2
19234,0.2740544103380131,0.4326341676340738,0
19235,0.2494265855037032,0.20127062613702892,2
19236,0.0577761698068279,0.030379339489392677,1
19237,0.3518777480499232,0.25429452164503347,2
19238,0.0868015771301282,0.08428218997250495,2
19239,0.0598332273533436,0.0336355869073225,0
19240,0.0791537625212193,0.06225843990030805,2
19242,0.7517803587353004,0.7539170558982232,0
19243,0.0845932006893422,0.057583047084856745,2
19244,0.1572188499919763,0.23866622522877995,0
19246,0.166675892971808,0.16776417386088355,0
19249,0.5031687416761472,0.4844410530143942,2
19250,0.4356120274971442,0.5384423877668609,2
19251,0.0932368028430803,0.08626419234492108,1
19252,0.0358972977402883,0.07000006864444498,0
19253,0.0272096973735766,0.028161800238931875,0
19254,0.0865337506417233,0.07616433408639135,0
19255,0.1173957985303026,0.1653535589933929,2
19256,0.1661599986565971,0.17126216486799797,2
19259,0.7441571799004414,0.7417400954016284,1
19262,0.1123064571562122,0.24427349248270452,0
19264,0.2560657016597389,0.19034267914713784,2
19265,0.6287490672953404,0.5410593526392421,0
19266,0.0802620854188237,0.06794606528538537,2
19267,0.2240771417858788,0.27247955872677865,0
19269,0.2174055598479564,0.17990147439092583,0
19270,0.1114714826861237,0.1302413819318849,1
19273,0.0354321266911172,0.0350839264164553,2
19274,0.0876357014400242,0.07314576763361537,1
19275,0.2025018024662837,0.17850041404258857,1
19276,0.0995450980912788,0.07926623751761078,2
19277,0.1005349516488719,0.09551765552591016,0
19278,0.2422123927489757,0.3090720793374532,1
19279,0.3743404728896494,0.3448969881108561,1
19280,0.1553384948362306,0.11375281217647387,2
19281,0.3171857029302231,0.3862766994973915,2
19283,0.1178562378295484,0.13804354516086306,0
19285,0.6269225057314867,0.75645619981374,2
19286,0.145154190513986,0.12587403316896248,2
19289,0.1495244195792516,0.1457569813175924,0
19291,0.1175045436423601,0.1683901034784684,1
19292,0.1745352216462839,0.19442595475381164,0
19293,0.1574934479360835,0.11798377600502657,1
19294,0.267483519809153,0.3476021756920241,1
19295,0.1160151889486021,0.1312943293654941,2
19297,0.0519105547415279,0.05117480065991925,1
19299,0.113782614821733,0.12405962754608313,1
19301,0.3022637083233485,0.3208815037898979,0
19303,0.6298857468647889,0.7015583303929649,1
19307,0.1062410601015967,0.07814091463371642,0
19308,0.0728073836989074,0.07236835854433954,2
19309,0.175193996366637,0.1854262330795245,2
19311,0.2966011863343287,0.3377947957165738,0
19312,0.0616042497302056,0.048875423871743526,2
19313,0.2241557780990663,0.21338191958073716,2
19314,0.0411264797507054,0.04520953372146817,0
19315,0.1478150053647616,0.18461509369582066,1
19316,0.5351279841938242,0.6822176209234432,0
19318,0.8643288994235993,0.8769573338925243,0
19320,0.1755164068790801,0.13056382014746723,0
19322,0.2377963867255117,0.22610789502902562,1
19324,0.2074405058225496,0.14899450811584466,0
19327,0.1459587603672078,0.15407749329684184,2
19331,0.0653628680807132,0.0575201778152173,1
19333,0.1144053413215324,0.10144514644526692,2
19335,0.1713348362283834,0.14634322602305683,0
19336,0.0348660687705487,0.03340440268726005,1
19338,0.0710711650917508,0.09933086087497714,0
19339,0.129213094293371,0.11419140932617827,1
19343,0.1484368244732071,0.28430552163375594,2
19344,0.512619259378714,0.6601640820997511,0
19345,0.8248136127686214,0.8496175815732436,1
19349,0.1476406312315148,0.13096400480186388,1
19354,0.1355667104307557,0.1345964342467877,1
19356,0.037142205439874,0.030982271221352976,0
19360,0.2587616828012371,0.2603337535334386,0
19361,0.3785564342875717,0.3958727576355012,2
19362,0.1063436513593949,0.1188402116960278,1
19363,0.0547768263383586,0.047996451623423794,2
19365,0.0798964871168999,0.10085659549393106,1
19366,0.1057698223230236,0.0766521748117455,1
19368,0.1148283032047123,0.10866082688624312,0
19369,0.3033336915593538,0.24079103102361266,0
19372,0.1628932122023996,0.28255919408998104,2
19376,0.1043810188090656,0.10051875556980971,0
19377,0.0249673577707498,0.029274831182233625,1
19379,0.1596176332772717,0.1448784600653549,2
19380,0.0475184202078958,0.031307507329376795,2
19385,0.0314378106346296,0.022444150905113973,0
19389,0.4126232441810267,0.4339802528236206,2
19390,0.1643504546478276,0.19366237835063327,2
19391,0.0740339530270649,0.07563163444097287,2
19397,0.1159651484578434,0.1188281365680163,1
19399,0.2146884321493142,0.31515964046217015,2
19405,0.0658431663282438,0.05897392877214107,2
19406,0.2279893339659822,0.17045700688167523,2
19407,0.091142828082607,0.10573434490952875,0
19408,0.0511791147053321,0.0406058666255483,0
19412,0.3726589176427342,0.4118236731717807,2
19415,0.0683840968668158,0.052911233061939,1
19416,0.1371636310647368,0.13740564228844834,1
19418,0.0799140558175752,0.0821264069556084,0
19419,0.1635071837230904,0.1354840724198345,2
19420,0.0990691396277517,0.09392071248216988,1
19422,0.1910598216853942,0.19510557442836762,2
19424,0.0675911128409415,0.058481874766704973,0
19425,0.13111178407427,0.0978347300873123,2
19426,0.2927087829316799,0.3028669812042165,1
19427,0.0943097058289157,0.06936497958849015,2
19428,0.0442281663036813,0.025799329502112223,0
19430,0.1680680887014995,0.16220882006986925,0
19432,0.247118976165693,0.3264893650423452,0
19434,0.3419636187407394,0.3581803978881941,1
19435,0.3272151340427754,0.3544565688021152,1
19437,0.0423868378921434,0.04515530259522357,1
19439,0.0882192238281018,0.0619721396278168,0
19440,0.0359205886932998,0.04137792746445543,0
19442,0.2066911905736421,0.18805724482753053,0
19443,0.1650294408636085,0.15266979504341044,1
19444,0.0475280846710226,0.036848622056939374,2
19445,0.3840851876422762,0.27571449450241114,1
19446,0.1402042490046329,0.10671853354810032,0
19449,0.1560299642942748,0.1657201231738262,1
19450,0.1318745953422445,0.17150707474667604,0
19451,0.0517627668776339,0.07548783743058962,0
19452,0.2159082315087237,0.110707767011637,1
19453,0.6340903680245,0.6689254620734544,1
19455,0.1026831507444659,0.13654953800436428,0
19460,0.0999006465254388,0.11228524548610874,0
19461,0.4646238183509089,0.44477869441607776,0
19462,0.0783693008492045,0.08442408062978005,0
19463,0.1409553225943358,0.1124738303617899,1
19464,0.0336902926866443,0.03070468473698737,0
19465,0.1849352167645835,0.21221154112226495,0
19466,0.429079344330334,0.41525351962329854,2
19468,0.17420907116772,0.18593447678309488,0
19475,0.1451270921437322,0.1453004271444991,1
19476,0.0659936883569227,0.086906325193113,0
19477,0.1439615888835847,0.17183736521385023,1
19483,0.1290756532748745,0.12110281000874595,1
19484,0.1201009737774882,0.12346439110576951,0
19486,0.6237191698431126,0.6019386365112869,1
19488,0.2934285140888824,0.3327921467219171,1
19489,0.695805123619217,0.7300776096447085,0
19490,0.7911312256707078,0.781171331413157,2
19491,0.0712518607974403,0.07378039387642248,1
19492,0.1324131335263464,0.13834813824835004,1
19493,0.034275348849204,0.032445260052504324,1
19495,0.2023752656372456,0.18420805388378203,2
19496,0.2286815446645597,0.35048348233251236,0
19497,0.1546736098039103,0.1491057341645854,0
19499,0.2367320022750536,0.26709097845394053,1
19501,0.0851717349286665,0.09621700080143233,1
19503,0.1463146518718793,0.15496119372285294,0
19506,0.0930675514278949,0.0920139285779853,0
19509,0.0984236504010281,0.09203887067009546,1
19510,0.033265377985596,0.0348763907564823,0
19512,0.0917456678219542,0.079350146727344,0
19514,0.0570909989454022,0.046378095212596726,2
19515,0.264290933065138,0.2824489251121863,0
19516,0.3340860294522749,0.3645060598090822,2
19518,0.0888765656586888,0.11741936344692858,1
19519,0.2613647957092624,0.25548429216655644,1
19520,0.1358624198867965,0.10386588202942072,0
19522,0.1770857251476023,0.18529974845299196,2
19523,0.7119837243826571,0.7545243007731912,0
19525,0.0811047789580877,0.07219685651427678,0
19526,0.0552092805100404,0.04332837907230362,1
19527,0.0680773928669668,0.09276721228389717,1
19529,0.4416692854701048,0.477354216769889,2
19531,0.207433447798816,0.18300097846523045,2
19532,0.1213707982895239,0.13576113456607386,1
19534,0.6217047111543099,0.5500978201970083,0
19535,0.1709285915959002,0.11981535678110128,0
19536,0.0464570813674585,0.03331808528169548,2
19538,0.1694718599805375,0.17051970976194494,2
19539,0.0467225962181991,0.03458441288761095,1
19540,0.16480732140424,0.11624071720151938,0
19542,0.1901197034460845,0.2022903209174498,2
19543,0.0856180386926732,0.0886725063872435,2
19545,0.1728561367395584,0.16253865328046216,2
19546,0.6886259020088036,0.7426221712352371,0
19552,0.7324735794922846,0.7634353174636125,1
19553,0.1556492482285896,0.1699609624963638,1
19556,0.079412145922541,0.07990642435658235,0
19560,0.0671935626864413,0.060632198776822674,1
19562,0.0613123525185395,0.05043488054101833,1
19569,0.163480813954233,0.1464051221875248,2
19571,0.1605070947983276,0.1684634522214078,2
19573,0.1472596264012011,0.13362527300346683,1
19574,0.1815257008761601,0.18979649465142204,1
19577,0.0602529101577139,0.05354154351761145,0
19580,0.1612221129196875,0.17178409668725694,1
19581,0.0330852653500076,0.0191987119690422,0
19582,0.0365328170530213,0.0446885540129886,2
19585,0.0944038500690057,0.08422129272622342,1
19586,0.0498801432526149,0.05592562163004118,2
19587,0.1715227677022287,0.21977751967038578,1
19590,0.0884409187393971,0.07932336896182499,1
19593,0.1663910000274247,0.1921084151314782,1
19595,0.1346518587389299,0.10270756300709992,2
19597,0.1898110531290862,0.2944994954019678,2
19599,0.2139707385346272,0.1681024355688313,1
19600,0.0510366405659076,0.037914624769171304,0
19603,0.226045110379242,0.1907574868009649,1
19604,0.2676002683216844,0.2606217806595237,0
19606,0.1485617842572869,0.12894412678717612,1
19610,0.0388765223762199,0.028871396901151047,2
19611,0.0662733063134557,0.04282580908445208,0
19612,0.0672435839222272,0.05572933505783595,1
19618,0.11682623143434,0.10278085633696656,0
19621,0.0747741187608156,0.06488503240903577,2
19623,0.0525753590323997,0.04697875789049312,1
19624,0.0918501069051748,0.09356824194656249,2
19627,0.1077036812744091,0.12307518044214352,1
19628,0.1874080521749353,0.18509941384315015,1
19629,0.3975700325000674,0.3066543313514605,2
19630,0.2899261725715076,0.3320586677787216,0
19639,0.0192311503472079,0.022413087631141124,2
19640,0.6935085980311378,0.4579536319229084,2
19642,0.1142079737675892,0.07268159792232237,0
19643,0.0553444576707436,0.055743675760618554,1
19646,0.031890420530545,0.03506819526354005,2
19648,0.1201490914274141,0.12225208880424279,2
19649,0.0918227763823481,0.10432100021553568,0
19651,0.0557658359008028,0.040006913041482677,2
19652,0.1253279158980886,0.12346489365111445,0
19655,0.3026163082354038,0.37790243389803446,2
19657,0.2916954669428779,0.30088873470379895,2
19658,0.3359850048180803,0.3674114902434448,0
19660,0.4178627740195416,0.3984082941048816,2
19665,0.0555867531520713,0.05818511679376027,2
19666,0.1107972710195896,0.11992208572732503,0
19668,0.7638828294607422,0.713137977378113,0
19669,0.1175415962597163,0.10438948542389376,0
19670,0.0997151449881024,0.10207361343413415,1
19671,0.3671516964943079,0.3062327370824939,1
19672,0.0683754173508425,0.04913466725963962,0
19673,0.1240648542811935,0.14751441325875028,2
19676,0.1339547886928822,0.17973074109022122,2
19678,0.0721275143586244,0.06044765758692515,1
19679,0.1471283639486026,0.10183716726297433,0
19681,0.0847546949852172,0.0769195577724392,0
19682,0.1105486804764048,0.1662411659114855,2
19684,0.1501457776282537,0.19117338136791487,0
19685,0.0448696372169093,0.0296990331939079,0
19686,0.2772401054348307,0.378869066305227,2
19687,0.6520233168981331,0.6314051746461639,2
19688,0.0906379868509514,0.07895904756420613,2
19690,0.0755408608212478,0.06543514253277587,0
19691,0.0607252773972321,0.04717526202798836,1
19692,0.088850333141096,0.07437787296774175,1
19694,0.1179522746833693,0.14929731191928575,0
19695,0.1422982040050751,0.13411306310917231,1
19697,0.0339160995365422,0.029686052447243098,0
19698,0.8313656936327084,0.809007376501252,1
19699,0.0897441691885607,0.117678429589863,1
19705,0.2428896964952077,0.2508815185456982,2
19706,0.2312915868038376,0.28230075285119777,2
19709,0.0639047014417551,0.05717458994503738,2
19710,0.1208084040422935,0.11302664191912229,1
19711,0.0663480264900685,0.09992232575567138,2
19712,0.7685309564539339,0.7977119081091407,2
19713,0.0855276179050215,0.06845991885463759,2
19717,0.3138937844172366,0.26048603534754006,2
19720,0.0491387143291947,0.0499713802993143,2
19721,0.0932956001304606,0.07684708778063887,1
19722,0.0648951718395407,0.04382604206164175,0
19727,0.6902262097613447,0.6688083354715795,2
19730,0.0701988719660319,0.05777569133062545,2
19731,0.0827614049497395,0.06685605150166893,1
19733,0.0988371280583633,0.07294372855671209,0
19734,0.0756589405633602,0.07303385895918191,1
19735,0.0801498693205944,0.0974723798682476,2
19736,0.0621443062418298,0.0536465625028354,1
19738,0.7320618412535643,0.7061949154252346,0
19741,0.1126946191138517,0.10283649252190802,0
19742,0.0674294092382337,0.054386073310759356,0
19743,0.3394448108943107,0.35971243949849996,1
19745,0.1340278127119767,0.1558218349029991,2
19747,0.0854670690099553,0.05829316218446002,2
19748,0.0899159096321392,0.08723567337928062,1
19751,0.1423893124848165,0.16080283726670894,2
19753,0.452471453854796,0.458646080791256,0
19754,0.0517311476709253,0.03423128144027855,2
19757,0.0528063294048053,0.029804503431242624,2
19758,0.2335651068898749,0.2523251557186482,0
19761,0.1500331049946956,0.1414288185039325,0
19762,0.3381011998169885,0.3139729194534935,2
19763,0.0967428897606964,0.0866373684285228,1
19765,0.126423428484332,0.11329779984765917,2
19766,0.6977253612099887,0.6507135500174812,0
19767,0.0407454326484057,0.05213184835971967,2
19768,0.1824765346576289,0.13619134034786262,1
19769,0.1784272125340718,0.15767152906947132,1
19771,0.7949091419915669,0.7632063613035016,2
19775,0.0547016159989583,0.0353203949652953,0
19777,0.0938544445425242,0.07602255495533876,1
19778,0.1072149615768671,0.07431828141176285,0
19782,0.2821107860188311,0.26770079352823994,0
19786,0.0457175710969891,0.040504136093841,1
19787,0.0470859897904895,0.03280962916108648,0
19790,0.1310185547145248,0.10355538342177703,0
19794,0.2978638639496725,0.27771885837582955,2
19795,0.0934809896933229,0.08422492902441892,1
19796,0.077991625994324,0.09554994011876353,0
19797,0.1913023126283876,0.1092326011618004,0
19798,0.1109268081128995,0.1881196147395398,2
19799,0.4924366912801381,0.3815573251245207,1
19800,0.2220518048422653,0.16370642663006996,2
19801,0.1006339894359555,0.09130200629785068,1
19802,0.4397684996758659,0.5259568021504458,1
19803,0.0902434296405457,0.08528168080237827,0
19805,0.1679162393821615,0.15156050708489543,2
19806,0.2375647641410133,0.20267714830157735,1
19808,0.1124872614286927,0.09380397984736621,0
19809,0.10694328680321,0.0948779746724757,0
19810,0.4882378397325734,0.528303913866309,2
19813,0.050070635714629,0.04203532548551962,2
19816,0.0721777283235644,0.06415759897161168,1
19817,0.063979330061965,0.06641612201435029,1
19818,0.6529590936381844,0.65601616429678,0
19820,0.2942251740866866,0.28132192708574566,0
19821,0.3250286512936027,0.37013414556626795,0
19822,0.1095792923804067,0.09634835645896113,1
19824,0.1898919570695768,0.2112445466222428,0
19825,0.8862121852893332,0.9060929956579402,0
19826,0.1089500703027604,0.09292525682855488,2
19827,0.1452654489989431,0.13249572179060415,2
19829,0.0395308700717969,0.029185388315984172,2
19831,0.0823292764981148,0.10351448190604119,2
19834,0.0712797586630685,0.06380001485615833,0
19835,0.5746776269192083,0.5927487794782715,2
19836,0.0425753359749551,0.03420001545412415,2
19841,0.0994871287768903,0.14046341171898552,0
19842,0.0739082835576644,0.06077005030874966,1
19843,0.8143584807497256,0.7857578527757212,2
19844,0.7024585662288033,0.7185068555338606,0
19845,0.1861509349183675,0.20088660421417154,2
19848,0.4096896683351738,0.4057012572718221,0
19849,0.0810404337218151,0.08519054235874278,1
19850,0.0459050187933637,0.03978609874139598,2
19851,0.0411171643178348,0.0610672193433969,0
19852,0.0564345170832045,0.04804140629343025,1
19854,0.3699418860400652,0.38911012947710694,1
19855,0.1774722462151781,0.16488902769395425,1
19856,0.4807560983324533,0.494566938358104,1
19857,0.0477117670320531,0.044743728823081655,2
19860,0.0963209155338687,0.08976399480457407,1
19861,0.1377564523254525,0.18426832386006295,1
19865,0.0580058309989497,0.04942926686900882,1
19868,0.2758329523510691,0.31499795587661306,0
19869,0.0776376699712529,0.07374008346242546,1
19872,0.0224639780570825,0.0234067943373351,1
19874,0.1697086601875437,0.16435251565437556,1
19877,0.0928290491443104,0.07885990605820904,2
19878,0.1569514339460265,0.1256753023604404,1
19879,0.1765843157303964,0.15541453468697647,0
19880,0.2000980742835809,0.17905056679547113,0
19881,0.1324602368330286,0.08658168694976805,2
19882,0.0772088717784794,0.08610488126831162,2
19883,0.1485045008817766,0.11812730488167704,0
19884,0.067773251460352,0.06084628822198285,2
19888,0.2971453994284599,0.31782395690869436,2
19889,0.2241160255392318,0.25432045428509564,0
19890,0.0208936748410397,0.020184292981423723,2
19891,0.1440642368849112,0.15223955986515886,0
19893,0.1092324175667451,0.11230229339683631,0
19895,0.1045574881638828,0.10843197709894828,1
19898,0.3807574220421133,0.3923512284186632,1
19899,0.5234138082576497,0.6401274752534635,2
19900,0.5861303086542975,0.6972623296415574,0
19903,0.2731603175731557,0.1704717107974552,0
19904,0.0736328181119947,0.04467429591645485,1
19905,0.1611864316910611,0.14110488166484353,2
19907,0.6545710349498978,0.7218148210386736,1
19909,0.2510451248808438,0.2242817828097022,2
19910,0.0469437912590318,0.03457443327826613,0
19912,0.1394824507373351,0.1309786670919324,0
19913,0.1438749131999749,0.11906486990250889,1
19915,0.0694570637300413,0.04657289933616795,0
19918,0.1407970460741665,0.15364200275024956,0
19919,0.0414528612110905,0.06861402714591788,0
19920,0.1639083273489245,0.16211530828987292,2
19921,0.0500763472913243,0.09000114329439537,0
19922,0.127194255259028,0.17433657512633535,1
19924,0.0856488881969707,0.0752010285243643,2
19925,0.072499020009744,0.0972177646923072,1
19926,0.4058678075296338,0.4128330097808159,2
19928,0.3453974121700907,0.2924718987712825,1
19933,0.0909689636453152,0.08067235012628048,2
19934,0.387151313182774,0.23218221137948802,2
19937,0.2068813510437134,0.28355570224845733,0
19939,0.0715543926750834,0.055359980867508624,0
19940,0.1170485003992552,0.10960621175166732,0
19941,0.15117078435168,0.16900769188231263,1
19943,0.1100299856805939,0.11135343740406266,2
19944,0.1395855299703944,0.17482110824157243,0
19946,0.0719753717953908,0.07281162542390449,2
19949,0.0606237512086361,0.04911336240712923,1
19951,0.0454998032506224,0.039418831735452624,0
19952,0.1542728337228867,0.14263283423996376,0
19954,0.0626126258474565,0.06563809744484866,1
19957,0.139682031431602,0.1420544373667854,0
19959,0.1034102563708615,0.10300037265813201,1
19961,0.4606060669071083,0.45275176740706713,2
19962,0.2501422324301945,0.29925502550303423,1
19964,0.2033351843167506,0.22891980766654368,0
19968,0.117935551956364,0.12272226276364659,2
19969,0.03943141168327,0.023727249454475827,1
19970,0.0595160501794805,0.0567116663760745,1
19971,0.6063513249171588,0.7269849427323928,0
19973,0.141167574903325,0.13906304613535359,2
19974,0.0876507930201045,0.07987255646184667,1
19975,0.2233952274074787,0.19289271781002693,1
19976,0.1191284348470871,0.20636705587239906,0
19978,0.3073316057242334,0.3377291998819739,0
19979,0.2251795673634178,0.276131781610533,1
19985,0.2042233803730237,0.2906039961777058,0
19986,0.1597749906997891,0.12518620060376404,2
19987,0.043673388738799,0.043664707885082504,2
19989,0.8203481870363922,0.8132681818926408,0
19990,0.0748528293556333,0.059427650349309274,0
19991,0.1539721911865836,0.16425477814722372,1
19992,0.3116515154789406,0.3691160696775455,2
19993,0.0771892372543595,0.09763900860405905,1
19995,0.0526311868760235,0.06394653932527777,0
19996,0.180277588428736,0.16564864125791912,2
19997,0.1482138720707234,0.11909421561188896,1
20000,0.2852429311612566,0.285830166680873,1
20001,0.0825432296468512,0.08115754173090806,0
20003,0.1442561395347392,0.12434271941487873,1
20005,0.1043900563016461,0.10582393592018227,0
20008,0.2396139309294502,0.2570315906858092,0
20013,0.0427774186545206,0.036611154500763625,0
20014,0.1672180716238518,0.31667072046605926,2
20016,0.1358128537105528,0.12269501514200007,2
20018,0.1324362936312688,0.11589303306725374,1
20019,0.0688125649681469,0.08646684637801927,0
20021,0.1322653096623589,0.1268433030928853,2
20022,0.3982596782543949,0.3669449752616127,0
20023,0.0893712912967776,0.09935104389350667,0
20025,0.1609808303621172,0.18416393940557602,2
20026,0.1830375961943862,0.16740695055019184,1
20027,0.0816077157756311,0.06140762053493847,2
20028,0.1817384091804656,0.16240850583738436,1
20029,0.3499315144965936,0.3860312651221907,2
20030,0.0693114781381559,0.06875128141985226,1
20031,0.0652495111037414,0.0713705189326786,2
20032,0.7131464643508858,0.6904546185824455,0
20034,0.3471046524006716,0.3707704930703566,2
20036,0.0639503743590978,0.05542145917653975,1
20039,0.1512809026289575,0.1114031949867162,0
20042,0.0805477495553692,0.06202611198765132,1
20045,0.181251027126074,0.17525719376142915,0
20046,0.1919010655524941,0.23473241698657846,1
20048,0.2659043409030545,0.304901473208993,2
20049,0.0920118652209141,0.06794722704703708,0
20050,0.2598711096542376,0.21947261029113593,2
20056,0.2276312582560375,0.18149554821445613,1
20057,0.1222741009238333,0.17720978689641803,0
20058,0.1319710771658502,0.0882818379030447,2
20061,0.2142486758874428,0.2248800879644488,2
20067,0.2613218587005655,0.372600442625057,0
20069,0.2023207048632494,0.19889943284070177,1
20071,0.0661894305863128,0.05638747352560812,1
20073,0.0549531751761643,0.03799313625289025,2
20074,0.2554070304869473,0.20865203251038175,1
20079,0.2121464744676278,0.2216085965948318,1
20082,0.0854352406975383,0.04362678362297795,0
20083,0.06578957824682,0.06588756035314212,1
20084,0.2986921232673409,0.3088894058074305,0
20088,0.1200332808987833,0.07588360469205171,0
20089,0.0274695727110831,0.017644179683160326,0
20090,0.2921259204195197,0.32020981387431713,0
20091,0.1712937772915875,0.11624542761224037,1
20092,0.0724406275432326,0.06467546132268608,2
20094,0.1399943985061673,0.19413760617541798,0
20100,0.1787782861791205,0.19307943671006483,2
20101,0.1496565534237711,0.11914304762976283,0
20103,0.2629706261271254,0.2968851609512628,2
20104,0.1245193614787367,0.088804402223952,1
20105,0.0736900434010571,0.10782236207347783,0
20108,0.127764722381895,0.1258980519517568,2
20110,0.0333367222250771,0.036300955519311076,0
20111,0.1956235928159057,0.19626206144918118,1
20112,0.1124194208934949,0.10397603126579943,1
20113,0.1769778342149844,0.1442147589681082,0
20114,0.232520404519126,0.3706275418034217,0
20115,0.0623880906417994,0.05457953002629898,1
20116,0.0764631295307114,0.06396857754176252,2
20121,0.1815165104478355,0.15862784405089797,2
20122,0.0613319641301833,0.0891889750041602,1
20123,0.0913517205599817,0.0892985823848814,1
20125,0.1081532784391486,0.09922839148982085,1
20127,0.2239204871012284,0.2149350672139882,2
20129,0.1497537138142524,0.1095997660576646,2
20132,0.087541498656352,0.08373975236772963,1
20133,0.0640667929297272,0.05264718381578498,0
20138,0.0551115138105124,0.04282719949527065,2
20139,0.0421093422735319,0.05437110780564777,2
20142,0.0278558446297297,0.025534513493531,2
20145,0.0705578116400836,0.07322882458521132,1
20146,0.05230305162435,0.03695542089540917,1
20147,0.6911157449761494,0.6619412666428697,2
20149,0.7103872692572966,0.6755113787415731,2
20150,0.0914058770656445,0.06393480160230312,0
20151,0.1518796601634822,0.1313820913205807,1
20153,0.0986604676634161,0.08339034823619906,0
20154,0.1729003656949275,0.2502127342135497,0
20155,0.1394286792143231,0.14217053149837505,2
20157,0.0811943192427695,0.06429162825778012,0
20161,0.1802976318953523,0.2029138779081743,1
20164,0.4595288656284857,0.5550082225970143,0
20167,0.1056444351602572,0.05228047090534087,0
20168,0.1293947314706728,0.102173461444564,1
20169,0.1465515105635764,0.09707214115909348,0
20170,0.1044541216879463,0.056564395981511,1
20171,0.1509463717668153,0.1304945764328647,2
20173,0.2943468037136119,0.3251557979482076,2
20176,0.1039760086163236,0.08502705910330408,2
20177,0.3065629251292973,0.2394878938843607,0
20179,0.131495694199788,0.1493718609658918,0
20182,0.0650902067646104,0.0606674969069554,1
20186,0.0733601467024434,0.06748803823181085,1
20187,0.1126989196508078,0.10440417993948543,2
20191,0.0344747503875046,0.024169623017091874,2
20192,0.1147053260586097,0.0635635411910538,0
20194,0.0843616460476985,0.09754046514852543,0
20195,0.1022409860408977,0.06978007837465718,2
20196,0.014671644281315,0.018091842472194378,0
20197,0.1117841015800508,0.08190776041583492,0
20198,0.0442463040159997,0.055886145857431624,2
20199,0.0560683305662403,0.05707487441669335,2
20200,0.1195809904408951,0.08546125732967381,2
20202,0.0331068375620033,0.0273417825439341,0
20204,0.1062460866306656,0.12418336949761077,2
20205,0.186328728979292,0.20800283009173953,1
20208,0.130468275498225,0.1586312051001431,2
20210,0.2096681338500985,0.2429420812092133,0
20212,0.2123047493996879,0.2700447645051495,0
20215,0.746213967479834,0.6672234517032526,1
20216,0.1558788665555577,0.1210738892156947,2
20217,0.2980969373580888,0.21648969235389515,0
20219,0.3112927995619463,0.23521656481524306,0
20221,0.5656276315694697,0.4830172483305506,0
20222,0.1269400946215632,0.12479009852232717,2
20224,0.3587446177820644,0.3326182181046522,2
20229,0.1282438584843404,0.1398387702720366,2
20232,0.1645740817531289,0.1593598682058513,2
20236,0.1697553590999732,0.19003137581004845,0
20238,0.1440665037663214,0.11591318976922227,0
20240,0.055507704929546,0.0394174163649207,1
20245,0.0283917791028479,0.020358074604006876,1
20246,0.4942170541467026,0.5500959498614426,2
20247,0.1588566481792758,0.1759302720630473,2
20249,0.67245209310919,0.6681699403615716,1
20250,0.2883989754851694,0.2793273618112407,2
20251,0.116948646080142,0.08271612168376968,2
20252,0.2369245835644328,0.18693642241018524,1
20254,0.1025441069369068,0.10980369448369733,1
20256,0.7414890138171615,0.7451544064350095,0
20257,0.1245273224303716,0.1688048067649328,1
20258,0.0716041347997749,0.0842754146866184,1
20259,0.1161821456581063,0.10174158820785766,2
20260,0.0845546703397436,0.09909480539035972,2
20262,0.0248272716199243,0.019946198342121173,0
20263,0.1063837588958392,0.0891815339474357,0
20264,0.2935934276799299,0.45137501219055154,2
20265,0.3813356759937593,0.16973147746168796,0
20267,0.6832766737451966,0.6987904976179798,1
20270,0.1977970379105423,0.2664341773745492,0
20271,0.1022514230848265,0.0984087037686138,0
20272,0.0791543157364206,0.07956148792948148,0
20275,0.0492698256118235,0.044634833773458775,2
20276,0.0924494242604846,0.08371625572036223,1
20277,0.1174828233843503,0.13773830278418853,2
20278,0.1823274204322189,0.24557295191515885,0
20279,0.0582082249091675,0.07919172371163716,2
20280,0.1508315912788138,0.18647413930568701,1
20281,0.0882514878003748,0.054634664797372175,0
20284,0.0980212030750745,0.08383008380413395,0
20286,0.3073901342521054,0.37338214823020544,0
20287,0.0927487874333084,0.10232336017980113,0
20288,0.2365443277982768,0.19869083711280144,1
20290,0.1923348697410042,0.24776051708486738,0
20291,0.6749549558589151,0.6447656082049482,2
20292,0.0615291241436773,0.06840156369127799,0
20293,0.1164484297026527,0.11818498049089499,1
20294,0.2138071659150943,0.18500659120198745,1
20295,0.0639358679493405,0.056637595902056456,0
20297,0.0718381677290723,0.06489253133702455,2
20298,0.282885117973086,0.3284347819152705,2
20300,0.0428983419753255,0.02964517990323652,1
20303,0.1290731991315496,0.10762364400861534,1
20304,0.1212190641828553,0.06664752069916217,2
20305,0.048686813702578,0.034264406022429326,1
20308,0.5707086014842364,0.6047376873900644,1
20309,0.1364036395084095,0.13490879411871307,0
20311,0.1457508366274222,0.1525424453740748,1
20312,0.1486287247614557,0.20396620398330173,1
20313,0.1447396937824995,0.12064996970227942,0
20315,0.4378294549087246,0.4329198375030864,2
20317,0.1228058581222555,0.09753486533112476,2
20318,0.0444556630244979,0.05105935986694547,1
20321,0.0660796997607275,0.06184835058015565,0
20322,0.0864429839557235,0.09662130643705306,1
20323,0.4248377791206664,0.496110370004321,2
20328,0.0837226703287062,0.09189846147696162,0
20329,0.3130661472288227,0.31857079910566033,1
20330,0.131497599318865,0.1532932884693015,1
20332,0.0862080880229288,0.06877395583888925,2
20333,0.2092487519424321,0.1857270078952573,1
20334,0.0636955021982662,0.0420018989029727,0
20336,0.7814968424639241,0.7693658162592413,2
20337,0.1198778160191989,0.11504430361991871,2
20339,0.4277561518865531,0.5394549660785682,1
20342,0.0921471442508063,0.07209017474259395,0
20343,0.4568956027652544,0.5132068714793567,2
20344,0.0698069781976851,0.04280470247597122,0
20345,0.0780777977272183,0.054489563841744776,0
20347,0.2356692728056803,0.3875938016135585,2
20349,0.0940538784923635,0.08863621270832067,2
20350,0.6430904382147664,0.7077676269272775,2
20351,0.0515850747355293,0.054832196768309846,2
20353,0.2342031991573318,0.22843972848493782,1
20354,0.1370042491667555,0.11141400193659873,2
20355,0.2462263531534234,0.250258381028479,2
20357,0.128732738929243,0.13846433834152042,0
20360,0.8503826595259083,0.7841598779169827,2
20362,0.1089811629067832,0.10972654142038907,0
20366,0.1097512675990441,0.09352613737711173,1
20368,0.6537675474249333,0.591213958590392,1
20370,0.1742252708357856,0.19455096584192863,0
20372,0.1874017487090217,0.1541732231553981,0
20373,0.552595225687366,0.5564225222316462,1
20375,0.1832538100829978,0.1978933768052874,2
20378,0.5662693123978538,0.5087053239803863,1
20379,0.3352699645239485,0.46576833034792253,0
20380,0.7653358818643329,0.6990264525303999,2
20381,0.1381869941239674,0.2186500735001692,1
20387,0.0877223928257231,0.06847394441762432,1
20388,0.3750798375446486,0.3717417209002248,1
20389,0.7532563177095575,0.7469254490937548,1
20390,0.4856134884165075,0.5211559772838159,1
20392,0.1842909972677563,0.15984450855931276,1
20393,0.0646358615073954,0.059295548674223,1
20394,0.0622906885982788,0.044896710488687055,0
20396,0.6430244323249275,0.6474160262371405,1
20398,0.0385271658597945,0.02337992957123585,1
20399,0.8085073826533993,0.7813611888148045,1
20401,0.0951944700672664,0.07221252769599606,1
20403,0.4911257008320989,0.5267894081758382,2
20404,0.0520056282347584,0.0741495454664845,2
20405,0.033072291694854,0.055647818815683196,0
20406,0.283416430001676,0.2617616043275106,1
20407,0.1287163302144917,0.1464215164438654,2
20408,0.2522687778684191,0.23627709867767321,0
20410,0.122713290538324,0.12387351277096645,0
20412,0.1305848675432522,0.13159601655579478,0
20414,0.143300587766797,0.19504548193789242,0
20415,0.0698550506527027,0.07867309066431194,2
20416,0.5004324844909396,0.36692781773116667,1
20417,0.1256347313549494,0.1460683545099607,2
20418,0.1276019638813733,0.18885714665176845,2
20419,0.1015774415035191,0.09361452267448958,1
20420,0.1195560707481419,0.09747436221639227,2
20421,0.3107636744644605,0.3362817852991962,1
20422,0.1912096058473696,0.12834856182480792,2
20428,0.7633466588607674,0.6987271618857075,1
20433,0.0911802126183211,0.0715132231251695,1
20436,0.1886213517016216,0.10060143602143902,0
20437,0.0634181584693455,0.05124720523291267,2
20439,0.1770371334913558,0.1601521636739835,0
20448,0.219598049651826,0.1669942025927161,0
20451,0.6769683717209896,0.550367941627548,2
20454,0.1635533382928904,0.15913748949043438,0
20456,0.1843589347948638,0.15259927909142584,2
20458,0.1642428671737724,0.16833317236380707,0
20462,0.3234834522586216,0.3650567005435622,2
20466,0.2021040345742764,0.2080601419982251,1
20467,0.1194097805345246,0.1448864534735272,2
20468,0.2654776028479168,0.17716632923800102,0
20470,0.0479077953874375,0.04842757019539502,0
20472,0.1901369994669757,0.22264940852450593,2
20475,0.0794225361249437,0.06550731720661428,1
20476,0.2023259495510033,0.2307798218357196,1
20477,0.0868166260727125,0.08976773068081616,2
20479,0.712203762133719,0.7354500526418156,1
20482,0.2008306433951712,0.15654616967128632,1
20486,0.0857550134427431,0.07084162135570378,0
20487,0.1271316554443883,0.07279416117731093,0
20490,0.1207677597182943,0.08549417535745422,1
20496,0.0291467937028079,0.05056127780834385,2
20498,0.4844048319171271,0.5006835609594733,2
20500,0.0750384075452762,0.06945494415829077,0
20503,0.0646561212588035,0.037495391548271376,0
20505,0.6233435513228737,0.6701170186724126,2
20506,0.1115914038366437,0.13244228412554654,2
20507,0.1052183324459079,0.05352602627855847,2
20511,0.2348855195015096,0.27556965269941747,1
20518,0.0992494096032899,0.08333904642971013,2
20519,0.5836893543312454,0.5993494039364115,2
20520,0.1140473181109219,0.09594388881927207,1
20525,0.0696884625745817,0.06461524358766912,0
20526,0.7253428771504413,0.6734549466102634,0
20527,0.1285971414374661,0.11340948899387795,2
20528,0.287675181164689,0.26333886927556066,1
20531,0.2041861281649834,0.21635309239001524,0
20532,0.0967859002932029,0.0761689683872739,0
20533,0.0837222793570876,0.06879209550064613,1
20534,0.0197320975114819,0.017188460097550925,0
20535,0.1611799841205762,0.15566933651891085,2
20536,0.0489320943230921,0.06186226980596298,1
20537,0.0665233413081411,0.06644755758612887,2
20539,0.1363441828767174,0.13781896538448432,1
20541,0.2323702261865246,0.22587202750982857,1
20543,0.1306937434906566,0.1298615537397296,2
20545,0.0730177139246356,0.07846255432957495,0
20546,0.819598864298107,0.7627120275507004,1
20548,0.1083385766615977,0.10001508046788937,1
20549,0.6399583658509962,0.5319297770494023,0
20550,0.1764166824409953,0.16654252842565542,0
20553,0.1000123928365624,0.05620036715858673,1
20554,0.1159463782020133,0.08597314591957733,1
20555,0.0562214848481668,0.04584548452000043,1
20556,0.3022561754873592,0.2858006502204834,1
20558,0.0817902228049722,0.0542313810178088,2
20559,0.153745481788008,0.13646255324239606,0
20560,0.7910627768429273,0.7950685334222387,2
20562,0.3573245387025115,0.3897662571430189,0
20563,0.26642761238008,0.30972968723300753,1
20565,0.0860403802452874,0.07089139005615672,2
20566,0.1094651533065985,0.1351842126167174,1
20567,0.7067349178962797,0.6945592636185196,2
20569,0.6490159807640965,0.6203082689227395,0
20570,0.2210844226136857,0.1940062642603863,1
20571,0.1020913479600257,0.08936547048727303,2
20572,0.3914399380229525,0.3899202898755399,2
20573,0.2679833211666849,0.29495698766551537,0
20579,0.0797758544083159,0.0665762347459728,2
20583,0.1068051282240417,0.09132215871124656,0
20584,0.0826738706857464,0.06965961905713411,0
20585,0.3208309578146192,0.3053981592976305,1
20586,0.0245206890575788,0.020624445126069424,0
20589,0.0830468698856271,0.14359784482258364,0
20590,0.0527350744262951,0.05488213617904377,0
20595,0.1283294486773188,0.1518937287680896,0
20596,0.0623577553335712,0.0826582595703724,0
20598,0.1799671039898595,0.11544158691938153,2
20604,0.2348395547721789,0.17783514879557888,2
20606,0.6310715411171833,0.6395982011277478,2
20608,0.0661495415706488,0.060445860407647024,0
20609,0.2171777240476881,0.3205723295535492,1
20611,0.02563732274557,0.02824020718712355,0
20613,0.1232328798719424,0.1405791415429811,0
20615,0.6815247430871716,0.6322977928431568,2
20618,0.1220079296064455,0.15383973013412441,0
20620,0.0713214750284695,0.07380695522392693,0
20621,0.0886391716587799,0.0837934369217988,1
20623,0.1782318763355486,0.1654485898088347,2
20625,0.2126705207340044,0.20813054229554367,2
20629,0.1206573082656894,0.15940753978269426,2
20630,0.0614807178057074,0.055113674875949696,0
20632,0.1149314214583462,0.0706404185421114,2
20633,0.209546868308066,0.23649935141248615,2
20635,0.1050646102071735,0.11607101551858767,2
20637,0.094849023578765,0.09416458024316769,2
20638,0.3443497311060409,0.39670370880645645,2
20640,0.2850247018865504,0.34971828309673836,2
20641,0.1477521603477427,0.10668729107868849,0
20642,0.1497862276119842,0.13083023209729444,0
20647,0.5161415483160201,0.4909759183285617,1
20649,0.1426408937585092,0.13272041387725145,1
20651,0.215662817030395,0.25281077550988185,2
20652,0.6046044653191974,0.6216961575732489,1
20654,0.117051696160226,0.1265556597983603,0
20657,0.1753893937313618,0.16461179662671643,1
20658,0.1816172377223635,0.17662613843297742,1
20663,0.1193418616617441,0.100517931715964,2
20664,0.6647868878044205,0.6761584512241355,2
20668,0.096704567465134,0.08859022120838872,1
20669,0.4674095046699686,0.5612230837135267,0
20674,0.3956393628279477,0.3289638800213673,0
20676,0.797043450612224,0.8059266837401711,0
20677,0.0756565447010719,0.054537855434191575,0
20682,0.1384042461904291,0.11902823757412602,0
20683,0.2650081024163371,0.2838760473962257,0
20685,0.7700815172388688,0.7995987558096851,1
20687,0.7404104979153548,0.7306159687854817,2
20689,0.0170832836633064,0.013019616605804824,1
20690,0.7212597975451681,0.719844345384811,2
20692,0.105012456655624,0.10456844763256763,2
20693,0.1334558699210306,0.10039912331706483,1
20698,0.1529419342379513,0.16467360244003473,1
20700,0.1103008426505443,0.1073230372566087,1
20701,0.0987828187763203,0.08049281661301538,1
20702,0.4716241324745424,0.4262884890484729,0
20704,0.1809049145612035,0.19578626711379052,1
20707,0.1766852581886919,0.1457746815709821,1
20708,0.1896574284799645,0.1947279186899327,1
20711,0.200780558450295,0.20194172835938493,2
20712,0.1707698191027657,0.1910697576167687,1
20715,0.1522470888091476,0.13529873452483848,0
20716,0.1172633405454162,0.07620744401042251,2
20718,0.1476884562050791,0.14137400438173103,1
20719,0.2862265962085151,0.26418729339684677,2
20720,0.0921568467100347,0.06519970944268408,1
20721,0.078198400683348,0.08591313979601883,1
20722,0.7985737969809896,0.8976840821900214,0
20724,0.1019829339478311,0.070700185449214,1
20726,0.1384762376516793,0.14568491802687178,0
20727,0.1747163125720028,0.24687747522438247,2
20728,0.4271165947113495,0.6611160484113916,2
20731,0.1534512388128391,0.18144332313944525,2
20734,0.6305654367636154,0.6525995554915536,1
20736,0.3330939832772954,0.3048955440532728,2
20739,0.5375971424497284,0.5528064587328473,0
20740,0.0803330744001249,0.06682710229386732,1
20741,0.0399802036908406,0.033584615053652095,2
20742,0.7033401972555712,0.6589666439287744,0
20745,0.0845504435976039,0.0932833204642998,2
20747,0.0773993049483389,0.05149238762035655,0
20751,0.2263314503819431,0.20033498773859332,2
20753,0.0392598947446543,0.024351862313290226,1
20754,0.1929646142477433,0.15688757258206576,2
20755,0.6087683205998433,0.44151262227652704,1
20757,0.8737920914974531,0.8551683129168588,0
20760,0.2261248108228742,0.25921568799858696,0
20761,0.0690111098140803,0.10131005362839199,1
20764,0.0979236307958045,0.08766947037121245,1
20765,0.1538734742176638,0.19763510102885004,2
20766,0.1653752816492102,0.21623305033440737,1
20769,0.7109797413988728,0.8157408290209893,0
20771,0.780255222353991,0.6549999931705616,2
20773,0.2553641344902841,0.2538298230821356,2
20774,0.0548562658868314,0.06616737309224457,2
20776,0.0652218275035863,0.04712073577278955,1
20777,0.7312315883129323,0.7800338192872263,2
20783,0.0525168275152829,0.03998194734928115,2
20784,0.036433073467257,0.04696679806629925,1
20785,0.0453842202790457,0.06249989322338262,0
20788,0.0280454206127825,0.029030429080901803,1
20791,0.0532223879831386,0.03875392117692978,2
20793,0.0702840858991,0.10301881428565593,1
20797,0.050972427484976,0.05126163459895178,2
20798,0.6961569744138716,0.7017996463843094,2
20799,0.1973852325467275,0.1788320767128659,1
20800,0.3303402933889821,0.2847710947233195,1
20803,0.7047234170737218,0.6972039553155218,2
20806,0.1467945825932148,0.1618994019804669,2
20807,0.0946837387591937,0.08852137251143034,0
20808,0.1482882926928694,0.1396121508662175,2
20811,0.7123008275756867,0.7518142503974405,2
20812,0.0446245493775281,0.031429462981147176,2
20814,0.3983434630474549,0.4812914511321309,2
20815,0.3147798654298193,0.1432700750816171,2
20817,0.2985128660200254,0.2809058147864266,0
20818,0.328761908160059,0.3023573387303927,1
20819,0.1425709711506499,0.12074855306078029,1
20820,0.0709639639500243,0.08057342674556768,0
20822,0.0829127031385681,0.09833952569452825,1
20824,0.1213497679280973,0.10755946566021257,1
20825,0.1565934743193884,0.19578575038271978,1
20828,0.0363850531718568,0.03410941398226922,1
20829,0.1697245770559422,0.13257409458101663,1
20833,0.050730639357051,0.07311393782804526,2
20836,0.0609005040143209,0.07108153265402115,2
20837,0.0624436045413967,0.06753194473150714,2
20839,0.5590206743755909,0.6436018283067526,1
20841,0.1802577559419317,0.18942039792821772,2
20842,0.1452011955780213,0.15646852752254303,2
20843,0.2971114074625854,0.35260409049427893,2
20846,0.0741398582657726,0.0688221842355885,0
20847,0.2969823355382118,0.3226050929066237,1
20849,0.1709739121801693,0.12808170034848096,2
20850,0.1099351998384306,0.0671706596714188,1
20851,0.1177907143841615,0.13096743764773439,2
20852,0.225752079954828,0.25666599184120836,0
20853,0.4255173302924432,0.33406825065508006,0
20854,0.1337007600915785,0.1010162645992555,2
20859,0.4180985902184704,0.4724449370031832,2
20861,0.2435273868168569,0.2713000423410936,0
20864,0.1264330828184581,0.164564029130552,0
20865,0.0701776576524797,0.05420930404306538,0
20867,0.5100187154446261,0.4068568967011542,0
20869,0.5180541228054261,0.6006637949555864,1
20870,0.1857698637167979,0.223838419396362,0
20872,0.2953963307613038,0.3237165273201556,1
20873,0.1037490723494311,0.08785699280496183,1
20874,0.0769966523268355,0.09017093974567017,1
20878,0.1349467586162898,0.115434518807015,2
20880,0.2097912504658649,0.26664552994001567,1
20881,0.3540293707888481,0.39040244980564676,1
20882,0.534388871709231,0.5525989722123843,1
20883,0.0280464399812573,0.025913997746194628,1
20884,0.5930704765121301,0.5870185946410917,0
20885,0.0631277045443078,0.0577296364796914,0
20886,0.6317185517520846,0.6397018382891984,1
20888,0.0470887007782397,0.033658256897243624,2
20890,0.3207591232397288,0.33698987158771837,0
20891,0.2361671076696654,0.33113036790149686,1
20892,0.0538763364835189,0.050215934767625474,2
20894,0.0879936886529164,0.08730802941163737,0
20895,0.2034938582129837,0.22424828243544498,1
20899,0.0672302818361978,0.05125177108018152,2
20900,0.2217659285689794,0.18163223678132312,0
20904,0.7247903900828784,0.793548917796697,2
20908,0.095159185676785,0.07565322100465757,2
20909,0.1081932087732343,0.09907825067730391,1
20912,0.2428905295847262,0.2699798766797654,1
20913,0.2126825990727037,0.24542741846653773,1
20916,0.0640009129630248,0.07698945173408285,1
20924,0.1639410115027955,0.1592092916760922,0
20929,0.2248479228020755,0.15652008252329502,2
20930,0.14411126764621,0.13666459314398594,0
20931,0.14187296218354,0.21231454388187615,1
20933,0.8427530932106034,0.8839936535820765,0
20934,0.1277026426317142,0.1374684886896298,1
20935,0.0446644753313932,0.0336824224130957,0
20936,0.14105159394673,0.10339544185880005,1
20938,0.1117861825154968,0.159616435318761,2
20939,0.0701830515312166,0.059641203565814024,0
20940,0.1536406353530137,0.11339587631427571,2
20941,0.1031570483745686,0.10432067895109272,1
20943,0.4049146404159322,0.4372074420703411,1
20944,0.5732999500364394,0.7668112548719247,0
20946,0.0904129570458471,0.06451573781266931,0
20949,0.1870995091256321,0.17961802292797496,2
20950,0.2602812280690165,0.22971685633701605,1
20951,0.04542294237354,0.04042551620205717,1
20953,0.2652396052801734,0.32478416026845525,0
20954,0.2498207136346242,0.2802334078816472,2
20956,0.7249058536421396,0.7586217835986305,2
20957,0.0575445466130587,0.037018417038740294,0
20959,0.1400502600875874,0.1390385549634865,2
20960,0.1413034047462946,0.14780570814054236,2
20961,0.0539907726410641,0.06874312774494025,2
20962,0.6429273618697805,0.725179056378864,0
20963,0.3296953280023054,0.3526451179089913,1
20966,0.042795148644868,0.03968207063997288,0
20969,0.1207482191750262,0.12606960385268226,0
20971,0.0963942008201637,0.08091354124835465,2
20973,0.2284695562248415,0.21666538233866284,0
20974,0.2682146772845696,0.3764042716851817,2
20975,0.1557276708813449,0.10646755497634945,0
20977,0.0888758787913962,0.06300830702007347,2
20978,0.6953042047696735,0.7650887146021847,2
20980,0.2891805054817412,0.30681681973843955,1
20984,0.7627853854849961,0.7587001806563856,0
20985,0.0347829938506199,0.031074718704480878,2
20986,0.0392869763005086,0.035286273182618476,0
20987,0.5992742152517796,0.6257984484493624,0
20988,0.1488475300565246,0.2245437124612238,1
20989,0.0999896367144128,0.11010617971132386,2
20997,0.807389140621801,0.8122706289149947,2
20998,0.1098026536099306,0.08871811068281851,2
20999,0.1317707265673479,0.16453360398177547,0
21001,0.2970535056785759,0.26430515944841915,1
21002,0.5433760149230102,0.6731899109671919,0
21004,0.569595873832208,0.5845898533055636,0
21006,0.0660580362616394,0.053579792003004244,0
21007,0.2092010553037533,0.2166437586566928,1
21013,0.8643757078046619,0.8897813578042898,2
21015,0.1512592871419087,0.14328088072235662,2
21016,0.3591001102081609,0.3804290455800998,0
21017,0.6718485839056139,0.7274718508047215,2
21018,0.4283210065714322,0.4315232381690271,0
21019,0.152197040033979,0.18561824088502046,1
21022,0.0964404669501016,0.0872380190154361,0
21023,0.100860940272304,0.09733342960942898,0
21024,0.1433104270189406,0.20540418316235207,0
21025,0.1417545621555891,0.17930346674292863,0
21026,0.0556469477197994,0.06606011607756028,2
21027,0.2514351005607869,0.28672853473104565,1
21030,0.1609825642515936,0.12214563821924802,1
21031,0.1539094208592498,0.19260746392187406,1
21035,0.1121142061166009,0.08807799828759541,0
21036,0.1401705436352382,0.1419491943576997,1
21037,0.2502333992794345,0.28414180376087295,2
21039,0.1475922963913419,0.1214554390275121,0
21041,0.1160756688812168,0.17607148890762567,2
21043,0.0964441469507141,0.052534626209464724,2
21044,0.201317723005538,0.21954427544738392,0
21047,0.4345590354269457,0.37257005153182277,0
21048,0.0601113678261518,0.09148560470557855,1
21050,0.7739926704692441,0.6632922825823828,0
21051,0.6073582506523082,0.6069333136584849,0
21052,0.1196402280069494,0.1021526448572057,0
21055,0.1162101673146847,0.11047566280878257,1
21056,0.1420890363565201,0.18360570412591146,2
21058,0.7394017957735,0.7343609121261272,0
21059,0.0905122637304519,0.115924315003354,2
21060,0.1713859148800063,0.15827558327994154,2
21063,0.4776793186880484,0.5227505107700974,2
21064,0.1318501753164574,0.17153852168324268,1
21065,0.4182756527508371,0.474518805052301,2
21069,0.0698763979082174,0.06824083362498272,2
21070,0.0739326651881803,0.09151740859873905,1
21071,0.1219568995800689,0.11975329047770136,2
21072,0.0191544390144824,0.01426199747176105,0
21073,0.1240755628736468,0.10587816183512795,0
21074,0.2561721974641282,0.2621766911393328,1
21075,0.1775917994425837,0.2294014003823561,1
21076,0.0745981175509209,0.0696020100639762,0
21077,0.5202722782056668,0.5931796444415992,1
21079,0.1923945504300376,0.1937738956483796,0
21081,0.0768024850168045,0.06288093225568678,0
21082,0.0319412542694302,0.06584494653842438,2
21084,0.06977180822121,0.07115975332785308,0
21085,0.093391528022681,0.0942773457274183,1
21086,0.0507310749523603,0.0347249322487051,0
21087,0.1888890694526817,0.22652901819517646,0
21088,0.153512626347083,0.0987737605298759,0
21094,0.0311009037429571,0.045229498404462554,0
21096,0.0475221523047421,0.10710485874583497,0
21097,0.1508981238719642,0.17482093417649258,1
21098,0.7385792359699843,0.7016050861227044,0
21100,0.2574298994148478,0.22936766691110932,0
21104,0.1563391671707485,0.1930787944582348,1
21105,0.1420080412180977,0.16055556326808512,2
21106,0.7588212361483011,0.7518032617496052,1
21108,0.7352766436497095,0.8023038441737672,2
21111,0.177905919734364,0.165213179509699,2
21112,0.2550493846440935,0.2033508048222688,0
21115,0.048095667455544,0.07066350245491715,2
21116,0.0619999890002344,0.09795133629423874,2
21125,0.1573578845331653,0.11334662730058935,0
21126,0.5409476359735398,0.6238963543638179,1
21127,0.249883365573042,0.25197119374903504,2
21129,0.0668046735377816,0.04426002850747085,1
21132,0.1032097721731108,0.08619124350804165,0
21133,0.026429405498123,0.022986687040594877,0
21137,0.040499420752016,0.03500880777914555,0
21141,0.1407523751838432,0.14622857278434226,2
21143,0.1174376201241152,0.10748096881172595,2
21144,0.1145733341097275,0.11677286936281385,0
21145,0.3264014964901894,0.37532868560823707,0
21147,0.2395399361704744,0.2310285655478498,2
21149,0.1512525702823968,0.11912526126701942,1
21151,0.1273417411113605,0.1482332962714359,0
21153,0.1276430216667771,0.18834523574207812,0
21154,0.0692967374040902,0.04708087448246502,2
21155,0.0493853257570087,0.0576376025483199,2
21159,0.0756588503909152,0.06010907724562575,1
21161,0.113623689029087,0.15210251520995216,2
21162,0.0967502851440652,0.10410932801358941,0
21163,0.1448677696841586,0.11206948967339347,0
21164,0.1240296801343033,0.10141220486240501,0
21165,0.2083497406726981,0.20408113442226436,1
21166,0.7206674362546346,0.7796727647945546,0
21173,0.0414453959019965,0.04448704323390175,2
21176,0.5353378819383333,0.5624359722203713,1
21177,0.1025333146669214,0.09585969404384684,1
21181,0.1443192101810946,0.13648909090856795,1
21182,0.631134105457612,0.6651746507203297,1
21183,0.1078739193857242,0.10587525560478522,1
21184,0.0891165927771787,0.06707301371246867,0
21186,0.197449025086925,0.21240224408006375,2
21187,0.0351086099700895,0.03991855073735305,1
21188,0.0504944379422168,0.05761339590522167,1
21189,0.1097196246775498,0.1120701745781755,2
21190,0.0596906950800926,0.07562847905373316,0
21191,0.0400053111976262,0.03065361473577387,0
21192,0.0190968808766983,0.018484000881749223,0
21194,0.1691495723371713,0.1753956472089279,1
21195,0.1086238923644092,0.13439478786774053,2
21196,0.2976015803537408,0.33220537801361216,1
21197,0.0943958272912489,0.09074990819154892,1
21198,0.1459451765879799,0.12645497033770756,0
21199,0.5451416339877738,0.6601093535886413,0
21200,0.1581913078543719,0.1441191871861191,2
21201,0.0604020746407145,0.07717197526862855,2
21202,0.7561644266457891,0.7030395301713025,0
21204,0.4363681359937044,0.4356013694517578,0
21206,0.1614403241282461,0.12646945888600708,0
21209,0.0736347966215898,0.09019334561790306,1
21210,0.1015041159255851,0.11207504925596115,1
21211,0.1448436710619727,0.10979133070164906,0
21213,0.8039909809367085,0.7238062008939463,2
21216,0.1258002608519424,0.13191117437078037,0
21218,0.6770221479186918,0.7839803991811476,2
21220,0.0971305967353894,0.0734721325379796,2
21221,0.8159822175604439,0.7703283203384274,0
21225,0.460195793006624,0.5488290344100537,2
21226,0.5978070730253799,0.5800713718447494,0
21228,0.184677757046233,0.1083004342731968,1
21229,0.1377289068260807,0.14279458586321875,1
21230,0.2132243427337171,0.16937543985771122,1
21232,0.1189076391557081,0.11873140445619322,1
21234,0.2766126429163468,0.26320915131637423,1
21235,0.0705480602606186,0.05130903312097254,0
21238,0.0845390397244883,0.08095359901886565,1
21241,0.6833000452387136,0.5337248711860886,2
21242,0.2559177188775816,0.257569502762756,1
21244,0.0874502840961637,0.15323284595803394,0
21249,0.1210426294676762,0.10317005165525438,2
21250,0.0929917294509264,0.10733551856654155,0
21256,0.2045485215480813,0.29827131468610313,0
21257,0.072836664023335,0.09103990457428757,0
21259,0.0260424723899839,0.025513597656099223,1
21262,0.1533493288708239,0.1794524136869779,2
21264,0.1199277517273441,0.08812262799640849,1
21267,0.7240907503169884,0.6992077779935001,2
21268,0.0889581636415786,0.07461391247722815,2
21269,0.134456973060886,0.13486457130058166,1
21270,0.1252566904350236,0.11980516840564011,1
21272,0.1546951147026581,0.11595320991174898,2
21274,0.8474380333736855,0.8555687933044013,1
21277,0.0911266675697475,0.09577086166809809,2
21280,0.2072809728919108,0.23022232783636243,1
21282,0.2330700086135513,0.2790312981399813,0
21285,0.3732067495794057,0.4880607983802728,0
21286,0.701844777589822,0.7216422361224842,2
21287,0.330396285957644,0.30011084753979245,0
21288,0.06483479189319,0.05429203688009718,0
21289,0.1392254365064825,0.16027212638981614,1
21293,0.5049560910088041,0.459456690365011,0
21295,0.0970715771068378,0.06968994136940374,0
21296,0.2054267243043387,0.19059222030674566,0
21299,0.1410844648834962,0.09539036214606135,2
21301,0.1498034059272976,0.2276382365822558,0
21302,0.7975525146654757,0.6668993807489866,2
21303,0.1603278755919697,0.211422870728944,2
21305,0.1252420269842066,0.08494967600369469,2
21308,0.1344342235854978,0.14059090681112704,1
21312,0.7157236699243742,0.7488642523388171,0
21315,0.306771112010482,0.3644494079070836,2
21317,0.0774469890694947,0.11480638403275692,2
21321,0.0707492034530606,0.06857983039736985,0
21322,0.8823740256228962,0.823471446064513,2
21324,0.2142375621246123,0.20552644780567553,0
21327,0.2184331994903465,0.2077926252558968,1
21334,0.0423833544480873,0.04618184506142852,2
21335,0.208406971520844,0.18933628916868295,2
21336,0.2176717763427191,0.16750257055244622,1
21337,0.1114844726465705,0.08477021373463295,1
21339,0.1458200983203118,0.10808185134672649,2
21341,0.1743693035020349,0.20879557464609633,1
21342,0.067853698946116,0.045389373368121474,2
21343,0.8134895635785704,0.8207518152713534,1
21344,0.4463661659425713,0.4221779317314486,1
21345,0.0619742677643408,0.03985310655113353,2
21346,0.0310548998681809,0.03694415305718992,2
21347,0.0548627250222721,0.07146482959339942,2
21348,0.3276107235481311,0.2998350462021546,0
21350,0.0288020730043636,0.02416787876138843,2
21351,0.0588549348098574,0.05538776177323197,2
21353,0.0434395555552966,0.0286742498543811,2
21357,0.0993623298087448,0.0834458802134229,0
21358,0.2310433410212014,0.2889023054810911,0
21359,0.2272303378675166,0.24789978196629636,0
21361,0.3913042122569769,0.3220169708001134,0
21363,0.6509462497578271,0.6757958635191287,0
21366,0.4131129064742829,0.29190786702001553,0
21367,0.098000375564705,0.07816453765912318,0
21370,0.245208951510041,0.2580547121104482,0
21374,0.0523520880462253,0.04406054503096515,2
21375,0.4809489059674838,0.4153497500130407,0
21378,0.1408372191698512,0.21428297426807924,1
21379,0.2523457643983562,0.18344952447679796,1
21382,0.0527663443814081,0.07024636600883967,2
21384,0.0684021010311726,0.06327656348617695,1
21386,0.1613447369498366,0.19250186712552736,0
21388,0.3514572863096358,0.3582481320115443,2
21392,0.1135639424399946,0.13203602962351368,1
21393,0.6889148888446815,0.6154538900178539,2
21394,0.4057609661943764,0.3953397052962093,1
21395,0.138378582702543,0.2199239447279971,1
21397,0.0920603626502358,0.10230810694020373,1
21398,0.1192465484156192,0.17525531935530503,1
21399,0.1101123300208628,0.15493404631911267,2
21402,0.7647203462597595,0.7988664143577774,2
21403,0.1615925076044999,0.16244539283776277,1
21405,0.1627083782737934,0.15071198322011672,0
21406,0.1754917284625717,0.16342447434592366,1
21407,0.0803958050118524,0.0527591226378223,2
21408,0.1682721460151547,0.14044502028125458,0
21409,0.0861483176186058,0.0759712355175324,2
21412,0.1312548066868581,0.1441341218614708,0
21414,0.053673009857339,0.03721553542838314,2
21418,0.1021890260760708,0.09006434928157178,1
21419,0.6369901636594775,0.5448020664686519,1
21420,0.0906697477441028,0.06390531008217096,1
21423,0.0322316576944271,0.02798658961877565,1
21424,0.0837873787256532,0.06742330955421034,2
21425,0.1338281734699047,0.1321763653261168,2
21426,0.171733226889614,0.15373378314501898,1
21429,0.1960172313276012,0.18869877255433662,2
21430,0.129750483085205,0.12281946753094165,1
21431,0.1438219439468477,0.1463263283169438,0
21433,0.0910547394427986,0.06872535355242369,1
21434,0.0371490603710873,0.036649812872512046,0
21437,0.1539539519821465,0.16169120489539843,0
21438,0.1998470566638683,0.12962417541970053,0
21439,0.084835979186425,0.059521162556357296,0
21440,0.2512633557532212,0.26733950684775465,0
21441,0.1000081165430569,0.08385570917520087,1
21445,0.0904581667117091,0.07498840144377542,1
21447,0.3294844346029323,0.3198937718321545,2
21448,0.4966106477744321,0.4661142951598863,1
21450,0.774403082717822,0.7925315563911435,2
21452,0.125356377338587,0.128378177941049,2
21455,0.1015808239815949,0.09486870416378604,1
21458,0.1083600423738866,0.13329555655556868,0
21459,0.6096418763115979,0.7593286010911999,2
21460,0.0769767427130492,0.07497662023837265,1
21462,0.0832461181504237,0.05976823276096352,0
21464,0.6006140988854267,0.6265936863256393,1
21465,0.3668078289840174,0.3719470544775077,0
21467,0.3025286780505282,0.30900644830131835,2
21468,0.0843195627893355,0.05713601233568438,1
21471,0.4253212006245787,0.39982436644712016,1
21474,0.1968006647013388,0.18922803448598619,2
21478,0.148693855914396,0.15306911838985554,2
21480,0.0719199974851599,0.08293782005655953,0
21482,0.0644565201911698,0.0808238204618211,1
21483,0.0444753652397907,0.042631462899776276,2
21488,0.1490565871726712,0.15092943052310762,0
21489,0.0924409791512629,0.09443611270090091,0
21490,0.1796581846272341,0.20979891128986533,0
21491,0.1015028104467528,0.08947763067068573,2
21492,0.0187441069982149,0.0298833660918777,2
21495,0.1237161777502877,0.09589351549746095,0
21496,0.1584408082115511,0.12798399353805,2
21502,0.3254887986251684,0.28035161314412615,2
21505,0.1140252260546011,0.16272517140073556,0
21507,0.0529940764580483,0.05429053702978095,1
21508,0.6317987012156049,0.4516221542587437,0
21509,0.6552353658593965,0.7209112852212842,0
21515,0.1955994053071507,0.2057696554369727,0
21516,0.2319842347049563,0.19915666263414014,0
21517,0.7814218969519087,0.6900147580990945,1
21521,0.0704627548983157,0.048970171927983995,2
21523,0.2821076771405558,0.25057073482683695,1
21525,0.3001546726981003,0.28970334072741527,1
21526,0.3673578296263958,0.4029434299491809,0
21528,0.062644739525033,0.06162408571908817,0
21529,0.120381108384133,0.10693385648948767,1
21530,0.1552154733910088,0.15885080182030809,0
21531,0.6958940231506505,0.685238337088657,2
21532,0.1194816365960478,0.09054629632680122,2
21534,0.6988718524426417,0.6860951580991773,2
21535,0.2434031715266824,0.15885043192418194,2
21537,0.3765650186576336,0.42607301509154494,0
21542,0.1330821959219456,0.1087943614624692,2
21545,0.133354307161652,0.10518469442252043,2
21547,0.1427442083549858,0.1000153167724666,1
21549,0.8430625512718704,0.8280131722180681,1
21550,0.2182277146735337,0.15556839438005757,2
21554,0.1346030227913792,0.15172379271966702,0
21555,0.0848131672478471,0.07260296949981138,0
21556,0.3740184072090719,0.4691029138281566,0
21557,0.5393930055599229,0.6043092105905316,1
21558,0.1351962883525257,0.1145617330396862,1
21559,0.1452840571001098,0.1851446477132691,1
21562,0.6588824888516597,0.6063072238249964,1
21563,0.144222327587606,0.12328201335503708,1
21564,0.7176657627234933,0.6532244352996683,1
21568,0.1308009751990185,0.167542519093764,1
21569,0.5859599842772133,0.6948291530850955,2
21571,0.0744620632689273,0.07504418894234655,0
21572,0.0810748020399801,0.07518228853716846,0
21574,0.6633464758580512,0.7716078690191219,0
21575,0.1032860322571059,0.09002027933582246,1
21576,0.0916177383948579,0.08568878147766677,2
21577,0.0896104486034134,0.1009490600421319,0
21579,0.2011591459648508,0.18854789487967255,0
21581,0.2909774300821416,0.30918411507168864,0
21583,0.8342980184707885,0.8714047221813125,1
21584,0.1539179041973983,0.1504844549785267,0
21585,0.2278360838676363,0.1683812946876207,1
21588,0.1586379923449246,0.17664632032288197,0
21589,0.1300753205723795,0.15515724702388603,0
21591,0.1463636617438099,0.11464166649573426,1
21592,0.158263439039898,0.12911112426653132,2
21593,0.4161984112592021,0.4256840704343958,1
21594,0.0534385101420245,0.04080589925633052,0
21595,0.1207777911651363,0.11403027232784119,1
21596,0.143136340622115,0.1315393193901357,2
21600,0.4734808968506743,0.47040295407233645,1
21602,0.6422435558253108,0.7151712355084767,2
21603,0.1773497581016483,0.11545840233917799,0
21605,0.0709123093457867,0.07696629807552818,2
21606,0.1357669416678501,0.09453100323266622,0
21607,0.1273464077030425,0.10248345552668955,1
21608,0.0780608633485352,0.08167758996519917,0
21609,0.1846659807034484,0.1883925793283212,0
21610,0.0848499373391043,0.07081151843388582,2
21611,0.1117121231471099,0.09744676596672937,1
21613,0.429667060390367,0.42451748955210356,1
21614,0.1952833073148334,0.2585025547538006,1
21615,0.126370529708472,0.13547796353521305,2
21616,0.140366775797677,0.11694156841531717,0
21617,0.1034758459188417,0.14083339881452925,1
21619,0.2873015891818066,0.24572911821679078,2
21620,0.1454995924753159,0.13813311989988122,0
21621,0.0746960338433831,0.08963676485775789,0
21624,0.1833636088332356,0.16574347192265768,0
21625,0.4825552450152431,0.4696239245073257,2
21626,0.1014505493839185,0.10912147179567142,0
21627,0.063063615092498,0.049780071545892125,0
21628,0.0991958756798617,0.07323983116354296,1
21630,0.0723842971165285,0.058200138803896295,1
21632,0.0606228521456568,0.0675144057560641,1
21635,0.6898760453747994,0.7066876598547844,0
21636,0.495571333477818,0.5005688708466509,0
21637,0.728113854320433,0.7469600832567768,1
21638,0.4284009825100375,0.415357335473146,0
21639,0.1616030698137871,0.20988270752779292,1
21640,0.771075565604419,0.7947270958949575,1
21642,0.7393308768268299,0.7497641402640358,0
21647,0.5828193804117014,0.6331108792180906,2
21648,0.7791749769210224,0.7343536504320023,0
21650,0.1266298246416458,0.15468294996459228,1
21651,0.1383521862824842,0.08276656563001092,0
21652,0.6557058207555966,0.6766199978842808,2
21653,0.1274371169701531,0.17016041215712568,1
21654,0.049418846152296,0.07165834524015327,2
21655,0.0257115195732217,0.0206111851853157,0
21656,0.2067391362847062,0.22570119057283003,0
21658,0.080907736683739,0.07503719129651776,2
21661,0.1438420087591825,0.17234644878112754,2
21662,0.1308705189752893,0.1367004832419002,2
21663,0.1536559380294589,0.2214397037112605,0
21668,0.7823734830620541,0.8872239843449228,0
21670,0.0183110591764449,0.02757690044791185,0
21671,0.1114154453737232,0.09288770914579815,1
21672,0.1531126008381693,0.1752893512945558,2
21673,0.6721775315554409,0.6389748091185026,0
21675,0.1173931439066194,0.10708323284437854,0
21676,0.2152097423459912,0.24827978324076583,0
21677,0.2140829449307003,0.23346959212372845,0
21678,0.1312686415270856,0.13598397356935946,2
21680,0.1368726177788765,0.11642849322309272,0
21681,0.1010104226409254,0.08612709208707045,0
21682,0.1218935266226339,0.0784156484958033,0
21683,0.0575427463993653,0.05599199446540205,2
21688,0.1953987981514554,0.19435800858226088,1
21689,0.1450885957464175,0.16809225711818476,1
21690,0.0861183091655416,0.08842413450103055,2
21691,0.1858735475395952,0.2456310085077823,2
21692,0.1019764251559423,0.09822112119584038,2
21693,0.0776506095564822,0.08043528308706868,2
21698,0.0876072537131181,0.07598715789211592,0
21701,0.0437829628940005,0.02862579636597875,0
21702,0.7909074316673395,0.8089476090067083,0
21707,0.1231852856885018,0.10749022285531734,0
21708,0.6703075007915604,0.6203076184857407,1
21711,0.1476131035551605,0.19217671559848926,1
21713,0.0692592236870112,0.06082489053407908,1
21717,0.3223222664172583,0.3515358336082077,2
21719,0.1682362801449799,0.1849723337894535,1
21720,0.1215686344623937,0.13873647845118442,1
21721,0.130330889505106,0.12698739973619344,0
21722,0.1431829005435465,0.16407816863672714,2
21724,0.3380761798283794,0.39969312301771454,1
21726,0.0652901456270837,0.04715196653099147,0
21727,0.6262881098127852,0.5885683122602386,2
21729,0.0592161525921199,0.05339877720247338,2
21731,0.0701158060993062,0.08209414432391642,0
21733,0.0779233162119169,0.08066263816790897,2
21734,0.0681088677709922,0.05940039942326838,1
21736,0.2457286564366693,0.21293279699003875,2
21737,0.1956372454794699,0.1453037377701928,0
21740,0.6252182130942663,0.6275096146839901,1
21744,0.1636161195254716,0.1466589419159583,2
21745,0.2091474481374419,0.2354366222633457,2
21746,0.1222983376274626,0.11497197946697749,1
21747,0.2423392715358563,0.25492618917228743,2
21749,0.1784882872792885,0.19218832973605776,1
21751,0.0920564920899581,0.11387639630119589,2
21754,0.1095305878041763,0.1262192278985972,1
21755,0.072733926744111,0.08359506110827294,0
21756,0.5533265497133327,0.5700970968896427,1
21760,0.1067513266736411,0.13356336029467594,2
21761,0.1947557958057142,0.1703188361717407,2
21762,0.1856672085910296,0.23203285484536923,1
21763,0.1760544320368959,0.24674720427920638,2
21766,0.2158755473321154,0.24476428227824082,2
21768,0.0930970645521258,0.08869074134235624,1
21769,0.2420677748534312,0.25440196754780564,2
21770,0.0787510762541628,0.09523110585593822,0
21771,0.0644173772472123,0.060787454008496944,0
21772,0.6533838747000604,0.5874839606739629,1
21775,0.5254600867142332,0.5646366232824201,0
21776,0.1386744488865437,0.17445319362359762,0
21781,0.1430827378609604,0.1243042649888618,2
21790,0.7389343411299956,0.7480192013025104,1
21792,0.1718678741154532,0.19681849688719738,0
21794,0.1705196849168931,0.18348184651427663,0
21796,0.1273923181953795,0.09919715361101604,1
21797,0.1257110639282158,0.1400083421162565,2
21798,0.1366800561269173,0.14409386722468373,1
21801,0.7666264706687481,0.6761382549117543,2
21802,0.1090344827898542,0.07477198988321075,2
21805,0.0867056904373334,0.07529401714162942,1
21806,0.0608776359319997,0.050898174137432625,1
21809,0.1140018107188008,0.11583399139754146,2
21812,0.7592939427817481,0.7398790567191813,0
21813,0.1811513863800689,0.23167847264233055,0
21814,0.1088437245411093,0.10348875759249741,2
21816,0.6110351948684271,0.6789107052815102,2
21818,0.0551215394954807,0.04698505486925107,0
21819,0.1103253979193268,0.11366900180745751,1
21820,0.1247160511796228,0.17351194960283473,2
21821,0.1390096768214355,0.11986287737166584,0
21823,0.4679873182460536,0.5595262184615835,0
21825,0.0416304120651554,0.03167857986171777,2
21826,0.168361046428854,0.17095816599843344,0
21827,0.0395620098492518,0.03412110799197955,2
21828,0.0916888990301771,0.13388789846049018,0
21830,0.0903928721437367,0.10209534875667504,0
21831,0.2712705206896959,0.3267355868704027,0
21832,0.2478301076676662,0.3448061792570471,0
21834,0.7409367553041603,0.7628433451130138,1
21839,0.1080705055055703,0.10250082285414902,1
21841,0.5876309381244915,0.6035524882837808,1
21842,0.0716834834914403,0.06192704369510048,2
21843,0.0910426747699306,0.08010375229962523,1
21846,0.0653512694767975,0.04478783576068795,0
21847,0.0671568525812072,0.050292029673011995,0
21851,0.0806100454603436,0.07548171400762041,1
21853,0.2952778035846449,0.3347106046714896,0
21854,0.1771125055051191,0.2806207341684432,2
21859,0.062395986402888,0.06796844701653865,0
21863,0.087632434950777,0.09446008753395493,0
21864,0.0637928132394132,0.06156206864884268,1
21865,0.161527777672243,0.18944065989922199,0
21868,0.138085812361341,0.15068064469365383,0
21869,0.3725226901212316,0.4037479594362282,2
21870,0.1810146680769257,0.18551708115731327,0
21874,0.2980539738833611,0.3285748595333558,1
21876,0.0499602372795141,0.036928686267928196,1
21880,0.1321727489796686,0.18755197778850294,1
21882,0.2985527052723158,0.2902146017461283,0
21883,0.088294874551397,0.12313358903495032,0
21884,0.0848222131571156,0.11048716364030438,1
21887,0.0572398747682861,0.05524276781286297,2
21888,0.0492883701478849,0.03666218332040665,1
21891,0.0655576351139799,0.08680462572565795,1
21892,0.6367664190973036,0.6269765403211398,1
21893,0.0878545497788721,0.0750481116259108,1
21894,0.0961672137350556,0.07894121395670783,2
21895,0.1768537408268965,0.2885042724677857,2
21896,0.0947902742293989,0.11132446263276573,2
21897,0.2294879967057454,0.23866689657064316,0
21899,0.0828818536673475,0.0965743942727561,1
21900,0.277397470091583,0.3477220349922523,2
21901,0.6551697285098258,0.5920914021091168,1
21902,0.057616189880502,0.04892951519799913,2
21905,0.116194235229804,0.0840339248424228,1
21907,0.2311308806548753,0.18586215037204276,1
21908,0.0595921258246481,0.04849192984306185,0
21910,0.146329772790178,0.15047044951457855,2
21912,0.1331606328875136,0.13718991775970854,1
21913,0.1111878872328925,0.08187140599945267,0
21915,0.0837966521970412,0.08235871966729714,2
21917,0.615463383330924,0.5753389952971533,2
21918,0.1742566755285768,0.17583690983312844,0
21922,0.0883172203113267,0.07658401262905591,2
21924,0.1107465806510422,0.08748034567488693,1
21925,0.1615202033691959,0.12197250158321667,0
21928,0.0712326114081692,0.04045511133951675,0
21929,0.0809855851958631,0.0854527293091494,2
21930,0.0795810418144426,0.08223777267124846,2
21931,0.2292680329195945,0.2759941376298344,0
21932,0.0619561791134168,0.045040288328074454,2
21934,0.1062301748546021,0.11382496067858852,2
21935,0.2998684967881508,0.2478686412009648,2
21939,0.161030663296357,0.15478549368126454,0
21940,0.107979947679846,0.10757496221532141,0
21943,0.0666822073837465,0.0681388861720637,1
21944,0.0420719084309339,0.04201156589552628,2
21946,0.0771490487708485,0.07435997697475365,2
21947,0.0963449569182557,0.08998449037084978,0
21948,0.283246960171182,0.35594686873706055,2
21949,0.1812747761086057,0.14543972703063168,1
21952,0.0917676177001994,0.1139072594789502,0
21954,0.0624123116265497,0.0593822508552069,0
21955,0.2781597552863632,0.22271080654729336,0
21956,0.1186963248812251,0.11721993724201324,2
21957,0.0896159785792816,0.11263370843260406,2
21958,0.1855943304429539,0.24651164628942013,2
21959,0.1321948225584792,0.12428872037893385,0
21960,0.0572057822631783,0.0493180578021207,1
21963,0.0510210728343963,0.0393374519296349,1
21964,0.0893149424431117,0.1041302838129748,2
21966,0.2229537732078998,0.35180131988385943,2
21967,0.0751156849249273,0.06300215561159955,1
21968,0.1001749229043095,0.08954957106717405,2
21970,0.0496760445296121,0.026532441803905175,1
21971,0.0682495173099629,0.06263665141258501,2
21972,0.3112677395001779,0.36307676821701584,2
21974,0.0950269109816975,0.08070805116567797,2
21975,0.703513225742609,0.7909891898530107,0
21976,0.1011299931627729,0.08604699933716109,1
21979,0.0719260687121106,0.06367644382790932,2
21980,0.1402124013687112,0.12537029589050205,1
21983,0.081709499349327,0.07828014789081254,1
21984,0.1135451867239056,0.10975826678756528,0
21985,0.1553760392258921,0.18164767864017178,1
21987,0.0633587775067361,0.028047420486610575,0
21989,0.0819740270959158,0.0668416935361098,0
21991,0.1536164221020453,0.12501342727749148,0
21994,0.0438936720970042,0.03700637131508097,0
21997,0.199819314690021,0.22104347656131154,0
21998,0.1064628574190701,0.119589534211395,0
21999,0.0657845086328241,0.057522871700467076,0
22005,0.0496303809916917,0.06703102020057042,0
22007,0.1139436834430389,0.11565984281813892,0
22008,0.1021496688634493,0.08754064692215044,2
22012,0.6884558728696246,0.6838495770903233,2
22014,0.1008670638607464,0.10366719883562076,2
22017,0.1778009490418831,0.22321929010344455,0
22019,0.165307024143047,0.14002627057714095,1
22020,0.1073262133242841,0.10190482787656736,2
22023,0.219850883390102,0.19446186665486717,2
22025,0.1526249637163707,0.17834445892880985,0
22026,0.1251075172101086,0.15116577370511303,0
22028,0.0651709297490259,0.06248777711575447,1
22033,0.0638759813462713,0.042105856501576444,0
22034,0.0344618266192576,0.026549396271201772,1
22035,0.0565643498524691,0.03992597503550867,1
22039,0.1355118579239429,0.1427686787705491,1
22043,0.3217600502584816,0.28809397720810187,1
22044,0.0511463892839,0.042938577384457076,2
22045,0.073833923170331,0.054693937229093104,0
22047,0.0446624278463235,0.03141697057451018,0
22048,0.2914599001976735,0.36023625757114475,0
22049,0.0661253801091556,0.05754933174133903,2
22050,0.0978345104972693,0.10401024255255176,1
22051,0.1457150098995614,0.15962333396158176,2
22052,0.1626618146194289,0.14429639017575668,1
22054,0.1855152487558549,0.23492908527270973,2
22057,0.2834865220946289,0.2744334876384006,2
22058,0.0463866209852214,0.045702813289311056,1
22061,0.785196402824537,0.8348880677936444,0
22062,0.0886490401422782,0.06337516724148545,1
22063,0.1755021433784505,0.15028264045836176,0
22064,0.1727811506877228,0.2155971536922602,1
22066,0.1253866489336579,0.10529347340128775,1
22067,0.1146351062447109,0.10610803846038686,0
22068,0.1647162745006206,0.14340845051271145,1
22069,0.0492546454892748,0.06130647095832607,0
22071,0.1203140523698187,0.10732259969011243,2
22073,0.0963117668012041,0.09154931079197053,0
22076,0.1968657004192404,0.19887016110942857,1
22077,0.1033340727593442,0.07864890013631046,1
22082,0.2465608957010596,0.2172417443575349,0
22089,0.1486978492300281,0.175123678041524,2
22090,0.2000539337299206,0.2171064082827578,2
22091,0.2312650573720697,0.24975764614234908,2
22092,0.0561565096080965,0.05836203081868227,1
22094,0.3154945044745111,0.3099116241255402,2
22095,0.7609328261932403,0.6829584104933519,1
22096,0.1687296083453966,0.1507583449598328,0
22098,0.1682999810361906,0.1943928974077302,1
22100,0.0769078727875454,0.0711333348810752,0
22101,0.1079099884959211,0.07777062520461307,0
22103,0.0947640189113384,0.07309428669765378,1
22105,0.110237728658969,0.12498026181511142,0
22106,0.104968508180327,0.12826917340127333,0
22108,0.7791087429167258,0.7375384437180124,1
22109,0.0327447181606692,0.0438853404475546,2
22110,0.1591680072284364,0.1403543158252661,0
22111,0.0630589219856908,0.061774231431913726,1
22112,0.6249597002067983,0.8366239839656351,2
22116,0.1118767096632134,0.12120601485026233,1
22117,0.0434873673554473,0.1338088614051808,0
22119,0.1241715739673364,0.10498443623472671,1
22121,0.1397520296624456,0.14062106356100842,2
22122,0.1450107969056342,0.1551946876178402,1
22123,0.1237978990040768,0.12101015879422396,1
22125,0.8441775415706549,0.8419292686969894,1
22126,0.0591593389273521,0.08236904295368103,2
22127,0.0389682836706729,0.03368929703440615,2
22128,0.0362652625347527,0.032652007895688555,1
22129,0.0906529913831535,0.10431877095012977,2
22131,0.3005545302278666,0.34571994542541984,1
22132,0.1910351881748836,0.2115119599584649,2
22133,0.2545889679930335,0.20053360397421485,1
22137,0.0837309445976223,0.07293608866941786,1
22138,0.3123150772159115,0.29496381404167865,0
22139,0.140971378158116,0.14915275008408796,2
22140,0.0955448522821799,0.13154273477674155,1
22141,0.0569770178705527,0.037072864132834525,2
22142,0.081389238362168,0.06352028206379805,0
22143,0.4851880427967322,0.5293295374741543,0
22145,0.0706590094581369,0.08921518852354518,2
22146,0.0850630849649029,0.05323010119021177,2
22147,0.0929950282729482,0.09454295848511833,1
22148,0.2014045589158533,0.20022487513254383,2
22149,0.1169523943466977,0.1163242125893084,1
22150,0.1269608836270746,0.2494470257221106,2
22151,0.1991762656266905,0.13818719313214156,2
22152,0.1758849230177105,0.16807805861393277,2
22153,0.5342801528687887,0.562533234175976,0
22154,0.0815719793455957,0.06627930512624526,2
22156,0.0902562740259822,0.12216548433759315,0
22159,0.1096455733453893,0.11309925600112358,1
22160,0.1263321102736561,0.11731313168362552,2
22161,0.0486798500553833,0.04337235826737192,2
22163,0.3159224149349307,0.32426762362743144,0
22167,0.2714471564750454,0.3183913730857637,2
22170,0.2487099067837155,0.2838124039176855,0
22172,0.0637210278363242,0.04063354495982843,0
22173,0.0996061430523753,0.10409126574715483,2
22175,0.1052545767788363,0.0783450690571899,0
22176,0.0737044061738714,0.083589990129532,0
22179,0.1030383457210376,0.08484740773229342,0
22181,0.0900357990723573,0.08374936395639627,1
22182,0.0776686539976624,0.09576535148673627,2
22183,0.2013859773795238,0.249126502906485,0
22184,0.08752093149506,0.0790721819622661,0
22186,0.0204556871602295,0.023017069449667225,2
22190,0.1556663527426261,0.18220546783556718,0
22193,0.120192872299192,0.17675024778303672,0
22194,0.131888248571367,0.15535871224817116,0
22196,0.1186511930455231,0.1296438385978809,0
22198,0.0943679794607635,0.13694762204107477,2
22199,0.1117121156869675,0.12964654196876496,1
22200,0.0664872033790694,0.08507357155958516,0
22201,0.1257983405638873,0.09988466635483563,1
22203,0.4278184466688722,0.42089996919152545,2
22204,0.1493679385161349,0.12807135919184345,1
22207,0.1133861106457743,0.10603906031539712,2
22208,0.1628868338102974,0.12258251158131489,2
22209,0.186242585811981,0.1522340060763104,0
22211,0.099683860612718,0.0782026669656578,1
22212,0.1452333459048487,0.1414169933400957,0
22213,0.231076332278938,0.22510726094438907,0
22214,0.1320457216444777,0.1406586173812485,2
22216,0.1148909428216299,0.12161991946284535,2
22217,0.1416633590224778,0.1294717323320092,1
22218,0.1708389078684693,0.1995607399073454,1
22219,0.0602456882025853,0.05444788357109985,1
22221,0.0526458219565775,0.040063760833706545,0
22223,0.0239866595917438,0.019446862977370298,1
22226,0.0930044649747193,0.06277630422004248,2
22227,0.1084079714086162,0.10684558075418396,1
22233,0.0648033009506895,0.06012217870358213,0
22235,0.0470247109080368,0.0561251549344529,0
22238,0.067121517870735,0.057944276525371576,1
22240,0.0341490491949856,0.03452675147141835,0
22241,0.2155242469300115,0.16831734749809757,2
22244,0.0877555114019753,0.10272246217755715,2
22245,0.132893367234694,0.15637639221985866,1
22248,0.2484421223991445,0.19695609194709426,1
22252,0.2269737249446617,0.22427566290589296,1
22253,0.0230492292119955,0.019110343758727524,1
22255,0.0567362795519308,0.06579565265048368,2
22259,0.1838473623740582,0.1621723692747565,2
22265,0.0462130477913162,0.037433626524097326,2
22266,0.021455376914329,0.015815012839174573,0
22268,0.0686444032139379,0.060737374466103174,1
22271,0.0760529608307811,0.05601145221162343,1
22272,0.0556975104959249,0.058787581858680535,2
22273,0.0538765839322051,0.04201698151788732,2
22274,0.0648713432040195,0.058284496042908446,0
22278,0.1273313183114398,0.1179119056017622,1
22284,0.1740236560953779,0.14491843694312193,0
22290,0.2672162063757832,0.2367801730898936,1
22291,0.7981791279456343,0.8050439880596296,1
22293,0.0939728394732198,0.11118633032644776,1
22295,0.0611137038799358,0.06690568833974082,2
22296,0.1177346991481349,0.11441873905360607,1
22297,0.05368372601982,0.03977575254194645,0
22299,0.0518568788807395,0.04198227148362947,0
22300,0.1322751204721392,0.200817500851313,2
22301,0.1043028663369223,0.12411083736265348,2
22302,0.055268188847232,0.03793822843228325,0
22304,0.1314282799696396,0.15699510908186146,1
22305,0.1318152235530389,0.14175923832578902,0
22308,0.1679603732482499,0.17643709804885788,2
22309,0.154274248162439,0.1651038986321975,1
22310,0.09220367417388,0.12365917467313184,0
22313,0.0837353659194299,0.07586749539275475,2
22314,0.0865984421005721,0.10802277719075573,1
22316,0.3289769526142502,0.3181829030652259,1
22317,0.2283180126932529,0.21909512034708714,1
22318,0.1587828219085326,0.16581709989498228,2
22319,0.2950391646440828,0.34664336110159594,1
22320,0.0978215322047976,0.12519992648722333,0
22322,0.1112461610142929,0.13138605867622818,1
22323,0.1432246259984044,0.14842975303596856,0
22324,0.0581148785943022,0.04420866745289485,2
22325,0.089032171612714,0.06910297259843681,1
22327,0.0986070901780781,0.06779559381883021,0
22328,0.2776267900497824,0.32681045534012343,1
22329,0.0838770127574059,0.05917383281979685,0
22330,0.096267119370194,0.07594549034336495,1
22333,0.055542297399852,0.07133699954043442,2
22335,0.0625397027002546,0.06640377096399551,1
22336,0.3773037579923761,0.3655135080031636,2
22337,0.0762678483823239,0.06532405195358558,0
22339,0.0906241308961934,0.08426895692238907,1
22342,0.1034322285668733,0.13121182938616863,1
22343,0.033528929491949,0.035947737747041575,1
22344,0.0692566552604058,0.0528451087734674,0
22345,0.0688860395061743,0.08712475515944168,2
22347,0.0526388164323543,0.045774259071096425,1
22348,0.0634247307054714,0.07354865755699277,1
22350,0.0404328763129638,0.03858852146754065,2
22352,0.0619559590572177,0.05137164506832448,2
22354,0.0940268354623009,0.07514596493754924,0
22356,0.2156292483570409,0.22553208984944126,1
22357,0.0484091545089135,0.034398589577203,2
22362,0.1194874696163942,0.1161966667218749,1
22363,0.1678365464297187,0.17926897245051765,0
22364,0.1766909627397466,0.18257496366324766,0
22366,0.3082350976724319,0.3418970294643274,1
22367,0.1593529635817643,0.12321568201576898,1
22368,0.1365489151467679,0.095949862565715,2
22370,0.0282876478907689,0.019656010664779178,0
22372,0.2039594632322518,0.22518883192203593,0
22373,0.0657357486381134,0.0471879925489367,1
22374,0.0800211943558726,0.06257205516667097,2
22376,0.1888598239378762,0.17859254686958392,0
22381,0.0425575431481478,0.0298946909209326,0
22382,0.1308424841341816,0.0889226659465867,2
22384,0.091975275135163,0.10569408181767559,2
22385,0.0902396930733499,0.08674275424643302,0
22386,0.1047396433223886,0.10584386601813495,1
22387,0.7940064680707045,0.7747210113952454,2
22389,0.0583944600849449,0.06395374416729314,2
22391,0.047272878379858,0.048821211996269806,0
22392,0.6140152713924922,0.6242909375436719,1
22393,0.0449068198509562,0.07438275696214253,1
22394,0.1210822206125735,0.10047712731606558,0
22395,0.0554765521438252,0.03733043658561188,2
22396,0.0506727946935717,0.039017636478215295,0
22397,0.0533129064480401,0.06093205650241873,2
22400,0.0890535184440809,0.09075900199664313,0
22405,0.1121049752127865,0.10098129908725485,2
22407,0.0480205324074397,0.04223164505889396,1
22408,0.0387208590789305,0.03913495060484895,2
22410,0.3010190059055013,0.3450369685794402,0
22415,0.6248531147617574,0.6041863754891135,1
22416,0.7468745945411639,0.7861115253854705,2
22418,0.174183890301379,0.15983975454585891,0
22420,0.0819680959213972,0.05927001809606028,0
22422,0.5476784865451749,0.5166458435418477,2
22423,0.0963719272071464,0.07909226793098115,2
22424,0.09585263798086,0.1067724811633436,1
22426,0.173857940257587,0.16382889821758356,0
22429,0.0728961794101684,0.05304563717714135,1
22431,0.2623021722808614,0.2734843392580282,0
22433,0.2645885571145092,0.31193141453129786,2
22434,0.5066272097730002,0.37328068566385564,1
22435,0.1009623210271367,0.060117472113147295,0
22436,0.0775925049621383,0.1378606186466968,2
22438,0.0414853714881806,0.014859387874584174,0
22439,0.713799740054102,0.617225904150905,0
22440,0.0675228158781334,0.0463210882622947,2
22442,0.0782548537429193,0.09975656434563338,2
22443,0.2439717948618942,0.2674622780363587,0
22446,0.106603654581636,0.0727359613907397,0
22447,0.2336652017258625,0.20218051873167667,2
22448,0.2006732781857893,0.22631522877610705,0
22449,0.2959090426116091,0.3011074381474734,0
22450,0.1317564967211684,0.1122392685221674,2
22451,0.0817748002628629,0.07556929620113455,1
22452,0.1304662022591853,0.09792148555574065,1
22457,0.0720956367478659,0.0462682365228175,2
22458,0.1240304555233086,0.1280465639520567,1
22460,0.8229669307490026,0.8070640251924206,2
22461,0.0913306078163558,0.0896566526760236,2
22462,0.0964457307328736,0.13485381055287257,2
22465,0.7846551940856913,0.7790510891807236,1
22466,0.065341666352101,0.042439968095929044,1
22468,0.1688877888464559,0.20325931798914684,0
22472,0.2560549332023311,0.23412435553196764,2
22473,0.8198742250421976,0.8057054197898431,1
22475,0.4676656350043453,0.4657443771857361,0
22477,0.1458227527595058,0.16032172101940576,0
22478,0.0512280887659798,0.04962849623020295,0
22479,0.8275796755750409,0.8255676132412352,2
22480,0.4738162469202594,0.46422573739748224,0
22481,0.0425665324637101,0.051574235774963326,1
22482,0.0931984672810154,0.07708732396296361,1
22485,0.1200533492732072,0.15203624796062282,2
22486,0.2185496308056072,0.25582635558969885,0
22487,0.019709482209135,0.01948382382903945,1
22488,0.1176270397029269,0.10195509913769005,1
22489,0.2577402038633915,0.2811945755803247,2
22492,0.1642459728433636,0.10558185904690418,2
22494,0.1448401140093704,0.21949808860244152,0
22495,0.7103560928480321,0.7828156814864983,2
22496,0.1373212781420055,0.11448704749945524,1
22497,0.1137266163773095,0.12807959208161127,2
22500,0.0607815154091853,0.053057668185616545,0
22501,0.1068042907995892,0.11438002610915368,1
22503,0.4078102654276405,0.41574950899298013,1
22504,0.1414217311768052,0.13954080119168744,2
22505,0.0348075853058712,0.027418066289396425,0
22507,0.8274240134735562,0.8329476338547639,1
22509,0.0756033799336137,0.0690890250327006,1
22511,0.1228856019456769,0.1657439739178419,2
22512,0.152397360021477,0.2068215992540819,2
22514,0.0853355446616188,0.06985555188035697,0
22516,0.1024170630453573,0.11287541741148412,2
22517,0.0694149386067556,0.03902986464379647,0
22518,0.1280927849283435,0.1662073305458441,1
22519,0.063690896443684,0.04940899163848578,1
22520,0.0306912619758774,0.021050169599560326,0
22522,0.0701386222722119,0.06158762365736611,2
22524,0.214146561008526,0.27389610706440626,0
22526,0.0832296143854144,0.10241318943060321,1
22528,0.1371320398398847,0.1412965152310468,1
22531,0.0138307576961877,0.0137043739574745,0
22532,0.145072819163651,0.12486478426544817,0
22534,0.1530829347806638,0.11924472167158093,0
22540,0.0726139092419381,0.05452830411326777,1
22541,0.3063850375680881,0.2951577305934914,1
22543,0.6561855958229493,0.657259011303206,1
22544,0.3158351725224479,0.2718835071164988,2
22546,0.1098315019166282,0.12268852067519327,1
22551,0.6658338174613734,0.6665266992889615,2
22553,0.1013815561595381,0.08657498429160553,0
22555,0.3495056865406211,0.3705955800075496,1
22556,0.0665083982290272,0.04626811654288415,1
22557,0.068881426839238,0.09309110315782007,2
22559,0.146855977832252,0.14037915042185406,2
22560,0.0605974408707029,0.0449206792378493,2
22561,0.298775583253285,0.2710569010741916,1
22562,0.1731317664019914,0.18565653695405074,0
22563,0.0272027669781532,0.022930974468900377,0
22565,0.0224443494326442,0.0258634814943458,2
22566,0.2364901386138196,0.12747157038959175,2
22567,0.7743521288637548,0.837470418286103,2
22568,0.1864998299685489,0.14048676363519352,0
22569,0.2393378019666731,0.24440812518394694,2
22570,0.067308783370663,0.051170829943080046,0
22573,0.1991550885315958,0.1851003648016723,0
22575,0.1813680248043257,0.2878537831385903,0
22576,0.0713144227469019,0.04826708292689447,2
22578,0.1070879496885358,0.11116685994058742,2
22579,0.0984454653986497,0.12188779085994503,0
22582,0.0825868949496241,0.07396116834159736,0
22584,0.0355898478426767,0.027230872130109524,1
22585,0.2851813779917574,0.32185431404591675,0
22586,0.195441106967236,0.19555736299495732,1
22587,0.0805475317461234,0.08384393110951632,1
22589,0.1250093966314038,0.09435025720744862,2
22590,0.061161424784391,0.0673520397251487,1
22591,0.0882889162546609,0.11417560572745825,2
22592,0.0588489783095138,0.045699233120053154,1
22593,0.2670270777069963,0.21808664066715072,2
22594,0.174044456159401,0.1397257180306713,1
22595,0.0955702271313391,0.08216841391321827,0
22596,0.2733047889980027,0.24586651120646236,2
22601,0.0747659608053586,0.08334890936676058,2
22604,0.2745972645289316,0.22894216850545052,2
22607,0.6328697335374744,0.6394635603501497,1
22609,0.05264441680471,0.04985482238630405,0
22610,0.1296171636202964,0.11844915829207557,0
22611,0.7867079394327791,0.8350253796229978,1
22613,0.0188254712914577,0.02144308628332555,2
22615,0.1138797248931953,0.12152735698407237,1
22616,0.0820710300033778,0.0713300998358736,2
22617,0.0843584502111566,0.0783904024068109,1
22619,0.6108131799295483,0.6288758329796669,1
22621,0.7329597349525742,0.6396483191640543,2
22623,0.4590191002948088,0.6148873282469521,0
22625,0.0801662397476583,0.06294994493038646,1
22626,0.618434039080079,0.5411887163367498,0
22627,0.0904716296924227,0.05096491062079493,2
22628,0.2388986756947062,0.2802860756842752,1
22630,0.0665676326416401,0.047039134746240024,0
22631,0.2470449615138331,0.19166746549166108,1
22632,0.0544147906577105,0.0296550203937415,1
22635,0.1357287725311948,0.12918062837900965,0
22637,0.0627178848509452,0.055323638278753,2
22638,0.1048227792868465,0.14445184530717048,2
22639,0.0562642592508997,0.058840529303356676,1
22641,0.0986568450447402,0.10594792608034012,1
22642,0.1011217261177906,0.10743216520369965,2
22643,0.3371744477729403,0.23912617403055103,1
22644,0.0164395998259169,0.026688765422373376,1
22647,0.238346738228585,0.2821019080369631,2
22650,0.1024789799220496,0.08183229199698934,0
22651,0.0486782964795625,0.04404117510446125,0
22653,0.1064948051874473,0.1055238612074724,1
22656,0.0785959043964675,0.14028124301632844,0
22658,0.10104161488593,0.052715271236804154,0
22660,0.1219274690455946,0.073188869226744,1
22664,0.1488722396391338,0.1159676551174785,2
22665,0.2397285326303087,0.21284843317408964,1
22666,0.0864320385660244,0.06680076470623238,2
22667,0.1789673602924514,0.23870744280676606,2
22668,0.2445686771130331,0.270455628122375,1
22669,0.2056398034267202,0.21313002268202247,0
22670,0.0583841239002174,0.0466652923880578,0
22672,0.2864208309050601,0.2247225315587722,0
22673,0.0742608068380746,0.141849492128037,0
22674,0.0585055341120299,0.046242216014213376,0
22675,0.1179259848157689,0.14193893065840762,0
22676,0.0682390174794031,0.0619508214754745,0
22677,0.0996875092050445,0.15050493130469705,0
22679,0.1047194621441849,0.10214184555473492,1
22682,0.102567335809465,0.07220173400306949,0
22683,0.1631764349067673,0.187996584382992,0
22684,0.068563964611792,0.056345593493093225,2
22685,0.0287763538466611,0.03031543995542773,2
22686,0.2149909754012326,0.2644431960118799,2
22688,0.2741228503072591,0.2898413983849093,2
22690,0.067518051326422,0.05698871847914502,0
22691,0.7222312065556892,0.7468066163388085,0
22692,0.0797456986330479,0.12453510055342071,1
22693,0.2301907417196646,0.23369767256553914,2
22697,0.1963054715251091,0.18933898579529987,1
22699,0.0966032884494529,0.12389672513554623,0
22701,0.0682369863074137,0.0817428432851828,0
22703,0.0488155023295257,0.05368794753427688,2
22705,0.1610844283987548,0.1537643849461327,2
22706,0.2917881610978434,0.23770403273704468,1
22708,0.1808247010978922,0.1419277979467756,2
22710,0.2049678810971019,0.18480965571808164,1
22714,0.0642665491070722,0.05239189935618296,2
22717,0.0801035048003643,0.07598056294553207,2
22718,0.2681595344276215,0.15737195929908881,2
22719,0.0711723456333102,0.05599846826986325,1
22722,0.1537528136942506,0.13190216055789747,0
22724,0.0818988263441571,0.12925411420110097,1
22726,0.2061811854003771,0.315923740577523,0
22727,0.3095865644767546,0.31053659296775105,2
22730,0.4201521632885047,0.44931594650615736,2
22735,0.0772904441623591,0.06640493290825718,2
22736,0.1009594135852941,0.06927762055387297,2
22738,0.2862213720276939,0.17138749377573004,1
22739,0.105788911337697,0.12350755222867474,0
22742,0.1104380578077212,0.09281341757463124,0
22752,0.0551554334163661,0.06603992354181995,1
22754,0.6420830407056983,0.7002171669253079,2
22756,0.0799576623594249,0.06470134383103338,0
22757,0.1013957074331602,0.09436876362719175,0
22758,0.0880148893823828,0.09302971763654708,1
22761,0.0244580886398838,0.030997660101057072,0
22762,0.1026971747795744,0.0893268651731077,2
22764,0.0401824980853072,0.03514607808839645,2
22767,0.0220180584289312,0.025030979505320527,1
22768,0.1175538870464414,0.13790393759808353,0
22769,0.1529602108995188,0.20032124863244027,1
22775,0.0803118229169338,0.06521943921343988,1
22776,0.0315609597770087,0.026959976106120474,0
22777,0.1362662633124987,0.13084239806896392,0
22780,0.0559288750111413,0.049201519574379876,2
22781,0.1112851405588424,0.085404633790385,1
22782,0.0834161027772519,0.06622114038528451,1
22786,0.1686165356020559,0.2564340294821983,1
22787,0.7053408531393917,0.674878818063115,0
22789,0.6003425945180444,0.6516218494616888,1
22791,0.2569160714704088,0.22813321118194538,1
22792,0.7613419420037131,0.7220048611073598,2
22795,0.145098984113499,0.10832571390474513,0
22796,0.0379684887563034,0.037443389885651504,2
22797,0.08483551550486,0.07239007773242156,0
22804,0.0707415197864416,0.049457107554628496,1
22805,0.0386513455915767,0.0377188238071296,0
22806,0.3886543858551116,0.44251464407583524,2
22808,0.0907014356855045,0.09748527574801465,0
22812,0.1875332752172984,0.19793096811264657,1
22815,0.229840676217701,0.2991408920944277,1
22820,0.0441655405745576,0.028583656012343427,1
22821,0.0508754143947956,0.0592847724779786,0
22823,0.0963878440506938,0.07701387357513795,0
22828,0.0229689748243518,0.021023706358621275,1
22829,0.1467927790535345,0.15314071752770253,2
22833,0.1282829775237925,0.13206673553871584,1
22835,0.0515405866411239,0.028113973507493523,1
22836,0.0330333587801021,0.040762416318451775,1
22837,0.1237735048293442,0.18959109026727372,2
22840,0.077124779407284,0.1052673136393203,2
22842,0.0813248450584995,0.0874986196785408,0
22844,0.136040522907787,0.12967741753486658,0
22846,0.1306233670508141,0.12459744651215879,0
22847,0.1750093885065645,0.18581919965408308,1
22850,0.2367802307522198,0.2536815529217799,1
22851,0.1213505399719404,0.19363167968575112,0
22852,0.5461999704787418,0.581459043541718,1
22853,0.3450773276255883,0.46722057358190616,2
22854,0.1421880719178056,0.13931520214909177,2
22856,0.3342887066903168,0.2520754624956364,1
22857,0.1106469767485803,0.07000978181125372,1
22858,0.0668790675397421,0.0693578222974936,2
22861,0.3025671452122594,0.32133495920386396,0
22862,0.1622517079594033,0.1473718311330896,1
22863,0.786714752537319,0.7241806715229311,1
22864,0.0297304424822925,0.024489116453924625,2
22865,0.151488366758787,0.14308235276107611,1
22866,0.1959432607545351,0.1563912155951296,2
22869,0.1987560833481089,0.2033957217047882,1
22870,0.3217943881666037,0.35078366569640107,1
22871,0.090020138896065,0.08862095819679247,2
22872,0.646376551055138,0.6161731594642745,0
22877,0.1358411453240076,0.1464630045071417,1
22878,0.0879988002486948,0.08435585853434432,1
22881,0.5282853278592122,0.5288652478171831,0
22884,0.1570412645271504,0.15227840137686588,2
22888,0.0513757758002336,0.0542422978134454,0
22889,0.0283343894148871,0.020212219443087775,1
22890,0.1219444355159453,0.09078006581333732,1
22892,0.0961038357401923,0.06316597932906398,1
22893,0.0836085671830815,0.07684629819320825,1
22894,0.0474549745924078,0.0375416847812662,1
22895,0.1282604242730326,0.1170936166216561,2
22896,0.4669088202875115,0.5146529662609298,1
22900,0.2458672798524084,0.25192288271321894,2
22901,0.8276783368138894,0.8245816116241163,1
22906,0.1439069756093076,0.1612247227401449,2
22908,0.0429881014842124,0.0384993386369049,1
22910,0.0712498884937258,0.0813276686369873,0
22911,0.24239406083347,0.23374117229532743,2
22914,0.1106322750281987,0.14632755329399946,1
22915,0.2328890228787961,0.2627902411834395,2
22916,0.1276301646680845,0.11884849669317286,0
22917,0.2283113275180727,0.2059180711446964,2
22918,0.0839743099887463,0.10642688058030227,1
22919,0.1446779787228878,0.19072562010673438,1
22920,0.0653336300864655,0.0545622624939629,2
22922,0.1673530917589892,0.15079040442976688,1
22925,0.2526028359897512,0.17693591181879137,1
22927,0.1360823882064383,0.19282304149671628,1
22928,0.121932222442575,0.11761911835537822,2
22929,0.0737032336797297,0.05645072088006772,1
22930,0.1336566823569083,0.12077181548322027,2
22931,0.1233496125750293,0.13366210869024764,0
22935,0.0715851931351724,0.10025036377728687,0
22937,0.2009048770499691,0.23963757530588237,0
22938,0.116185834027332,0.1694386110207972,0
22942,0.0248609340854036,0.0296828036418599,0
22943,0.1349828566863896,0.12473863226494733,0
22945,0.077080740292239,0.058815320024785726,0
22946,0.1332247533320887,0.13205721724053604,2
22949,0.0779987351800043,0.09441844215676051,1
22950,0.0930454597182213,0.08968862582720465,1
22956,0.1072994561118875,0.09143393532457356,1
22958,0.1193002369283287,0.1122582385659408,2
22961,0.0809072519320691,0.039500123878802244,0
22963,0.2472202579844519,0.22087376327531016,1
22967,0.1245470463626854,0.1449714981315839,2
22972,0.0931398224082683,0.07825394070721747,1
22973,0.1937399057154341,0.1948230114162911,0
22975,0.2350969587622518,0.18459790522309086,1
22979,0.4888746845934449,0.44352251363313244,2
22980,0.1160808820559959,0.10314327071882437,1
22981,0.0302768429391065,0.028129271643067923,0
22983,0.074508566012868,0.06176550301550127,1
22984,0.0868767433241367,0.07403369479562352,2
22986,0.0781540804199651,0.09331038199408155,2
22987,0.0238811952698159,0.030284293835476622,0
22988,0.0821196762575607,0.11082265156879573,2
22991,0.2384728750522692,0.24210473419982878,0
22992,0.1687383386082544,0.16555119645029392,2
22994,0.5086016565101764,0.49358942279299733,1
22996,0.0560435394098505,0.055726739965587996,0
22997,0.0498962659034158,0.05920303243272222,2
22998,0.0479465039575381,0.03765549804175755,0
22999,0.0225980441356892,0.05093944741709322,2
23005,0.0972761435472232,0.0934806006406852,0
23006,0.7549462223490263,0.6758032960960175,0
23008,0.0614754610334884,0.07394154390527961,2
23011,0.1784260137413438,0.1964940623919135,2
23013,0.1945399615444831,0.1575759778814043,1
23014,0.0522797371826996,0.047081812279271426,2
23015,0.1250861103585294,0.0875812738406255,0
23016,0.0672430062886125,0.06690325380142208,0
23020,0.0676510829967105,0.08296097485993104,0
23021,0.0532281904007933,0.058140840239458924,2
23022,0.1770180276817989,0.12763453443194353,2
23023,0.0619489954331795,0.058386830520309824,0
23024,0.8521826260616672,0.855795792980964,2
23026,0.1080891817794229,0.09123088884529462,0
23027,0.1143622950382207,0.14951611133163986,0
23029,0.1514424328173688,0.12977356969526727,2
23031,0.7956146556758988,0.7791254965131348,1
23034,0.3216871229974947,0.3640985626839918,0
23036,0.068686026053461,0.07110073593741048,0
23038,0.2171646658681327,0.21460554069021953,1
23042,0.1286556211227532,0.17558910827968774,2
23043,0.0860419359155818,0.08550537339834377,2
23044,0.1666069088056986,0.15419410027794567,1
23045,0.0410620593546235,0.03636717764541032,0
23046,0.3046289128299439,0.3023809807975143,1
23049,0.6885613192752789,0.76173498150759,2
23052,0.2345538802964578,0.2614206497662765,2
23053,0.2322156750365635,0.21923799920936324,1
23054,0.1241846403673392,0.0961663430788745,1
23056,0.0813141808324161,0.08664992412148367,2
23057,0.1281338892838724,0.17290780567933678,2
23058,0.0625450585908485,0.051411096264869525,0
23062,0.0485453225803636,0.041955827544887477,2
23063,0.0559165421103391,0.0507480732714327,0
23064,0.2463769062199778,0.29807006116750395,2
23065,0.0889610843069437,0.06727684290933428,2
23071,0.1068412096379344,0.1069811918722771,2
23072,0.0275123522169394,0.03569388563029422,2
23073,0.0973872597736949,0.09997060949597009,2
23074,0.280089331409132,0.3661425478783265,1
23076,0.1069071927218248,0.09073379674750366,0
23077,0.0654312860072209,0.06351283788723175,2
23078,0.1817724876490343,0.20482467006451674,1
23080,0.0993662974567625,0.06690358298108381,0
23081,0.3008428648692425,0.34795823968280437,0
23084,0.0596173607237002,0.05422493916525568,2
23085,0.0458115417600744,0.0289363346889525,1
23087,0.049158141423262,0.062369667990265276,1
23088,0.8018818299997926,0.7695087668522812,2
23089,0.2081144013979735,0.15275359608360445,0
23091,0.2769571336444962,0.3358102670347261,0
23092,0.0194544889019623,0.0235926414050896,0
23093,0.2335584481688744,0.1804070428611836,2
23094,0.2750412212632555,0.26587541718457913,1
23095,0.0894751492613883,0.09524661516926725,2
23096,0.1502780813130658,0.2873008063008004,2
23097,0.0414811421750656,0.03688933869489688,1
23098,0.0228496330398,0.011917424559783325,0
23101,0.1210766600925103,0.11374835665853487,1
23102,0.0772662975402013,0.07526176721195912,0
23104,0.2025819389625149,0.2603980751404292,0
23106,0.0400250498023479,0.0555068904234928,2
23108,0.0600757892053443,0.048520441918818574,1
23110,0.3991028106328262,0.3357594928667964,0
23115,0.1172063319557542,0.07451412545271767,2
23116,0.1660274748322736,0.15397722078153228,0
23121,0.0901806743577161,0.083255670464607,2
23122,0.1967754188206936,0.1657496567062704,1
23123,0.0254295612829669,0.025076408699807602,0
23125,0.1638671272786438,0.21265157294755124,1
23126,0.1408125868252073,0.11181151556618296,0
23131,0.3580719530804228,0.3429666608963315,2
23133,0.1583011974804755,0.1484391849241347,2
23136,0.4898633213665641,0.5040747700242474,0
23137,0.0262149484524881,0.022169379863193648,0
23138,0.1117532160274725,0.09692601277491675,2
23139,0.1003713872770352,0.09039078185745286,0
23140,0.1921561840197232,0.16943803347333342,2
23141,0.1979389971169575,0.22924950328401258,0
23142,0.2892970003537469,0.3133050707419442,0
23145,0.1240258143736185,0.16088382030522252,1
23146,0.1081558969808041,0.09989964127859423,0
23148,0.0695355185874192,0.06465111038816303,1
23149,0.6963426453300812,0.7013082096912803,2
23150,0.1131094664469812,0.13703110973947624,0
23152,0.0921644341935692,0.08925723206360242,2
23154,0.1007295899401247,0.07590626588486979,2
23155,0.2448098087636253,0.2707127415256915,1
23156,0.5611878039742985,0.5841018577537203,0
23159,0.7653293766182965,0.6982384812487703,1
23161,0.1004558787279911,0.09547681919634522,2
23162,0.1610909989904362,0.1669884211030882,0
23163,0.0391995085350718,0.03635709580294798,0
23164,0.0838390306252859,0.05361172567306472,0
23165,0.200941599312341,0.22844846717026812,0
23166,0.4758498044928763,0.37161856159286705,1
23168,0.0625737016943858,0.052380517841243424,0
23173,0.1981168420536398,0.18612350310407988,2
23175,0.036108279294635,0.02842265535930185,1
23176,0.1465538374170849,0.062153650430594745,0
23179,0.2757485251982656,0.16933528426435365,1
23180,0.2425921892326966,0.2741549539947552,0
23181,0.0831743475055296,0.07105040083834252,1
23183,0.0696557444057129,0.05275601387801858,2
23184,0.1118051763344574,0.09402157449113918,1
23185,0.1249550740186862,0.10911711869989335,1
23186,0.029930703127454,0.021526504612788523,1
23187,0.1934203166377636,0.1442666816865768,0
23189,0.2505799732924346,0.2434501607291184,0
23193,0.1227883681758868,0.07944713878145725,0
23194,0.1506198438440956,0.155062289025081,0
23197,0.0508742856798291,0.056097914230785674,2
23198,0.1361581288598538,0.14936292730785822,1
23200,0.198544408317094,0.18832560738559587,1
23201,0.084401014657067,0.07870062906414545,1
23203,0.0870302403402546,0.08002617713176505,0
23204,0.0370354071656824,0.03534295684627675,0
23206,0.4044886225362049,0.42611638241958416,1
23207,0.1095506984209791,0.08807017246912416,2
23209,0.0371753111168886,0.04214892693624985,2
23213,0.0171845423387207,0.013522072099485674,0
23214,0.0977433669853804,0.13822490843812948,1
23215,0.0984626691926544,0.1156850802632858,1
23222,0.1013308283486557,0.07026074828196095,0
23223,0.0941134685014331,0.12956362429702786,2
23224,0.0433344037473754,0.036680667821346824,0
23225,0.1053961501529762,0.11173183842950535,1
23226,0.2802500466206774,0.2786284024949248,2
23227,0.1375023992900347,0.11167049632946062,0
23230,0.0412567099074392,0.03479469929194753,2
23232,0.0602359466456068,0.06232491163271463,2
23236,0.1301557601643245,0.14626194032270554,1
23238,0.0615495454101112,0.11848699633091683,0
23239,0.1723701638626211,0.15140284003445648,1
23240,0.6463941890138623,0.7467308727248069,0
23241,0.136990413835917,0.1421879325162353,1
23242,0.384302404237311,0.25660792243196223,2
23245,0.1564737105288487,0.13633977643693812,0
23246,0.1161395872357416,0.11102892533002774,0
23248,0.0939363823879535,0.0702833959998414,2
23249,0.0872902070901349,0.12220594276422506,2
23250,0.2548918262311707,0.2014952292010414,2
23252,0.1535823006704817,0.1433657242926886,0
23253,0.7610698621942394,0.6036578571224545,2
23256,0.222710747400834,0.17724407407397402,0
23258,0.1030524474826311,0.11572444910516862,1
23260,0.207030949574995,0.17802797562042452,2
23261,0.2968577585095736,0.24870137589831462,1
23262,0.2483254641997612,0.2085487405996807,2
23264,0.7826620388601772,0.7914612095648961,0
23266,0.0692049762909526,0.04740569229452407,1
23267,0.0262775699713614,0.031048048238124,1
23271,0.0980674663410973,0.13121604000645634,2
23273,0.381643128779535,0.24906222904611222,1
23274,0.1175956502614369,0.1170700709906535,2
23275,0.109503586404418,0.0630175248740288,0
23277,0.0760806279135976,0.05407124245450855,1
23279,0.1016954455404853,0.15615271058120966,0
23280,0.0687406552383198,0.054914534996911624,0
23281,0.0427654726823678,0.04239217726799808,0
23282,0.4497847744455701,0.4410640035154682,0
23283,0.2820559997293045,0.2956966137892199,2
23284,0.1238231748783074,0.08944755484946025,1
23287,0.3851137821396511,0.44265059388853917,2
23288,0.179359154600658,0.21166888268910014,2
23289,0.1869487753439076,0.1817450786125517,0
23292,0.2483336968242915,0.2740593045925147,0
23295,0.1736009093029431,0.19987536792184546,1
23296,0.0952314921353603,0.07809783220409182,1
23297,0.3421792725533126,0.4399043727458161,0
23299,0.1244727164980037,0.1102853152109998,2
23300,0.0513781716559149,0.04557739425064487,1
23303,0.0994644918505002,0.09482701683434276,1
23309,0.1093615876027461,0.12604866337473938,1
23314,0.2395954928997659,0.20316753722170097,1
23315,0.0302522029111022,0.02756793559064185,0
23316,0.6679013662898708,0.6511075801514323,1
23318,0.3401287065226621,0.3714174483194142,2
23319,0.1890862297013406,0.20057144682248637,0
23320,0.0717951201649684,0.06670805207935424,2
23322,0.0492131813703841,0.04006727299681399,1
23330,0.0585718156010628,0.0707417146345514,2
23336,0.1494346840552821,0.12743044166599587,0
23339,0.5745572554517773,0.5482624469005272,1
23340,0.6786322106102213,0.7402932471334683,1
23341,0.226516600149493,0.25383206962540966,2
23342,0.3022680972767206,0.2981753577738371,1
23346,0.032089312583204,0.03419238441171625,1
23349,0.237910859227531,0.2675200290928619,2
23350,0.1068330546570164,0.12245741218815476,2
23351,0.1001628364662901,0.09384428509002073,2
23353,0.1531674240751857,0.151454453069902,1
23356,0.8300190996201705,0.8265072712788961,1
23357,0.1374900827710609,0.1098135153350479,1
23359,0.1002522246617211,0.1032159281189623,1
23360,0.7578120894551243,0.6312440933757709,1
23362,0.3255700383976733,0.3570840541172439,1
23364,0.018999954496814,0.020185192759393428,1
23367,0.131060972694946,0.14462375946674655,2
23371,0.0391218913813044,0.031163714264359123,1
23372,0.0351416034228885,0.030763032768493376,1
23373,0.0304790917818622,0.03097317282636613,1
23374,0.2958118583364226,0.2681946848700576,1
23376,0.1505360107572319,0.13148104777509304,0
23377,0.0423791841466493,0.07047815294180507,0
23379,0.1084853302278977,0.08817521577687507,2
23380,0.088756193358306,0.0605517302346531,0
23381,0.0793309438936749,0.0586318927447255,2
23382,0.0681153367419342,0.05401841405465063,0
23383,0.3056141278219662,0.3409674469891924,2
23388,0.1476087175689273,0.11631030011954634,0
23390,0.0607587740312663,0.040156137703855746,2
23392,0.1447413461220062,0.1211745345834356,0
23394,0.036007286796238,0.0305952531046548,1
23395,0.1158159128430082,0.11010641296574597,1
23397,0.0978985785139684,0.10129537768392562,2
23398,0.1272159802963778,0.09580322247522581,1
23400,0.215444808993547,0.2696012207980087,1
23403,0.2070461976284994,0.13920825072046988,2
23409,0.647730840952217,0.6708799581958473,2
23410,0.112457668664084,0.12347964334482513,0
23411,0.1860514505691245,0.16123900793158788,0
23412,0.1154105776527312,0.06685054758450303,2
23415,0.3619464419105964,0.3284669006630192,1
23416,0.8817950304096632,0.7946834018227786,0
23418,0.6405749219229041,0.7327746658478276,2
23419,0.332526683786201,0.38568492796829024,1
23422,0.0451501133470629,0.04230136443569675,2
23423,0.440032540512844,0.37680532875543604,1
23425,0.0895227609568628,0.051328588269153624,1
23426,0.023071144259413,0.0191752279288892,1
23431,0.0822039742459072,0.1169737434140363,0
23435,0.1227669090941411,0.13363181199090124,1
23436,0.1605370128136476,0.19107850679768085,2
23437,0.3027169151777498,0.2706154125649775,1
23440,0.0320530587592968,0.03371039688010567,1
23441,0.0952910272816255,0.11289629050292554,0
23442,0.047271154346374,0.0371453411550794,0
23443,0.1530173736378568,0.21510087313948661,1
23445,0.058375777789357,0.056723777539674725,0
23446,0.0167161515276748,0.024564696827077275,1
23447,0.243134326413663,0.3279145038421017,1
23449,0.1010809216080286,0.1127196863411707,1
23451,0.0943122694335637,0.12564012194535137,0
23453,0.0530858673025003,0.044860186830529156,1
23454,0.1296291027938065,0.14512545552591624,0
23456,0.1544492445972719,0.16067896585766278,1
23458,0.1076994461984423,0.08027865066357376,2
23459,0.3870369581757589,0.3414627564719495,2
23461,0.1268210355247016,0.1878037905981641,2
23462,0.0522195644591359,0.06547084234705428,1
23464,0.302943604874298,0.34520923239228335,2
23465,0.4094443443944914,0.4135150452278382,1
23467,0.2552502327120242,0.35887809110728697,1
23468,0.0456467152463479,0.0484021907485716,1
23470,0.29308574164052,0.28264080464533026,0
23471,0.233773821022373,0.23004235164021297,1
23472,0.3389259586622127,0.3218843142211799,2
23473,0.0352544309512543,0.023907554061736173,1
23474,0.1523160702304677,0.1224410624958287,1
23476,0.1424223257194865,0.10118502537305421,1
23477,0.0107713413102705,0.011519519629658874,0
23478,0.47404569259472,0.5160596619668733,1
23479,0.0818264268647489,0.09606242786794846,0
23482,0.5098796251516262,0.5025827590187261,0
23485,0.1178916928348416,0.21253984656796027,0
23486,0.1507799222939783,0.1489669284560415,1
23488,0.1160233190451238,0.08593862301436622,0
23495,0.0916995253047432,0.09738729484735772,0
23498,0.0644070080133974,0.04078242409179447,1
23499,0.0355024689380732,0.021131671856575877,0
23500,0.1662951554783548,0.16412788153679334,1
23502,0.4738220094894422,0.4876661610658405,1
23503,0.0960907041654121,0.08508428674074033,2
23504,0.2198520011522109,0.19858151013970465,0
23506,0.5888450335510735,0.5811407241889726,2
23507,0.0396059332484972,0.058313163952190196,0
23508,0.0621059248972389,0.03810236563888202,2
23509,0.5246321153064757,0.5556618292771656,1
23510,0.4859306774557378,0.4759086221267128,1
23511,0.1176770322230976,0.0809183288664822,0
23512,0.072201866236219,0.08263417181859235,0
23517,0.0518366429917989,0.08797893212402975,2
23518,0.0594147781081456,0.05671490575942765,0
23521,0.2402261333936115,0.2707127415256915,1
23522,0.1039969439060315,0.07308237257268597,0
23523,0.1028661858763446,0.07800574329822252,0
23525,0.1614318867203843,0.13376406713991668,0
23526,0.5899776529406277,0.5929026126672073,2
23529,0.1384966702277651,0.11126606450812959,0
23533,0.4246210284025412,0.5401948859971872,0
23537,0.0704785808387446,0.06892493993051049,2
23539,0.0728263986307954,0.06517356380333475,1
23540,0.131838069776029,0.08268352135746533,2
23545,0.0797826299833948,0.07650378031519822,1
23546,0.1754550925125876,0.1352985500130138,0
23547,0.0629096223551703,0.08913039466522818,2
23549,0.0415264908115981,0.03488115264855868,0
23550,0.1025653205085091,0.1561301228113792,2
23551,0.1945309934054074,0.15499972792409342,2
23553,0.0768725314053721,0.08776475676028517,0
23554,0.1487588516134831,0.09500950018544307,1
23557,0.0608044417827072,0.0365819028101909,1
23559,0.0537889163824687,0.03830982257623515,0
23560,0.0661872590546793,0.049130788708924726,1
23564,0.1485987359806842,0.1463350769476418,2
23567,0.0230978206897923,0.019351883726796474,1
23568,0.210230181424889,0.1992631267837743,0
23573,0.0495360767274516,0.05015063516340018,1
23576,0.3977926467675174,0.49686895596984987,2
23577,0.2155622579380848,0.1421915211183135,0
23578,0.0502288304206482,0.04583302030822403,0
23580,0.173119774370906,0.14515093725467648,2
23584,0.1079430889205984,0.10103838566496003,1
23585,0.1629057389890045,0.15595264065979597,0
23587,0.0921696440942685,0.09218905668852076,1
23588,0.1934393581881021,0.15735574330038132,1
23589,0.0525331437986057,0.0780635644299304,2
23594,0.1089636467159315,0.10554163386464645,1
23596,0.1738531794574225,0.14504975840428883,2
23597,0.1955938228461609,0.17119075379935134,0
23599,0.0815351392129786,0.09564184156881267,1
23602,0.1006911071732793,0.08708837122420246,2
23603,0.73623837993798,0.6754577296468061,2
23604,0.4056470971053392,0.5091843033015242,2
23605,0.0657096765542693,0.06431452692123545,0
23609,0.2648784659503075,0.32024740752234304,0
23610,0.1035887531213077,0.10080586805274111,1
23612,0.1856879264016848,0.17552795427213366,2
23613,0.0918838981726333,0.08761197543046731,0
23615,0.1617712085734594,0.18635624385114272,2
23616,0.7382798816056956,0.7936821075757593,2
23618,0.4702579708845792,0.47739036307411237,2
23619,0.5645905886744523,0.6473124008575677,2
23621,0.049716942092545,0.05011755096046082,2
23623,0.3497517907345009,0.3758510248092511,1
23625,0.0249443097462799,0.021374061511626352,2
23627,0.0682209761072923,0.04892350589861995,0
23628,0.0880788944759706,0.07644012441215228,0
23629,0.0574491743719607,0.04357222072253843,2
23630,0.0953345837394516,0.11990312525377009,0
23633,0.184234754725017,0.16796851775445906,1
23635,0.067795000664995,0.047080197134502975,2
23637,0.0285671547413906,0.030497620087985476,2
23638,0.0681260229533668,0.07445045192845187,2
23640,0.3048360930572718,0.34485426171398503,0
23642,0.2661727441513166,0.29260004770693815,1
23643,0.0733144443519962,0.0687875521269993,2
23645,0.0893015522793626,0.03590950168665605,0
23649,0.1886086284738546,0.2553306295685459,1
23651,0.1883778662885819,0.18220019911433344,2
23654,0.0979683001171289,0.08064759622524839,1
23656,0.3175092830390181,0.37659598739480976,0
23657,0.329490206949071,0.3349148513379798,0
23659,0.1666157560819602,0.1868381126978609,1
23661,0.0724197239136601,0.07827284133966303,2
23663,0.8292378132579639,0.8176369467803878,0
23664,0.0941525899981038,0.09709772764158678,2
23665,0.78557017275181,0.7537856445025325,1
23669,0.1583581030450739,0.14761860421053852,2
23671,0.2123013440719308,0.3048720442331297,2
23672,0.1358944417827299,0.15472294715923296,1
23676,0.1257958768527861,0.10730622301685255,1
23677,0.0310327008427656,0.039020703045294605,0
23679,0.1668476581773375,0.12214908881868711,0
23680,0.3499315144965936,0.3860312651221907,2
23684,0.0495076249559943,0.0502200799125581,2
23689,0.1878046058926465,0.1848444612144487,1
23691,0.1946952558040162,0.1312554883911391,0
23693,0.0941435942312094,0.09367885597189768,1
23694,0.0593312378507462,0.04857283808433303,2
23699,0.4779461365576649,0.5395465074868032,2
23702,0.1667952369675077,0.24211953730554397,0
23703,0.0519245043161505,0.0364412097038313,0
23705,0.8552044210585326,0.8483136612551618,0
23706,0.0961849771235888,0.12193931608683348,2
23707,0.1224551738304521,0.1348680408019563,0
23708,0.1775852219970695,0.13524484096286574,1
23709,0.1215724473017379,0.12655319068326493,2
23710,0.1281552475874854,0.17673138928947568,2
23711,0.8185649247908285,0.8279560617962561,2
23713,0.1930465805321586,0.2928185134843112,2
23714,0.150909023881985,0.10256384631976052,2
23715,0.0947514225822005,0.0698612550444498,2
23716,0.7536283826237584,0.7249565061912431,1
23719,0.0511159007391658,0.0629649166505887,0
23720,0.0701545882462873,0.08265363508142352,2
23721,0.109701733980211,0.11290545824684416,1
23727,0.2852324527879579,0.2219282287511682,1
23729,0.1079882379055529,0.1154870419620209,0
23731,0.1678517400693043,0.17253286771910772,2
23732,0.3222680392391564,0.2065720377901057,1
23733,0.7976235023557718,0.8615351936545563,0
23734,0.0910993292974703,0.06713820326249692,2
23735,0.0646979532785721,0.05812029228129979,1
23736,0.055277875207905,0.06342552501778237,1
23737,0.2839395172539611,0.2006052969093429,0
23739,0.1993294052359275,0.20368869957338517,1
23740,0.1213534797785673,0.09643085489352578,0
23743,0.7507303042366573,0.7693594560095836,2
23746,0.4336439002892643,0.44189725386538914,0
23747,0.1109995062197958,0.10994560824297317,2
23750,0.0913187308190059,0.08290773404240473,0
23752,0.5016708196950861,0.5629638806385951,2
23753,0.0389478738925697,0.04835568795738515,2
23754,0.4205805066142911,0.2738576551219997,2
23756,0.2032040964628807,0.2074947318395972,0
23757,0.0378269292297735,0.033057645841280854,2
23759,0.0765614833443387,0.06973893717029053,0
23761,0.0316609042034499,0.03980404811524088,2
23762,0.0666444014881666,0.04697205436289806,2
23770,0.1144056206958559,0.141542731168712,0
23771,0.0748508537024222,0.04617901979423695,1
23773,0.1360889736215437,0.14273085073419328,0
23774,0.229153128843621,0.19332883582436156,1
23775,0.3506359535898754,0.21593581435378217,2
23776,0.1412494044040421,0.11215961068226922,2
23778,0.8533032298822957,0.8610996864372819,0
23779,0.35690429246383,0.4288162105950124,1
23780,0.067250092083245,0.07722842949109521,0
23781,0.1251340615493198,0.0672254255739093,1
23784,0.1244716943464643,0.1437972666689547,1
23785,0.0543869409206247,0.054739298323810755,1
23787,0.4833581042328841,0.5019719212323012,1
23790,0.3691181094992822,0.3157736868597202,1
23794,0.42358368001472,0.43992877367149547,0
23796,0.1323622476345068,0.0786043479244738,0
23797,0.2108201407996009,0.09742070782356868,0
23801,0.0639057928173229,0.08843614565080421,0
23802,0.0715290958073933,0.07156589245983151,2
23803,0.5057399327234737,0.5979264916445344,1
23804,0.084476760335078,0.07133402315676612,2
23808,0.0814947250701237,0.056695274302402975,0
23810,0.1073144954217693,0.15224091370231274,1
23812,0.561411429513309,0.6058716045857815,2
23814,0.1113187424038276,0.10210563231603834,1
23821,0.142173284346364,0.12569957679254207,0
23823,0.4838117019213073,0.4594156976340969,0
23824,0.1635490049750202,0.16702560857401533,2
23825,0.141476261398864,0.13358295198137898,1
23826,0.4866017661028512,0.5628442942217593,0
23833,0.1454835461804642,0.17972368539845898,0
23835,0.2285426262605633,0.25583817626754307,1
23837,0.1919483489235043,0.21953744807462372,0
23839,0.1317261237431948,0.09731185209702427,1
23841,0.1489620965645025,0.2188923729066331,1
23842,0.0970615068567907,0.09417215814471507,1
23844,0.1660573416148062,0.2149156392099869,0
23845,0.3603038915734648,0.43195816889567284,1
23846,0.1368860440117076,0.159770908376773,0
23847,0.0735259510342635,0.12058227598851526,0
23853,0.7851111632868616,0.7813544627960939,2
23855,0.1451486335687098,0.11482693355554663,1
23856,0.0970050949005177,0.07585754153736937,0
23857,0.6577184756588853,0.662295495854766,1
23862,0.1043325641069727,0.09500987600166103,1
23863,0.3064018907478465,0.3087421326386769,2
23866,0.6690364631277961,0.681445432349606,1
23867,0.1318961509258196,0.14189683219396398,1
23868,0.0840281365184975,0.10204460379908434,1
23870,0.2398219025315305,0.21004466018189838,1
23871,0.1024195327309624,0.09525647834227785,2
23873,0.030946376145419,0.0214323014142065,1
23874,0.0951254220349505,0.08809688643197373,0
23875,0.5895419564952089,0.5559677501119387,1
23877,0.2549601672698314,0.2359582763005189,1
23878,0.2599728587507586,0.28414491895344257,0
23879,0.1099070603236028,0.08198173902305987,2
23881,0.2525971544678252,0.3305897521618928,1
23882,0.0866406810536645,0.11453681712411536,2
23883,0.0738452688147687,0.059457171386054,0
23885,0.2232265922580487,0.2752541231840879,1
23886,0.3703514385315118,0.45426610625073965,2
23887,0.0417459097819606,0.024792672805048377,2
23889,0.1244149274648167,0.19369622659995148,0
23890,0.311605470034939,0.30547645209321145,0
23891,0.150882274607208,0.1484263651081548,1
23892,0.3427797927046853,0.3248007279607793,1
23893,0.0664898936243881,0.07444434541729837,2
23894,0.0969793487045004,0.13314000571826076,1
23895,0.16125503758785,0.08921050443121811,0
23896,0.5180039980164683,0.5517338333237658,2
23897,0.1085001604351436,0.07990366256338377,0
23898,0.1237989014540059,0.09947234010043628,0
23900,0.7120404391234639,0.7803030686987652,1
23902,0.0701364161870044,0.061758398036707296,2
23903,0.1951237621699595,0.16989688299806432,0
23907,0.1228168006119941,0.1722806490207418,0
23908,0.1555629543516085,0.3266797680064675,2
23910,0.7109516596895651,0.6172787284628449,2
23911,0.0587291149618349,0.06669458544633955,0
23913,0.1780902152286987,0.26647960961789996,2
23914,0.2427800224465105,0.23755146655668133,2
23915,0.1439214631418326,0.12198163564843885,2
23920,0.8162960040179715,0.6861176929137687,1
23921,0.1249382743715942,0.12746563985644407,1
23922,0.2411590241053894,0.20900928613592704,2
23923,0.1513155581419086,0.15677726134973394,1
23924,0.288363151484986,0.27121540732154814,1
23925,0.0800776429388835,0.09220803453337806,2
23926,0.1695159751756376,0.1686889749764024,2
23928,0.1670141204923697,0.15263023376158158,1
23931,0.05301264987484,0.056889280524176675,2
23932,0.3680271336231934,0.2638473784903615,0
23934,0.1528675753330095,0.11806595063330678,2
23935,0.8352634837613212,0.7263062382408756,2
23936,0.051803200902249,0.055167008318846675,0
23937,0.6149859183044281,0.6558550716668535,1
23939,0.7898024853299499,0.782671588863753,2
23941,0.151819893287043,0.09881545557532352,1
23943,0.1138349097485229,0.18918449702127907,1
23945,0.1896682540280715,0.17445360132205984,1
23947,0.0961671933393664,0.07635535146898992,1
23948,0.126125439521526,0.12536479528995595,1
23949,0.1100809844835248,0.09107983142786036,2
23952,0.1902662715465219,0.1692499540377146,0
23953,0.3750581212026872,0.3291014771044326,2
23956,0.2332120249279377,0.3051341380251104,2
23957,0.1269227680490636,0.12991295960347182,2
23958,0.2968335258814599,0.2447417231505369,2
23960,0.2980489874304693,0.19680013939287572,0
23962,0.1393219640890731,0.1646979750611107,1
23963,0.1003169363549094,0.08612249907973095,2
23964,0.1938705381123588,0.219040274096347,1
23966,0.140289247715618,0.1241369380779318,2
23967,0.1312938124503444,0.12756168071214613,0
23975,0.1296432999913429,0.14761606062795446,1
23976,0.1388852390161479,0.10166073915937832,1
23977,0.0615760883246312,0.072098412069642,2
23978,0.0976321398691252,0.0777974826112992,1
23979,0.3041395277227505,0.411765602370267,1
23980,0.6420804553811237,0.5667718417485306,2
23981,0.0866117922285927,0.06444065919009737,2
23989,0.2598430278321146,0.30964476431180493,2
23991,0.1188283185656179,0.16864513863820865,2
23992,0.2417821112623155,0.2608176160269949,1
23993,0.12353815550935,0.16326453105449185,2
23994,0.3168224289743162,0.29356510985612055,0
23995,0.117283431094428,0.10189880882026586,2
23998,0.1523591381953701,0.15270780619028917,2
23999,0.1001378663607282,0.08267276621704231,2
24003,0.0641338817276473,0.057156380648480117,0
24004,0.3627314236857308,0.3525681644202946,1
24006,0.0892791886630957,0.05220087718217825,2
24009,0.0605274341942275,0.08625633084139328,0
24012,0.6248707238351199,0.6231672385773763,1
24013,0.6682142527519012,0.6459466706345416,2
24015,0.1603870088389049,0.1470411064555734,0
24017,0.1577635441529693,0.17372300628220086,1
24022,0.275411676503284,0.233889745293888,0
24023,0.5513457871633572,0.7024789292215028,1
24024,0.0282880027254477,0.033835978360257826,2
24026,0.8417255753217592,0.9004358241574967,0
24029,0.2847489626627664,0.26867497760614817,1
24031,0.0756620863794253,0.06809175983988458,1
24032,0.1134836009968243,0.1941194723716097,0
24033,0.3849434349063945,0.35957883606227115,0
24034,0.0951435224807342,0.08272655534949744,1
24037,0.0894948804502096,0.07509654773723345,1
24039,0.7355311377150543,0.7001126612293707,0
24040,0.6775971048668001,0.6994327552849289,1
24041,0.0907356298379079,0.09627794202235823,0
24042,0.8577098889024543,0.8714015889345051,1
24044,0.1101326574686825,0.09738354615034378,2
24046,0.1141177715770292,0.14672240064401018,0
24047,0.1104414256888358,0.07385397945507399,1
24049,0.1004538172968158,0.07682533839485281,1
24050,0.1235564312508396,0.13359485977919558,0
24052,0.1119980640298009,0.1426195547405198,2
24053,0.2417529108085967,0.2784673369006462,2
24054,0.06329095144971,0.06899118614417736,1
24056,0.3371023296545986,0.3396195431180818,2
24057,0.7006946510713856,0.6512944343815976,0
24059,0.0818914844950351,0.06641674754162702,1
24061,0.2092600322439912,0.1526457678430644,2
24062,0.0730780557050075,0.06896966894091593,1
24064,0.0591718408568466,0.04230624677224545,1
24066,0.1455793241868378,0.15022777314859115,1
24068,0.0378697843558775,0.0234271160149355,0
24069,0.1239017902820515,0.1314771642017314,0
24070,0.1558130072965646,0.15152045549360488,0
24071,0.1654783796118907,0.16143167807939993,2
24072,0.127799690780765,0.15136690396518573,2
24075,0.210183534349974,0.14290637881371937,0
24077,0.1411353506639719,0.10726623406469046,2
24078,0.0306332844143335,0.03061130083663075,1
24079,0.0925118584839259,0.08222729880983407,2
24080,0.1426917121291275,0.17884739472100397,0
24081,0.1352211799870406,0.11886922764050162,1
24082,0.1537370817444189,0.1358483186934343,0
24083,0.4417130967394239,0.34476915371321093,2
24086,0.0319113772114044,0.03168135710052227,0
24087,0.1262337012322988,0.10690132007024472,1
24088,0.1943998838076831,0.25946879003615525,2
24090,0.1917455614841514,0.3194498377950485,2
24094,0.6382382698741774,0.5733201474322497,1
24098,0.1307958950306386,0.1143349815878777,0
24099,0.0373094245433509,0.02319796811751905,1
24100,0.0792566156652962,0.0585160721756023,2
24101,0.2952806002476201,0.36473154516818684,1
24102,0.0565160337115975,0.10010349749801117,2
24103,0.5155704482479082,0.5419384455360042,1
24104,0.0595893980372471,0.08811756325392392,2
24105,0.0710658191579138,0.09885721612916673,0
24106,0.1614112477982216,0.15521356362976155,1
24107,0.2193709684565146,0.20453105707522223,2
24110,0.3766486575322174,0.3499187448284327,0
24111,0.2014784615117899,0.16648030412254028,0
24112,0.0450829692718137,0.05798540061821248,0
24115,0.0968059751028149,0.09625419476202622,0
24117,0.0405512254769857,0.03829599921047255,2
24124,0.3050063994468138,0.3358230962996288,0
24125,0.1313190538695373,0.09405558748735487,1
24126,0.1546827150677092,0.24228498102158566,1
24129,0.1351907955540806,0.15876800430399166,2
24133,0.5961210409913604,0.5526952253231245,1
24135,0.1266133242692591,0.16365387855635458,2
24136,0.085249061970417,0.09422775686250767,2
24142,0.1066580337642801,0.1123132736109897,0
24143,0.1150371730996545,0.12015915971334087,1
24144,0.1624911430043525,0.18042585292377084,1
24147,0.0990627917085048,0.08329420275854607,0
24149,0.1054941385767339,0.11829829633155964,0
24151,0.1450771624670889,0.1476030151503476,0
24153,0.0341211476613174,0.03482171512592798,2
24155,0.6892547714435708,0.6876312617909954,2
24160,0.5799724257169959,0.7078748601165258,2
24162,0.0648681472417503,0.05090598796252733,1
24168,0.8683553305586363,0.8469135122282254,1
24170,0.1044486747828636,0.09386952466260057,0
24171,0.0816053633629504,0.08846115963812837,0
24172,0.0686727483653304,0.07604532760230848,0
24175,0.0500553535882945,0.0281271730787461,0
24178,0.0905092875769276,0.06330979662738638,1
24181,0.1581287749804283,0.1543868948419463,1
24184,0.07585549418899,0.048809766384031526,2
24186,0.2527794527240442,0.14515012662795826,1
24187,0.2475703684376798,0.24290174689429284,1
24189,0.1229132223697246,0.18167417508274553,2
24192,0.2109893323751031,0.21296088225394066,1
24193,0.6670465265619685,0.5309484467044724,1
24195,0.2422020674937167,0.23358546225637047,2
24196,0.1013420095783083,0.10286412636316508,0
24197,0.286914633759133,0.22289326436907175,1
24200,0.5017166154067141,0.4715095340766995,1
24204,0.0964341030348636,0.08781927778429433,1
24205,0.0602087034449219,0.07660234733358143,2
24206,0.1143927019185405,0.16021450956517858,2
24208,0.0760182396234951,0.05227983758787437,2
24211,0.0316874761558917,0.02172325363245255,0
24212,0.0370868727077911,0.03531565372294795,0
24214,0.173229334172499,0.14677280137412543,0
24216,0.0435450459461537,0.04388939926752217,0
24217,0.1267035090074172,0.129674692625394,2
24219,0.5766673981790308,0.6544625783632881,2
24221,0.0418788484312975,0.04784040914958515,1
24222,0.1493038099881953,0.11068999980622443,1
24223,0.0523893651275545,0.0578923576540689,2
24225,0.0701091887164806,0.0597717696680911,1
24226,0.1414956220216253,0.11573937455828998,2
24227,0.3726791279625923,0.3785665873126255,2
24233,0.2026541600928539,0.22112104430409887,0
24234,0.2045873553114477,0.1488589461162927,1
24236,0.1391810835884788,0.1739101983714263,0
24237,0.5977140416819119,0.7628593720515275,0
24242,0.0947268918665899,0.08852478135306371,0
24243,0.1838624284812039,0.13790813854259504,0
24244,0.0264632734323293,0.03375880432625643,2
24245,0.0625844021443069,0.0895593232072036,2
24247,0.1575536392433924,0.1453826645439376,2
24248,0.0968868764307106,0.087364504528622,0
24250,0.0402247426219661,0.04570952057018472,1
24251,0.4403536962124662,0.534727096033844,1
24252,0.0643928088002219,0.05941694055563125,2
24253,0.6744955689824744,0.6026665851380876,1
24254,0.0673904968447307,0.05781149656091793,2
24256,0.0715311636471951,0.05925509942993218,2
24257,0.7526163993237173,0.6792952230677114,1
24259,0.2205968881613096,0.19215306227804033,2
24260,0.100522716444476,0.0867757711247922,0
24262,0.1092035648578736,0.10086440462909091,1
24263,0.1075551335759659,0.10901675036730628,1
24266,0.0348410733917902,0.02468701817870162,2
24268,0.2108088085427025,0.1883992602370117,2
24269,0.1698335861218535,0.12434216674907095,0
24270,0.1379087910367436,0.11013476982258369,1
24271,0.1176931388961821,0.12108896011451578,2
24273,0.065201403638035,0.07120932755637667,0
24276,0.0675512334479778,0.0609590336024136,1
24277,0.0588728121733815,0.0728670026548139,2
24278,0.2197290952911498,0.19380412247869866,2
24279,0.0566685662038108,0.05288991943536743,1
24281,0.1527071214877312,0.1326890120142408,0
24282,0.0998803789353771,0.11208541813076517,1
24283,0.1599148140846435,0.1266798013563037,1
24288,0.0729370333849779,0.07007843760004333,0
24289,0.0512157469229392,0.036610410691477496,2
24291,0.0697491979760557,0.0838373401180577,0
24292,0.1459644532151326,0.137378855406235,1
24295,0.3368427487634686,0.4028784818035065,2
24296,0.3756987344957355,0.5184721193698558,1
24303,0.7011207171963599,0.6968589060680896,1
24304,0.8123624101434405,0.7088308361426156,1
24306,0.0686320868362744,0.056701273838549525,0
24307,0.0273967669920902,0.023709236326462952,0
24308,0.535910410072096,0.4696363099582551,0
24309,0.0533097403584112,0.05333893143416968,2
24310,0.1037105978783893,0.06138895713886627,1
24312,0.0600818729030807,0.04757248848258119,2
24313,0.0896765492148564,0.0583356905820894,2
24314,0.0944558485947855,0.07222625271788227,2
24316,0.5137351626643777,0.6340383694774078,1
24317,0.1663471628536328,0.16357393337065348,1
24319,0.2309694410047046,0.2198110053920516,2
24320,0.3930999786972363,0.4399007883698133,1
24321,0.0648069853175531,0.05222031531730952,2
24325,0.5522109984161695,0.4920401603594489,1
24327,0.1695132230509327,0.11741035784255871,0
24329,0.0544998863855576,0.058794852414745094,2
24333,0.7175563347060429,0.6569333096806025,1
24335,0.1189991692005206,0.08766559421388061,0
24336,0.2292245544426285,0.2649728194857932,0
24337,0.0843004940111953,0.06267148719443344,0
24338,0.312872173100179,0.2872175971618476,1
24340,0.1035433146262327,0.1125523919905856,2
24342,0.7205682646081575,0.7101168365582913,0
24343,0.3973516081974073,0.45456095775150895,2
24348,0.0742015320887016,0.06009435367177351,1
24350,0.1502220650905371,0.136198913637088,1
24351,0.7036948582311326,0.5444506000392354,2
24352,0.0912729324339735,0.10327336747123422,0
24353,0.1050679398134768,0.08303249406986306,2
24357,0.1688256155675684,0.15668534818601632,0
24360,0.7736068257423586,0.7548560496044827,0
24361,0.1796750029490438,0.15443518037500498,0
24362,0.4140834034306714,0.4377492901433674,1
24364,0.3702618018187004,0.37938298315081515,1
24367,0.4925608495474786,0.5539075166069523,2
24371,0.168667632869519,0.210059390284995,1
24372,0.0425848956768992,0.06596678469657925,2
24373,0.3933749195367148,0.3909496900182432,1
24375,0.0946089458420007,0.08770986796829998,0
24378,0.0945746510317126,0.07588719985473745,2
24379,0.3740950154656562,0.39343195474074827,1
24380,0.1297013818366228,0.11313643340975534,2
24383,0.4987590719775263,0.4945583400992137,0
24384,0.0728797883240587,0.12623825206239195,0
24389,0.0587929180540469,0.08455784520905199,1
24392,0.1210422787387205,0.09341152711559877,2
24393,0.089864971006624,0.11223965259738096,2
24394,0.1944278276962876,0.20347160318757362,2
24395,0.4385892601776204,0.5874571097673321,0
24396,0.3839105126102078,0.3366048415899555,1
24397,0.3378780591061102,0.34711079080068613,0
24398,0.8565205872444752,0.9029284132753623,2
24401,0.8106078820736753,0.7360979631848223,1
24402,0.1210393707350125,0.10270172731898583,1
24403,0.0486215240454601,0.034911478553907346,2
24405,0.1145984567993797,0.13231525503809755,1
24407,0.1844161106694054,0.16603813939562106,0
24408,0.1324515416958282,0.13069865340970632,2
24409,0.0446204777841969,0.032554119121602526,0
24410,0.1103006291714764,0.11488591858358288,2
24411,0.3066094375079503,0.2597275739825927,2
24413,0.4032121420418817,0.47363214366940903,0
24414,0.0981493988720946,0.12142136270956191,2
24417,0.0571656890344348,0.046084743679440945,2
24420,0.1419880258385852,0.10417912225806611,0
24424,0.7265563806725424,0.6358780548608598,0
24425,0.3864114323081405,0.3005218482457168,1
24426,0.1338441712855543,0.133245712785444,1
24429,0.2990602489418465,0.30654652243362324,1
24430,0.1309296246700144,0.08363313218891442,2
24431,0.2932737462749718,0.2771052869510547,0
24433,0.1124189038715994,0.08859407499389574,0
24435,0.1919411228682994,0.16439648087411432,1
24436,0.3666706286512018,0.3799798999468842,1
24437,0.133409765814906,0.109793861090149,1
24438,0.0690113006607248,0.06751835493548307,2
24440,0.0147846801262317,0.02415381236296995,0
24441,0.6384919584074026,0.6560322963678242,0
24444,0.2086139275555041,0.16134966456650338,0
24445,0.0800134486843592,0.0766573700191846,0
24446,0.1150699485042565,0.17103351558611132,0
24447,0.0385818768463345,0.0318927735282221,1
24448,0.0350137446400562,0.026574442104226527,0
24452,0.1589697515329563,0.13063651462664427,1
24453,0.0452102281579374,0.042394940690202804,2
24456,0.3372002241641199,0.2630944223443704,1
24457,0.1450525006169524,0.1355014543124162,0
24459,0.781369424739492,0.6816803158939093,2
24468,0.0771762438041755,0.05004155301920288,2
24470,0.0983646153154264,0.08855497373956663,1
24471,0.0744119426851495,0.07644179663175003,1
24472,0.4391592036471693,0.4714798313597871,1
24473,0.0365969664885042,0.032502672852090526,1
24475,0.1295791150802172,0.16352077392537076,1
24476,0.3174532554292628,0.2701931403702257,1
24477,0.0435559035913789,0.05988811371380017,1
24478,0.071881641771385,0.07157820339754653,2
24479,0.6698974997749898,0.5897890053731064,1
24480,0.1432839249044434,0.13297152199190032,1
24481,0.1752910733713839,0.14866909091763186,2
24483,0.1519533488859129,0.19470941772037442,0
24485,0.2364452721817599,0.23100746231598074,1
24489,0.1585774076763624,0.11672616029787085,0
24490,0.0760581812991775,0.0670004221225039,1
24492,0.0475304503079451,0.02740782891015395,1
24497,0.0682876502307211,0.053149747892966025,0
24498,0.5049790617124699,0.439742976754463,1
24502,0.2801178785248949,0.30587893471330896,2
24507,0.4754198915781669,0.5937278901115801,2
24508,0.0276873798011368,0.02470428762685995,0
24513,0.0815206884213684,0.07145201731646265,1
24514,0.0649975868584467,0.04351782079415037,1
24515,0.0995730579350545,0.08867154939023525,2
24519,0.3473638253762458,0.4281053826379274,0
24522,0.0864437580572696,0.07614852033957308,0
24526,0.2233276326357394,0.2387636897219746,0
24527,0.0923503044306476,0.0745276479436882,2
24530,0.294237940692125,0.3046086015067065,2
24531,0.1655255794717218,0.17605084836921595,0
24532,0.1818822173918697,0.24875338032519295,1
24534,0.0574952540285484,0.052945875640191105,0
24535,0.3444856903043271,0.41536197629199567,0
24536,0.1973041544543946,0.17855238629434278,1
24538,0.2020923424612939,0.2339644017129312,0
24540,0.0617630085297607,0.043841492569901976,1
24541,0.0841196793337834,0.06994467028140536,1
24544,0.1518873366369518,0.14886951208502489,1
24545,0.3643564512700704,0.4901124188799213,2
24547,0.1466688867318459,0.138521205738716,1
24548,0.0468957306878668,0.035198485095269,0
24549,0.2664097328077652,0.2705962887133847,0
24550,0.1410579444829711,0.15173838459997216,2
24552,0.0655502735947018,0.05477941797100774,2
24554,0.0462413986383931,0.06428089743637193,2
24555,0.0926394362374025,0.110924984783778,0
24556,0.0885541967929296,0.11745210090304659,0
24557,0.2256566233621997,0.21093603639751485,2
24558,0.1799892296682457,0.13265576009924723,2
24559,0.8216210067314887,0.7649872717635818,1
24561,0.4043539584752025,0.41561592824982285,1
24562,0.1606757785300806,0.1563181413533634,2
24563,0.0717225890223712,0.050861474895654776,1
24564,0.0856348637413252,0.07581655180201577,1
24566,0.3015249798224779,0.34544974925108785,0
24568,0.0971655781009111,0.09507523173949238,2
24570,0.5302323509792907,0.3781114884078687,1
24571,0.8911224872044213,0.8936462119306551,1
24572,0.2054887623307018,0.19182616943589256,2
24576,0.1812650456307983,0.17006246955400747,1
24578,0.6091835864948419,0.6663514504404622,2
24580,0.1173459172805436,0.20750107152989833,2
24581,0.2790242387868659,0.23797287583975463,2
24582,0.1139991154873811,0.08321002169384129,0
24585,0.1457175319921779,0.13404527887829734,1
24586,0.1370459139203614,0.11603399114025985,1
24587,0.2335472631237341,0.2327457191828035,0
24589,0.1321623500351083,0.14630605177889125,1
24590,0.1851892197591993,0.13031642582931285,1
24593,0.2254144651360213,0.19866388974501584,0
24594,0.1336668678936249,0.17046493590644124,0
24595,0.4443955442322047,0.46751437051602324,1
24597,0.2080604638365673,0.23526246111530486,0
24598,0.0942142198375477,0.0642888371183241,0
24600,0.0519869784433279,0.04941685465725313,1
24606,0.071944111791304,0.05350611957230745,0
24607,0.0603421014304716,0.056041704425695525,0
24609,0.2921519318660177,0.3052491085620845,2
24610,0.0703564239426317,0.05878759972567604,1
24612,0.127125683370227,0.09063972909500881,2
24613,0.17785464330405,0.2099582647192091,1
24615,0.0597689580896862,0.037569796800968405,0
24616,0.1056251505510492,0.08607119897705273,1
24617,0.1404572977073628,0.13505605660169562,2
24620,0.1788781267753502,0.19238878291949896,1
24621,0.2081704849521287,0.19338481625509757,1
24622,0.1085324853856421,0.1331539982035657,0
24623,0.0739961061778901,0.048688668588767595,1
24625,0.0763563132792902,0.06672518193094602,0
24629,0.1489530676902772,0.10406261511946635,0
24630,0.130686211158911,0.11167067634106914,0
24631,0.1663938240551179,0.17891572169085385,2
24632,0.1545468852257229,0.1698368910935178,1
24633,0.1563766373914462,0.1851438875283046,2
24635,0.1037079480601399,0.09570030803607617,0
24637,0.1451434997220251,0.17021322525316063,1
24638,0.048630811997842,0.03554030275043433,2
24640,0.1303933770788669,0.11590154568320832,0
24641,0.0974315162424746,0.0846214537729553,2
24642,0.099127294827511,0.06205369764059812,0
24643,0.0251309834803249,0.02335506307541125,0
24645,0.3863527586758932,0.47415304632828853,2
24648,0.1299458545955659,0.1267471391285433,1
24649,0.0267663310222371,0.023356928104877724,1
24650,0.1981053798492452,0.1604138824692967,2
24651,0.3796326397162543,0.44318715744615594,0
24653,0.0901016894502706,0.052840431877663824,1
24654,0.0696268972230941,0.09246987745342389,1
24655,0.1401287789366803,0.11330388140835132,0
24657,0.3653502507561692,0.4454128773609673,1
24658,0.1331273362084812,0.14428207829449816,2
24659,0.1122682996238743,0.10265606349938003,1
24660,0.102317772977373,0.1018368598644728,1
24661,0.2150198070206377,0.19158538408134587,1
24662,0.1614983129724403,0.15422021952476028,2
24664,0.1105047078234944,0.11115302463243433,1
24665,0.4094189577103916,0.5187765108335537,1
24666,0.6548356525649804,0.7207048304632018,2
24668,0.096722938666899,0.10099124642646888,1
24672,0.2944968024563387,0.3419358992164257,1
24675,0.6968158554243159,0.551157869423385,0
24676,0.0909284310757136,0.0911733713868013,1
24677,0.7268219880846277,0.7015691316040646,1
24679,0.05809573196649,0.0406478719652922,0
24680,0.6599912977221462,0.7157982518762906,1
24681,0.111617928273312,0.0881983160898557,1
24683,0.0306721843674113,0.023648293234687548,0
24690,0.1263161654155186,0.1294949220906511,0
24693,0.2906870511699848,0.2873083065263765,2
24695,0.1065220305699577,0.11595760737437108,2
24696,0.1903119546501813,0.25421821474379713,1
24698,0.7412089987702324,0.7427504259230597,0
24701,0.0688581900160594,0.04789308329827628,0
24707,0.1140644542463672,0.1571770871704647,1
24708,0.0675552333715405,0.06554410307256767,2
24709,0.6904382975411696,0.7018050622245252,0
24711,0.1575763753513641,0.1838144971716584,0
24712,0.6222940600095914,0.685141728831202,0
24714,0.0919911776606493,0.06452981976650927,1
24715,0.6386880596517451,0.750761037593862,2
24716,0.3578940978808009,0.26150940326819105,2
24718,0.2946460959524639,0.38373948212870523,2
24719,0.1331709061180313,0.11352926159047036,1
24722,0.4489720613764363,0.3346299888734114,0
24725,0.1340378044626217,0.16283381216720189,2
24726,0.1538036037980174,0.13188279994073152,1
24728,0.2077221988813234,0.2417262729876261,2
24732,0.0251731464050851,0.032289052322222525,2
24735,0.0429443070911794,0.034203254448171974,0
24736,0.0721931035589402,0.053261449136115475,1
24737,0.1337291747340572,0.14853389538123432,1
24739,0.1917051502916386,0.1462535718944091,1
24740,0.1066622124042455,0.0952988613259978,2
24745,0.0995084078288471,0.08289334147818149,2
24746,0.3143446606524809,0.3347117955449621,2
24747,0.0892220601639079,0.08864223744797117,1
24748,0.3146034650093939,0.2675626466749689,0
24750,0.2007082685069341,0.2680122694120912,1
24751,0.7698016972045408,0.7454929141600498,0
24754,0.1368895019719795,0.11593840411018456,2
24756,0.1377908169736545,0.2121185214967798,0
24760,0.4365664766442674,0.41755703074663353,1
24763,0.0333742891595847,0.04003650711433762,2
24764,0.05264880753817,0.047142625997588,2
24765,0.2038890363532906,0.09305186915384017,0
24766,0.7621119687883594,0.6508110786584465,0
24767,0.014541531713036,0.01273805651389505,0
24768,0.6936792672466249,0.7286332547973935,2
24769,0.5642580072771446,0.478718033885341,0
24770,0.0832858730292901,0.10850392459773132,2
24773,0.2640966371486252,0.18569775349424789,0
24774,0.2024723655126304,0.21972465222943036,2
24776,0.3269981510486742,0.5170489195192893,2
24777,0.0644499906209227,0.05680944715748907,1
24778,0.2107028718083778,0.16986783163253988,0
24780,0.1444272940126816,0.15376608080645274,1
24781,0.0352195964721771,0.02823768557846955,0
24782,0.6216876638054105,0.6645089210533075,1
24785,0.2483933486807129,0.22311576206060593,0
24787,0.1172738594261304,0.1182122683724759,0
24789,0.1383737946369004,0.14413332440107482,1
24791,0.1008322758520468,0.09885028471413938,1
24792,0.1594741667473411,0.18537692823073842,0
24793,0.1832323745981955,0.15787679427200907,1
24795,0.1279750028427987,0.15636192484857214,1
24796,0.073383728334314,0.06836813256782732,1
24797,0.346376009749588,0.29178417911902876,1
24798,0.6577208698141572,0.6945588532582376,0
24799,0.473409255683266,0.4967512741708034,1
24800,0.4818912606747618,0.5407139824144891,2
24801,0.1024654336645263,0.08421965720060334,2
24802,0.7784112071705345,0.7465523045016877,2
24804,0.135909595014475,0.17339634732665943,0
24806,0.2013266407671618,0.1921830693019917,1
24807,0.2515429472592659,0.1503775273351117,1
24810,0.1466292861568691,0.12094305427283103,0
24811,0.2623676013675579,0.20294088308074235,0
24812,0.1239069159752185,0.12473662748598227,2
24813,0.2401079409082011,0.1756772646199785,0
24815,0.1377201262142326,0.11893827417768585,0
24818,0.7473862234841545,0.743412758395525,0
24820,0.1295867436797095,0.1914165276516124,2
24822,0.2273946629971603,0.19179589433496025,1
24823,0.1135287796698447,0.08160503935371675,2
24827,0.1576711695603942,0.13534298255786187,2
24828,0.768887131056363,0.7308201291572082,1
24832,0.0930263837517976,0.08847391148072135,1
24833,0.0619409858231131,0.05561081552331027,2
24835,0.6005881842651984,0.6769938142118562,1
24836,0.2015866659278915,0.16527015060378125,1
24837,0.0836585770905836,0.06323892564074748,1
24839,0.0941920611443986,0.10899063498318792,1
24840,0.1729365194186314,0.18158270726804807,2
24843,0.1806413015415813,0.07946892298683964,1
24846,0.1192067173000278,0.10302414228858062,0
24847,0.2967733930797748,0.3247741621834067,1
24848,0.0280369175991278,0.02859730804115685,1
24849,0.0641570326462934,0.057952427080778045,1
24851,0.1482928796913586,0.13140812954591996,2
24852,0.2928130797729854,0.3310644217631903,1
24853,0.3824482002404681,0.44972592196173405,1
24858,0.2941328432617273,0.3503653771883007,2
24859,0.1654521585404005,0.2174695954614086,1
24860,0.174664675313157,0.1643562125637021,1
24861,0.1641831338907476,0.24734788129775448,0
24862,0.0692814636090214,0.05889995771173551,1
24863,0.1733284157574767,0.24932610682288908,2
24866,0.310947147555334,0.355211109948224,2
24867,0.2505854427955217,0.2016897580860475,1
24868,0.0321328200636088,0.05654802134101235,0
24869,0.0799048778887542,0.07371735718650804,0
24870,0.1562867872744567,0.21345233589868062,1
24872,0.3406003792070508,0.3625897889352892,1
24876,0.2568774558434292,0.17518751925026982,0
24877,0.7852640693881238,0.720451972898465,1
24879,0.3948597846127342,0.29543809293798934,2
24880,0.0395839456010915,0.05581178144116233,0
24883,0.0435646440027468,0.04130389484926014,1
24885,0.596180638964615,0.6203320051800708,1
24886,0.1175566340187335,0.13654894023265982,0
24891,0.3464652505320165,0.3265970493922984,1
24892,0.0959071097449547,0.08272980702952884,2
24893,0.2047151013974666,0.16001810005190806,0
24895,0.0624111788384318,0.08096475833455145,2
24900,0.5958659458143561,0.6175790945992126,1
24902,0.5034627799103825,0.4669803575528962,1
24904,0.0374014204198411,0.03218241326789445,2
24905,0.0737151704024072,0.05352131596686827,0
24906,0.0989872322667417,0.12465900623476733,2
24907,0.419228079516295,0.509920380200931,0
24908,0.1022556990595652,0.10281686430229714,1
24909,0.1099399865468739,0.10889853253106214,0
24910,0.0390504181034295,0.06348132374114042,2
24914,0.4499825600904684,0.39783707796374823,0
24916,0.1751834433018848,0.22612430787471705,1
24919,0.0246117882475,0.02380676282117565,0
24921,0.0123317642818063,0.010221922261143325,0
24923,0.0540665342519295,0.059686142674591554,0
24924,0.0274932530575749,0.029041423813879648,0
24926,0.2018258209134615,0.1672767897314248,1
24927,0.3676349307179624,0.4340130464749177,2
24928,0.4016228530323317,0.4469778362542725,2
24929,0.0820969058896073,0.09265407207921253,1
24930,0.3509180996169165,0.34316514539876886,2
24931,0.1834737160372639,0.16325146489121742,0
24932,0.1160287511905375,0.07131725451640739,2
24933,0.177004940003143,0.17338954414756963,2
24935,0.2126225768151468,0.19743340787549926,2
24936,0.06438703391429,0.06989880803284855,1
24937,0.1205157545641806,0.1488569452299641,2
24938,0.2924330253065875,0.31308842934446524,0
24939,0.7615925036578948,0.7230162789105047,1
24940,0.0585788350139374,0.04977072022730548,2
24941,0.333607787677522,0.27340935535133754,1
24942,0.2331046113746274,0.17999938815299543,0
24944,0.0943920451170227,0.09291841891028087,0
24949,0.1802165160520671,0.15713046093497965,2
24950,0.0782648075125516,0.05432467831266153,2
24951,0.5557504138840059,0.5307709398987244,2
24952,0.2186742598189379,0.15742603347068454,0
24953,0.153279273459242,0.16916779682833918,1
24956,0.2537646753710421,0.24950998162525928,0
24957,0.0863692542686287,0.07672274037126131,1
24959,0.1391751003572479,0.16143205772010852,0
24962,0.1646842268777342,0.12763501209504088,2
24966,0.1388920329352896,0.1211539822074286,0
24967,0.76793625960625,0.7001082680335156,1
24969,0.7004713171360388,0.6870370503523017,2
24970,0.7529103034333089,0.8094513669100113,2
24972,0.0956613308332436,0.15683659381044496,0
24973,0.1886282126692339,0.1452134009265674,2
24976,0.2025657727474248,0.17580760329307765,1
24977,0.0939468384226756,0.09734614504904036,2
24980,0.1450387364265823,0.21646198258593058,1
24982,0.3721560252830683,0.4285180697709348,0
24985,0.0662346694465796,0.0685958545117521,2
24988,0.081284250378781,0.059440261124737874,1
24990,0.0448138071691892,0.037330461187944725,2
24992,0.0732575721039373,0.057148667612995224,2
24994,0.0978039965119714,0.10662567756592703,2
24995,0.1272243193875103,0.16703438348509436,1
24997,0.8021673760865043,0.7309577264811603,2
24998,0.1165160126694561,0.10909792857835648,0
25000,0.1883033277716181,0.3537939661375145,0
25001,0.2466267917877727,0.2840304546732072,2
25002,0.1121058199366366,0.14883857142254808,1
25003,0.1567111904891119,0.1303375351674274,2
25004,0.2397585247447295,0.17471598098796215,1
25005,0.1485824941531785,0.13691610306109137,2
25006,0.3741680031949667,0.4139020049178217,1
25007,0.6699428068904039,0.6920303773109346,2
25011,0.1838952959368947,0.2049406904367091,2
25013,0.0914555119949335,0.09758037778179095,0
25014,0.0671127656827191,0.10746853429293225,1
25015,0.1824837017980269,0.1824970024918257,0
25017,0.1157077393138848,0.10806863327595286,1
25019,0.1625002543361451,0.15906402370110545,0
25021,0.3177290565920355,0.3149897722514485,0
25022,0.1506798766128004,0.12369253847138637,2
25023,0.1384434807693077,0.14661450255103123,2
25029,0.0780570948552647,0.0857823832567421,1
25030,0.0747326869018212,0.059648791700478855,2
25032,0.2272582372175384,0.2540508301418616,0
25035,0.4112632163107543,0.32501393163386216,0
25036,0.1278219891268404,0.19367073669665785,2
25037,0.0840210672257599,0.08762745740139288,0
25039,0.039096731231931,0.030802918295157,2
25040,0.1456759863142348,0.271068623440649,0
25041,0.0530510038237453,0.06896815539399916,1
25044,0.7542795381444951,0.7358312178931039,2
25047,0.0827840882733384,0.07299613416819684,0
25048,0.0590358803914949,0.05002289343581447,1
25049,0.162687660919666,0.2370298029247143,0
25050,0.1896839973044901,0.18959504715303288,0
25051,0.0784635901312482,0.10557926672401315,2
25053,0.1489312695656866,0.17015502064720128,2
25054,0.9100711484006614,0.8978250984644707,2
25056,0.1123926209645225,0.1191550567800004,1
25060,0.1902607988361223,0.2025358384797135,0
25065,0.1940724010740995,0.12713893426333184,2
25067,0.1901448748775261,0.18493562929333293,1
25068,0.0386687445532743,0.032813931436193426,2
25069,0.2846657703626523,0.19524944164209812,1
25070,0.6678192428737022,0.6227640522224802,1
25074,0.1314428010050267,0.1277726437083395,2
25075,0.1512997420355618,0.17633461123820787,0
25076,0.0438158097546708,0.0526483191410363,1
25077,0.0915229070152052,0.07215830959620365,2
25078,0.2402810890100067,0.22154983573430187,1
25081,0.1689473929952194,0.1403727173817597,1
25083,0.0593686339712852,0.06154201582295875,0
25085,0.5642363245767076,0.5992674887394689,0
25086,0.1695328446819492,0.1886262333994817,2
25087,0.1556337793106053,0.12368567975785723,0
25088,0.087573399602826,0.058538440547266146,1
25090,0.5224052394236887,0.3878652548222493,1
25091,0.0582787618180979,0.04858165749536485,0
25092,0.050638633576742,0.04499717170096663,2
25093,0.2041220433229026,0.40619788519780314,0
25097,0.1744144122284978,0.17214186575691653,0
25099,0.0544180392337095,0.06373681363144297,2
25101,0.0935317024555975,0.08792742072185523,0
25103,0.7832816537582371,0.7808078000682662,1
25104,0.1859688383317704,0.22602122156228382,2
25105,0.151652369752236,0.17024336088052244,1
25106,0.1186698771505994,0.1172278454222645,2
25108,0.1524492946492675,0.12374098485122513,0
25109,0.0778407590178566,0.0753582244405227,0
25110,0.7436142052253056,0.722821530717709,0
25111,0.1947255539244665,0.12666902502443922,2
25112,0.1743347885913689,0.1469053112717898,1
25113,0.12848503370372,0.09135333047475841,2
25116,0.0872406756106225,0.07226727099926872,2
25117,0.1404199386697495,0.14148217900576943,2
25121,0.0570489607589377,0.03940778682327978,1
25123,0.257159130915348,0.2752044113937263,1
25124,0.0453391491273742,0.07097162474459805,2
25125,0.1993724671465485,0.19820676644764423,0
25128,0.1214617870842778,0.09212098453053225,0
25130,0.0795228986870444,0.06838072882516498,2
25131,0.0405220715677685,0.027920107929882552,2
25132,0.2487124628557924,0.2657612275821891,2
25135,0.0966688349574986,0.10392365994227157,2
25140,0.2001824956999936,0.16424139117779035,2
25142,0.2791793570479909,0.11645373380095213,0
25143,0.1904519503035364,0.19618627983381526,2
25144,0.4919389494398236,0.5904469731115867,2
25145,0.0809046952260285,0.07190354560458798,0
25146,0.3982215861343175,0.48374138683019263,2
25147,0.8845080535178836,0.8122102386893284,2
25148,0.0529901730853177,0.044085782448915825,1
25149,0.0720100397179744,0.05921487195447722,1
25150,0.0504318614129344,0.06872404187334673,0
25151,0.1776979854114697,0.23210144798150095,0
25155,0.7230239542459259,0.7189954452488531,0
25156,0.5449594621623488,0.5327961344080124,1
25157,0.1496264012837713,0.14357834577600043,2
25158,0.2343529542500318,0.18541681559251882,2
25160,0.0544430159188461,0.051837108747634746,2
25165,0.1222444259084713,0.10996012387473342,0
25167,0.2204625892259019,0.1770260812837983,0
25172,0.1388106511945938,0.10087633429319964,0
25174,0.1155809224477512,0.14780553085633996,0
25175,0.2537499479963863,0.29435243016749957,0
25176,0.4558426769055158,0.5247204635899216,2
25178,0.4769152852481187,0.4665486342566094,2
25180,0.0500865203721317,0.0534625964173917,0
25181,0.4301685161451626,0.4911739475820784,1
25182,0.2003916746660064,0.26706980642047573,0
25184,0.1224789550250877,0.10956804578526438,1
25187,0.0948705930163394,0.07849081192000243,0
25191,0.4457250304986971,0.33292574713098166,1
25192,0.8353243571943336,0.7530348840253149,0
25193,0.7270114367718127,0.6147008560762215,2
25196,0.3926641325926963,0.36105736000340205,0
25198,0.1302984693194948,0.10132350708716913,1
25199,0.1016891331795435,0.07674998425875054,0
25200,0.1937548447982481,0.13117742487445413,0
25201,0.6954672582503046,0.68605184681942,2
25202,0.1185207397755302,0.11953900128247037,0
25203,0.262955067566738,0.23355476751894835,1
25205,0.1190966782951046,0.1071116411721977,0
25207,0.0909644013009439,0.08030799570558378,2
25208,0.1672349414050449,0.27069439173380144,0
25209,0.0670766340698981,0.03618889668275633,0
25210,0.1188609360625786,0.08948266180197068,2
25211,0.0620416903634232,0.043599631295113496,2
25212,0.101460317956492,0.07761470890900113,2
25213,0.193660607681413,0.223729289629869,1
25214,0.1267221879803743,0.13917398070456308,0
25216,0.1078724721996631,0.11015892774185942,0
25217,0.0864985888193171,0.05415873076488813,1
25220,0.2125285932119791,0.1813927778225454,0
25221,0.5474610321610853,0.5895092412047456,1
25222,0.0867796555754798,0.07014993145730339,0
25225,0.0683688377640333,0.10075740478231747,1
25226,0.3462782765987756,0.2897243747791979,2
25227,0.3968212569049453,0.37051189778165317,2
25230,0.1289561832062029,0.14925548066750266,1
25232,0.1312467468907315,0.1425330468591657,0
25235,0.1628854363443127,0.1694988211614192,2
25236,0.2867943862242208,0.2629264035917662,2
25238,0.1213741309210346,0.12341826517716228,2
25239,0.0763076762235805,0.07144390211449497,1
25240,0.1475653288725051,0.17898857873486357,1
25242,0.1088202246683288,0.12484095876369976,2
25246,0.038364446179593,0.03677570242865428,1
25249,0.7700370026128909,0.8131171233003179,0
25250,0.0833708762170135,0.05883539056840108,2
25251,0.4398951523081881,0.5646657758156741,2
25252,0.0709481509860444,0.056962400696446404,0
25253,0.6721160775137996,0.6669990402410675,1
25256,0.595043700043283,0.6574077860118963,0
25257,0.1463406931858413,0.16678825273172096,0
25258,0.5588728193012925,0.6250846415273423,2
25261,0.4562262382552554,0.5240126394629583,1
25264,0.202602420629325,0.20434242239250444,1
25265,0.1852408562823594,0.1967164177838241,2
25267,0.0914059075419503,0.08689899362405341,0
25268,0.1412276096247918,0.1076774279303922,0
25269,0.1311319293405519,0.1278197067561265,1
25270,0.1353413041184337,0.10892278604020643,1
25274,0.1282577589609249,0.13455264930247615,0
25275,0.1408501385697306,0.1250419154368859,2
25276,0.1451232578490598,0.10934992993222578,1
25278,0.0510782350051464,0.045078148670279226,2
25279,0.1183650873197062,0.08846766557833805,1
25284,0.6618202029172742,0.6996447160050763,2
25285,0.1023160406595912,0.11369399665791928,2
25291,0.0648181423112267,0.07194762294954757,0
25293,0.1177538808922694,0.22035208707251835,2
25294,0.1094766056278654,0.10421380323689662,0
25295,0.0796681270436618,0.07026216371635582,2
25296,0.1073210314412608,0.07967378633882471,0
25299,0.6517709804812066,0.635328852919147,2
25300,0.112194680268345,0.1014558661350623,2
25302,0.1373697490851783,0.2810724262358477,2
25303,0.2515556694665143,0.2886319597073303,2
25304,0.1481532173850153,0.13943526081861352,0
25306,0.4204165398070862,0.4421221548145475,2
25307,0.1317574108172145,0.14976573568486953,2
25310,0.204499399471086,0.2092228633450404,2
25311,0.0366614417524823,0.033330139011099574,2
25312,0.509726944006155,0.5077259243502108,2
25314,0.2054836879226516,0.11658943813349269,0
25315,0.1201648493587802,0.1378854811935925,1
25316,0.0972102134642778,0.08393440040212119,0
25317,0.7526698093657325,0.7849991234919258,0
25318,0.0710542921765954,0.06358324789049191,1
25320,0.0740728855659543,0.05363755770483908,0
25321,0.1228024972808679,0.1869998631730298,1
25324,0.0809294586849954,0.0639849840173547,0
25326,0.0294037010102428,0.038431219186600654,0
25330,0.4362314469322846,0.3716468486526028,1
25331,0.0471666607829816,0.04861912610264353,0
25333,0.0221488645182313,0.019997085142320327,0
25335,0.0526971002210978,0.03954631598606157,0
25336,0.1472992903361803,0.10466395414080182,0
25337,0.1126572467401065,0.14196104291317765,1
25338,0.0608421026863138,0.05706571365989805,0
25339,0.1164451153444176,0.13471455920242295,2
25340,0.176355567697795,0.15237677830431062,0
25341,0.0687946668804163,0.05845925755984108,2
25342,0.1134413512477143,0.12258959257384909,1
25345,0.1317945338600756,0.17686253791781886,0
25346,0.1188769062699808,0.1056640546009071,2
25348,0.2508511205875299,0.2506861925936281,0
25349,0.2577474720997679,0.24858592971474497,2
25350,0.1416952267762832,0.1569438164420082,1
25353,0.1403198724659785,0.1217866981639198,2
25354,0.369572651414751,0.4408623714606323,2
25355,0.1055603786378075,0.0947943958426354,1
25356,0.1288635280977316,0.12241739636149365,2
25357,0.082498276383413,0.06035993245047672,1
25358,0.0681253176666156,0.05970265766574885,0
25361,0.1556186837867506,0.18009731157350678,1
25362,0.1200608731732649,0.12913960273588493,1
25363,0.2173937650729902,0.1879656864548516,1
25364,0.6891071373470086,0.6737513716311556,1
25365,0.1309222461373945,0.09398414142926856,0
25366,0.0632467342379818,0.046256671455167625,1
25367,0.0780763343708228,0.06653048391694916,2
25369,0.1831537669486312,0.1609081067811082,0
25370,0.1167771630660228,0.10068336319179007,2
25373,0.1388245347116951,0.10203477893065957,1
25374,0.5249264765337438,0.5010472418258779,1
25375,0.0738037040046699,0.05009577420862518,0
25376,0.1166145721000532,0.0891957523291756,1
25377,0.0817408101427908,0.10339970819489498,2
25381,0.1603543746795807,0.13539286728683525,2
25382,0.7449436308955074,0.7841919482488526,0
25383,0.0579136427832488,0.07951583230791351,0
25384,0.7211766812904976,0.7038178793588286,1
25385,0.6483192855601191,0.6834428234758085,2
25386,0.0714540263580771,0.07970326058942055,2
25387,0.1385023340746891,0.12078465513852316,0
25388,0.6845400200914088,0.6398921083581667,2
25389,0.1367767525842065,0.10870845989217684,1
25390,0.0641380271177599,0.061522821118307675,2
25391,0.0866857511564482,0.10175649474110662,0
25392,0.1577327731849807,0.10084417533634016,2
25397,0.1088697125925377,0.12955252032701492,2
25399,0.0791829436297655,0.06817435734517092,1
25404,0.1836625571687696,0.2303177758208624,2
25406,0.3078426428676171,0.4142191691701549,2
25407,0.0884779399695564,0.06600768617414837,2
25410,0.0552040891043684,0.06761188953197472,2
25413,0.0953855638762976,0.08418635692463346,0
25418,0.0370508650826196,0.03813119431075915,1
25419,0.1079389749347059,0.08214219412406795,0
25421,0.572832847250382,0.4933144933329605,2
25424,0.0530434437414532,0.05762673696533395,0
25425,0.1517943582744543,0.12342428924350955,0
25426,0.1142466889530237,0.138627215116374,2
25428,0.0791768253952036,0.10259309757439733,0
25429,0.2827869024411052,0.33144816877203015,2
25430,0.1155556599764806,0.10216021388421387,1
25432,0.0460736593672774,0.04989978132076135,1
25435,0.1110342645966122,0.09185680924547056,1
25436,0.1338918661030177,0.12470248678955398,2
25437,0.054598798815013,0.050327214709589674,0
25438,0.0822885930318105,0.070333483475642,2
25440,0.111588588955879,0.10776340855810321,1
25441,0.2189343113832816,0.20972824160740286,1
25443,0.0718484762694639,0.061959830792979495,2
25445,0.0182425255653444,0.01982346395916145,0
25447,0.1303661924517412,0.13859451823695695,2
25448,0.1274903197554329,0.12241549368947378,2
25450,0.0608761985165156,0.09942538852536752,2
25452,0.1874592416524645,0.21180284582129497,0
25456,0.1425871721990128,0.11347938335765922,1
25458,0.1662609031847852,0.13360488767090395,2
25459,0.0990171654865214,0.1391519157188614,1
25460,0.2401124125910775,0.22033325998526782,0
25462,0.0820953401774323,0.06548241204069995,1
25465,0.0769039197969146,0.06933006114151573,2
25467,0.2206242306913218,0.2526533418138578,0
25470,0.0439356622352219,0.05872628550360533,2
25471,0.0309529561422502,0.022615756498320927,1
25472,0.1435513423811882,0.21009131764064026,2
25476,0.0879713248967465,0.08081595748340077,2
25477,0.1111501650060362,0.1157466467095704,2
25478,0.0990053315331385,0.09513428705037323,2
25480,0.1335966788639015,0.12718552241510284,1
25483,0.0946117297394826,0.0991858799703522,2
25484,0.3376424829940037,0.3385629309036276,1
25489,0.1389154387071136,0.09051313908771196,0
25491,0.3845648160292153,0.42696454518554544,2
25492,0.1522396891175041,0.113583120004055,0
25493,0.0597712207236284,0.06021210271503118,2
25494,0.0708009179528776,0.06548561171273949,1
25498,0.1687988864060606,0.18827263254666626,0
25499,0.0701784627462876,0.05866571260316053,0
25500,0.1062846865907633,0.07093445515721455,0
25501,0.1407967301845145,0.15050784793769736,2
25502,0.3016562526273738,0.22706516568994795,0
25504,0.293205268869262,0.23107386171469393,0
25507,0.0555611489185157,0.0417345038551038,2
25510,0.1029376356806674,0.10875826851535644,0
25512,0.1252413043685434,0.09838117554718959,0
25515,0.1304525729491809,0.13637220385830734,0
25519,0.0526556903302105,0.0574780117570179,2
25520,0.3920892097026139,0.25461326367076603,1
25521,0.3038697553878256,0.314895021811516,0
25522,0.0659718323555117,0.052280288831403024,1
25525,0.2347784387092033,0.21389569544943426,2
25530,0.0706840417352313,0.0631031541007593,2
25533,0.7859088697816977,0.7799955660671589,2
25535,0.2647853440184432,0.2439224059627787,2
25536,0.0314803207371731,0.036992940541348,1
25537,0.3697009236860822,0.3608389311192842,2
25538,0.3904511308553178,0.30205326572097935,2
25541,0.7217569141085959,0.7234265413668355,2
25542,0.1199120494979878,0.11263755732936374,1
25546,0.0994166792649439,0.08829377120079047,1
25547,0.3411136777546055,0.3426427732800598,2
25553,0.3661948840456814,0.3701929829377477,0
25554,0.0774419218807357,0.06333507619038249,2
25557,0.2410535133559423,0.21588998462985592,0
25558,0.2336993626284665,0.30942848363234515,1
25562,0.0393979833395523,0.03233425034926642,1
25564,0.0376686501061132,0.0385202965039902,2
25565,0.0751112368452233,0.09034629192555339,2
25566,0.1216653212713736,0.10098906759955417,2
25567,0.0416255008042907,0.030882092624155047,2
25569,0.1051698468312587,0.11116531361818416,2
25571,0.0764147644030329,0.07576878124330991,1
25573,0.128542450838295,0.09169114826367405,2
25574,0.182957106771674,0.17187099716996898,0
25575,0.7348588937912092,0.811799282215565,0
25576,0.0826170462840595,0.10835986195413383,2
25578,0.1179491548731659,0.0943445591144239,0
25579,0.1239335253777644,0.155805167984231,0
25580,0.1543952116880624,0.09001740882191543,0
25582,0.4500743979105325,0.3810770334728438,2
25583,0.0858223838912841,0.06496066631279653,0
25584,0.0420363647311636,0.04830078636829752,2
25587,0.2807877059971866,0.31449263198756905,2
25588,0.6622206542406103,0.48183593532831565,1
25592,0.0660346047276117,0.08336417176185848,2
25596,0.2000728986492079,0.1911947219869337,2
25597,0.1146544233473346,0.14024060891375215,0
25599,0.1397475004894182,0.23904865725097996,0
25602,0.1863396018031959,0.32555767236671185,1
25603,0.0875009097673544,0.06494244875092672,1
25604,0.1307115402158906,0.13163931756285427,1
25605,0.7758670663556538,0.8023644094541932,0
25607,0.2138620662590985,0.2043057377877987,1
25608,0.1517071352229985,0.15384643654085717,2
25609,0.3472030802395109,0.40898646416769024,2
25612,0.0779052848273284,0.06363738172255973,2
25613,0.1156085653592491,0.13581948103157984,0
25614,0.0631560963915155,0.049420091397743,1
25615,0.0449284125918218,0.034986221072558804,1
25616,0.089059308055693,0.09054712777610599,2
25618,0.1080159034707736,0.11847706330774735,2
25619,0.0864277221815642,0.11478478940161685,2
25620,0.3989301870836206,0.5533499290972853,0
25621,0.1039590114193457,0.11222597161354755,1
25623,0.4691984904504249,0.45292531018787596,2
25625,0.0817264006723279,0.052130433864498865,2
25626,0.0451102819110243,0.06995473716298947,0
25627,0.0281662419823523,0.026061928942390348,1
25629,0.0701050294736283,0.05311283545979253,0
25632,0.360271123552351,0.38256953664636106,1
25634,0.7988597414413294,0.7971920015852522,0
25635,0.0972407551724727,0.0879043939442012,2
25636,0.0740197183344327,0.07068072381996403,1
25637,0.0535641950207803,0.07079619067152368,2
25639,0.0463216589128777,0.05459274432979513,2
25641,0.0547798552054714,0.04889209352563495,2
25645,0.1783908276627464,0.15110396537837292,1
25646,0.8174903284602882,0.7974510215206101,0
25647,0.0389223682814217,0.041825212256719,0
25648,0.1259623954901765,0.11242353195488443,1
25649,0.0457512200147481,0.04296380277125283,1
25651,0.1084335738135376,0.07906193872423695,0
25654,0.3263981842002224,0.34540174817370495,0
25655,0.1265457962733158,0.10679711163228042,1
25657,0.1325662396944275,0.12459240905526209,1
25659,0.055774556768278,0.04464431493182342,2
25661,0.2350137915448708,0.2795538976771599,1
25663,0.1106708760890956,0.0864827742714793,0
25664,0.1061457310908612,0.1229271959751901,2
25667,0.1747167733002904,0.1123905409215673,0
25669,0.2231802765883128,0.2118211868796817,1
25670,0.0815336843053755,0.09940215926920272,1
25671,0.091715930751987,0.0567722583890588,2
25672,0.0242080703342505,0.02818122828310335,1
25674,0.138789834338794,0.13128866329383035,1
25675,0.1965424192925298,0.18118786688916813,1
25676,0.2509022105022427,0.28433137729845936,1
25679,0.7007767505044834,0.7248089429603444,0
25680,0.0607652514956623,0.053136217133148374,2
25681,0.1493314929523772,0.16346049612872632,1
25683,0.0839920383369259,0.0654233947195483,0
25685,0.0728742178745676,0.05143963254422045,1
25687,0.3009129687362872,0.36359513008453526,2
25689,0.0187095366191683,0.015353270557100573,2
25691,0.1097493084624603,0.09878721124106474,2
25692,0.0652050191164787,0.06210829814442685,0
25695,0.133790853212476,0.12203710202594521,2
25696,0.1258673430383884,0.10422993885532933,1
25697,0.0852368557388401,0.09886606303681457,0
25698,0.2416844969304844,0.2501859500100995,2
25703,0.1255332316474934,0.10176717305635512,2
25704,0.2966641241558936,0.3096572997401369,2
25707,0.0270216385184437,0.019900121313842875,1
25708,0.0323538225005495,0.044584054619521946,0
25709,0.3708336549946538,0.33780705906586733,2
25710,0.1222680761314244,0.1422958686256517,1
25712,0.1926027990850649,0.18454525225722374,1
25714,0.0949270799120047,0.08507364765798332,0
25716,0.0826155100481018,0.06429853538514732,2
25718,0.1013422571975839,0.08644009286997695,1
25720,0.0904219942897821,0.09422101081385009,2
25721,0.2636748314290374,0.19472144656560592,2
25722,0.0523321990985127,0.08117669770422067,1
25723,0.0934161677282027,0.09297930387118747,0
25725,0.1664324927014681,0.13858755759392863,1
25727,0.0873405467062328,0.06875883718698643,1
25729,0.0880323717843526,0.08511589761199054,1
25731,0.2515096300138589,0.2272778087052894,2
25734,0.1657226677058474,0.13811938600367327,0
25735,0.054349651631518,0.03758843254141873,0
25738,0.0710502419640689,0.09047830258085493,2
25739,0.0922581010580763,0.10308793108013481,2
25740,0.8360040944499068,0.8052610370479196,1
25741,0.0484752498524683,0.0444891400354688,2
25745,0.1437340170336533,0.1402596110848586,2
25746,0.1633754561422367,0.1866106065581675,0
25747,0.1810280555358593,0.23852275890333502,1
25750,0.1302974850140233,0.1626550812327745,2
25751,0.2901129724927377,0.22004866461586867,0
25753,0.3496594509861152,0.30218257955848493,2
25756,0.0947434453415917,0.10920011274594427,2
25760,0.1108930307124842,0.08644081729377787,0
25761,0.2808863194733799,0.20581018752794905,2
25764,0.7276558560666372,0.7281920811031608,2
25766,0.207040800250768,0.2115740223981817,0
25768,0.1273643221049397,0.14392858265545952,1
25770,0.0550283824235115,0.07764002989799047,0
25773,0.0347640326816916,0.032494629466059674,2
25776,0.1011148780941638,0.12572145682522093,2
25777,0.1090234406631175,0.15981410931029963,0
25780,0.2113170222134934,0.18042930690273057,0
25781,0.1856138908070248,0.16524249972124963,1
25782,0.207707132592008,0.22634631120504975,0
25783,0.1127346896841602,0.09657990641402811,1
25784,0.1050656026756223,0.11018829329859554,2
25786,0.0659298367862142,0.0713647963723535,1
25787,0.3723167131861198,0.4262564002900878,0
25789,0.0951146060220293,0.08057511635261493,0
25790,0.0849790696714831,0.08049130965613036,2
25791,0.2602068849328043,0.2843208571629662,1
25794,0.1191823379383421,0.09969188995332688,0
25797,0.0849420081136073,0.10259122756070227,0
25798,0.7816189086465903,0.7784135911559017,2
25799,0.2126226913174296,0.18123390532365052,1
25800,0.0128851464274635,0.0314492025068443,0
25801,0.2276903251078519,0.15702063935613422,0
25806,0.2391976451130857,0.19678749367205273,2
25807,0.0740646196112685,0.06275070288750378,0
25811,0.0597723238990251,0.06467342037272439,1
25813,0.2633816757281984,0.21955610042880394,2
25817,0.2120401073128766,0.17546352007830163,0
25818,0.1434274280000731,0.10507550093428397,0
25819,0.147666886270927,0.10724085608502783,2
25820,0.1087713143977032,0.09173252269482915,0
25823,0.0708008327715267,0.060146462379167376,1
25825,0.1744735298566092,0.15315936414097092,0
25826,0.0654563724843297,0.055812046525712575,1
25827,0.059915621218214,0.04213281808676095,1
25828,0.1587433770330328,0.13329431724697677,0
25829,0.2232567948406776,0.17591033986389681,2
25830,0.1756518133666358,0.17618201829938046,1
25832,0.1237282940728199,0.12513099077889128,2
25833,0.1233451303922033,0.12010191853104173,0
25835,0.7638822432801258,0.7474753715882718,1
25840,0.1825100558429273,0.22840303029503217,2
25841,0.0387302161519143,0.04347671231212227,1
25842,0.039396160013463,0.04083693630995545,0
25845,0.4202913389322382,0.42906845833603663,1
25847,0.1511320044144599,0.13288559790213247,1
25851,0.2261878898397383,0.2669968045305751,1
25852,0.661184337734676,0.7529471517386088,0
25853,0.0599924683611993,0.05149131537066047,2
25854,0.0945584807702005,0.09995523811986184,2
25859,0.2139201659050214,0.19796771712509828,2
25862,0.2149725926290981,0.2539757817487831,2
25865,0.1463202807985401,0.1710060085388165,0
25866,0.0496789248746776,0.0521554591142136,0
25867,0.204814414661675,0.1339406727873509,0
25868,0.1386200820350642,0.10702089313579888,2
25870,0.7924789363631449,0.7662918313397729,2
25871,0.0883863472497983,0.128984824995659,0
25872,0.0997517843976714,0.06613742916369769,2
25876,0.0370894488485527,0.040022368518845455,2
25877,0.0510074272487,0.03700097203862765,1
25878,0.024917011755197,0.060969612567692746,1
25879,0.8110266239790713,0.8016721503092481,2
25880,0.052160986614474,0.06137529999167682,2
25881,0.0388153384014008,0.039970811391934605,1
25882,0.1430377662603479,0.11739441134443565,0
25883,0.1524797271971834,0.1943100631296308,2
25884,0.0501005200189671,0.043665175352262206,2
25885,0.734349409356353,0.724960385080452,1
25886,0.2138410392293,0.20532042114355034,0
25888,0.0998656265618732,0.13178999864410992,1
25889,0.0753823259724445,0.06826885133297875,2
25893,0.186388363962023,0.1705528422675398,0
25897,0.232415900576489,0.22562191253037298,2
25905,0.3413360384642026,0.3340743589570226,0
25908,0.1078623171967764,0.09435929886735578,0
25909,0.213230656797786,0.18324713857445135,2
25910,0.1171003960821502,0.10610346576717454,0
25912,0.1079195289141861,0.0815653048891477,1
25914,0.032498328853904,0.03060754870761965,0
25915,0.1573400176998817,0.17655964426968496,0
25919,0.0441990930428956,0.04316549366318582,2
25920,0.2242344598728107,0.24622588682073762,0
25922,0.1152163971199398,0.08872394029847369,1
25923,0.1943817899488241,0.2349330693750942,1
25925,0.1004535719017654,0.0837275491355714,2
25926,0.0913541607617319,0.09574716604883199,1
25927,0.0698499207450656,0.066872927110839,0
25929,0.249027176572581,0.29496531341868115,1
25931,0.1381320807439676,0.1498641757813702,2
25933,0.0993906991958378,0.06201277699168182,0
25936,0.1660476268049236,0.1181464350984019,0
25937,0.1807978693800408,0.1953329582088299,0
25938,0.0953234161686615,0.09526735176807968,1
25940,0.0879634081026354,0.07101619947912753,2
25941,0.0695133141112722,0.060902011003791834,2
25945,0.1420229055655797,0.13934745831491407,0
25947,0.073879722995885,0.07815521038682395,2
25948,0.0848231080304697,0.07236031247356133,1
25949,0.0921417007214639,0.09317245941186264,2
25952,0.1582739938274685,0.13048877261255776,1
25953,0.0413794228801394,0.0335627184162611,0
25954,0.0677966899704021,0.05448151531263509,2
25956,0.1532186279293319,0.16179520500384298,1
25957,0.3893882055009201,0.38504177376653664,2
25959,0.0953978037962946,0.09625978169517894,2
25960,0.0705212300728824,0.04645512322426348,1
25962,0.582142237671688,0.5025001052318985,1
25963,0.0592452105853719,0.05320819225967853,0
25964,0.0751017712240579,0.0635722385781102,1
25965,0.2716852285603059,0.32996290019725394,2
25966,0.0685468248523538,0.06672419281930181,1
25967,0.0749531934610216,0.06271976767451837,1
25968,0.2465343190845085,0.28532377207480775,0
25970,0.2803290559221275,0.24386201717302103,1
25976,0.1411325774794913,0.17081541015081148,2
25980,0.0669275844896292,0.057467122287660155,1
25981,0.1200177839428758,0.10787368214296136,0
25984,0.0414307984540866,0.035093164634327025,0
25985,0.389870870568278,0.4815750005955216,2
25988,0.0490171085180507,0.03955690666528095,2
25990,0.0650069319015129,0.0701056305433525,0
25992,0.1251512114083984,0.10572964976091417,2
25995,0.1094921641063317,0.14175778536358366,1
25996,0.6905068692892598,0.6743014086037921,1
26002,0.4460861623964487,0.37955374935082875,2
26005,0.0647309720893566,0.05717091234375822,2
26007,0.0827367076568315,0.08140673857155407,2
26008,0.1938964814421994,0.22944327520480687,0
26010,0.0870498202777229,0.07368662054851323,0
26011,0.0364376774967237,0.0409747234557515,2
26012,0.1410781861176737,0.11274860667045505,1
26015,0.1261380749654089,0.0958873944603606,1
26017,0.1050074014323024,0.11529449663386243,2
26019,0.0920035393509981,0.09403764737737234,2
26020,0.1919081847936589,0.21193643391543415,2
26021,0.1259157242242427,0.14962381196945945,1
26023,0.7010401118802175,0.7670711970568088,1
26024,0.1063520100584383,0.08573379964247355,0
26025,0.143273100280705,0.14152726780839842,0
26027,0.0598658019886143,0.0455555861086752,1
26028,0.1927845258347087,0.1672000637886309,1
26030,0.1329768347686609,0.12930159384569867,0
26031,0.1031329584698086,0.10135494401869768,2
26032,0.0897406034174916,0.05951882526894488,2
26034,0.0569599434134601,0.07035779967857678,0
26036,0.0975669981061816,0.06699218981284236,1
26038,0.0723367954841279,0.06313239292653444,2
26040,0.0673317986637721,0.05002694018341398,1
26044,0.8050960418995454,0.7242903801287455,0
26045,0.0441230300400004,0.05861875205198548,2
26046,0.0663947957056455,0.07389914427220144,1
26048,0.0968016935135802,0.09745274164425757,1
26049,0.1670626781359176,0.16685377758017525,0
26055,0.0255169904543018,0.016812420293718523,0
26056,0.1369620204608921,0.12450075791632768,2
26058,0.6906555671595456,0.6146164362789034,2
26060,0.0494602463939137,0.06188841991160625,0
26061,0.209770151689868,0.23664938221308857,2
26062,0.0493256950167629,0.05597655409656542,1
26063,0.8345249008140343,0.7202573099404468,1
26064,0.0330249606510332,0.025319687424426526,2
26065,0.1357458233792242,0.13220681692602662,0
26066,0.2402884155949997,0.2477771862026408,2
26067,0.1201754084570235,0.16278252221501344,2
26070,0.1728732528142107,0.20794100336614488,0
26073,0.1295997612646913,0.1192292495630749,0
26074,0.3354430949248537,0.34537619731864483,1
26075,0.1063119234080314,0.09415333101677738,1
26077,0.3698514809759227,0.37659434668237657,0
26079,0.1273108688567204,0.13587938005341654,1
26080,0.0408244549159057,0.03747086767411238,2
26082,0.0894626905834451,0.06401232977621366,2
26083,0.5933851439810275,0.4672556452397052,1
26084,0.2435583884590361,0.17714883772237025,0
26085,0.0948297723290113,0.11154571775490557,2
26086,0.0827239560816873,0.07970957963229652,1
26087,0.9379565219561712,0.8259140305909438,1
26088,0.1082264257868267,0.19702942804013504,2
26091,0.0813523387522365,0.062079771597129,2
26094,0.0504190724382039,0.03935085536684652,2
26095,0.7548355868561496,0.7546543841322458,1
26097,0.2640056935727619,0.1749667341271517,2
26099,0.7757727984186895,0.728090052617853,2
26100,0.0802274406973202,0.0946776819082186,1
26101,0.0779865527459681,0.08482070862052841,0
26102,0.6834467659680764,0.6966957176804308,2
26104,0.0845830082592874,0.0885586305167573,1
26111,0.279840495434569,0.23288862145576555,2
26112,0.1082674153705407,0.11220649476916414,2
26113,0.1046920393634675,0.09479319922357422,1
26114,0.1371732135322602,0.12909792073230664,2
26118,0.1008179697714071,0.17551596712563822,2
26121,0.1089632068346378,0.0687690703995994,2
26122,0.0873306348668413,0.08723313056930751,2
26123,0.0987455840299752,0.09863119065279724,0
26124,0.1109055460643326,0.12594054586935793,2
26126,0.1944337886988572,0.1696043399954289,1
26127,0.0806829350989999,0.0792693933469874,2
26129,0.1424999468065086,0.1458462350688869,1
26132,0.123669632936487,0.12789168548038188,1
26134,0.1981953172177524,0.23443015785657723,1
26136,0.1238921586252585,0.10014969615050555,0
26137,0.0495922200256307,0.07133765577115447,1
26138,0.0948093989528088,0.09142382541491707,2
26140,0.1429273346683199,0.11554363674787507,0
26141,0.2648489856619946,0.20941032065348403,2
26142,0.0452683499173352,0.04598847003248176,2
26143,0.0649976453945979,0.0445435199071974,1
26144,0.2606493426850301,0.2484038185630087,0
26147,0.4402938799141797,0.41007065256566233,2
26148,0.1469124493083389,0.12086193355269861,2
26150,0.1319565733840051,0.18662988512504586,0
26152,0.056761827344802,0.06688186244652468,2
26155,0.1498790126925176,0.15757117703642426,0
26157,0.0671536201198663,0.06116263642708683,2
26158,0.0636900754061308,0.08154146985846855,2
26161,0.1098595826362615,0.1277046845131525,2
26162,0.0635764508754529,0.056620078435961556,2
26163,0.1160766243436736,0.08063962655034593,0
26164,0.0822903627089326,0.0672742898465606,1
26167,0.0567189940077874,0.0422194886895046,0
26168,0.6385894091226434,0.6206933685370729,2
26170,0.2037252599361638,0.24157967129970867,0
26171,0.6521499958273979,0.6335302923778111,1
26173,0.283070634628259,0.2684612387577237,1
26174,0.8553011155602851,0.755176817757256,0
26179,0.0919562362316891,0.09069415146233595,1
26182,0.172533592878067,0.16912148506506386,2
26183,0.1560472187974679,0.15600955396331628,1
26186,0.0882367004553558,0.14478505983057688,2
26189,0.3734536642445666,0.4200639180902844,2
26191,0.0439151456800166,0.045326386695622,0
26192,0.0865581869642907,0.09138393073586687,2
26194,0.1054942223215492,0.12471640381675947,1
26196,0.2190821930876705,0.2063944766872408,1
26198,0.0983081759835935,0.07612274726874377,2
26199,0.1480485059033981,0.16974995202873064,0
26200,0.1048656449058281,0.10528655065492408,2
26203,0.0677978900980666,0.07992421193200448,2
26204,0.1933312856437457,0.17697884112737713,2
26205,0.0528742707984401,0.03946954020337473,2
26206,0.2602075334178357,0.2762925187881705,0
26207,0.0544982158929267,0.0629825869181679,2
26209,0.0331515291380395,0.02693881241834245,0
26210,0.1877481439332295,0.1613493060622136,2
26212,0.2380841497884426,0.24992267809590885,0
26214,0.1048980310416345,0.12624085286991166,1
26215,0.2651131149178405,0.2285762080707364,1
26217,0.6179616700347433,0.6514729901500383,2
26219,0.1642296716182373,0.15063763730837257,2
26223,0.1384292431437006,0.11039284769334701,1
26226,0.0537233315202705,0.03939608291467012,0
26227,0.2142854355258365,0.26252150423325793,0
26228,0.1290404056786275,0.13961639010159702,0
26229,0.1101750298550273,0.08262356833111952,0
26230,0.0895684908599483,0.07486429186353345,0
26231,0.3769039309022807,0.36132092772092445,1
26234,0.120936428448967,0.12077593436734113,1
26235,0.7209474139642981,0.6546769360435414,0
26236,0.0908472910001512,0.08174202373300964,2
26237,0.0524839947448833,0.0318991338201493,2
26238,0.0463501940837637,0.05010478387487077,2
26243,0.0891250127030685,0.048655197101938726,2
26247,0.4260871008977329,0.46358390121683735,2
26249,0.0838722309061743,0.11197558554826054,0
26250,0.3095865644767546,0.31053659296775105,2
26252,0.0249411130640484,0.01486710131407145,1
26254,0.1059043578932147,0.11145149198423351,2
26257,0.0612794399866183,0.06285560600147898,2
26259,0.096462059967876,0.12190884152858653,2
26260,0.372366409060102,0.39371653814575264,0
26261,0.2074076581462116,0.16544128468357366,2
26263,0.0988751855800044,0.1076049369814186,1
26270,0.1027391390787244,0.0877820297343559,1
26276,0.1480197983093827,0.13482608150976924,1
26278,0.2667658872222775,0.21939776939060826,0
26280,0.2785803984393303,0.2804485221926393,0
26283,0.0475949512877817,0.04348897915506485,0
26285,0.1975530279285494,0.19397646722259676,2
26287,0.0287232746682386,0.0194080309920142,0
26289,0.4025662055735672,0.43187590417053645,1
26290,0.0928309908870641,0.0797602668804243,1
26292,0.0725496108949414,0.08773249835651532,1
26295,0.2772313723281596,0.2703275402110389,1
26297,0.0574114698827451,0.06447826941908864,2
26298,0.6217255513626402,0.7310463561280796,0
26301,0.6056837421071495,0.6804483174773807,1
26304,0.6474699589719066,0.6920539096017586,0
26307,0.1551548511304424,0.21943212732571996,2
26309,0.0824231730663731,0.1200658988834232,0
26310,0.1487591628958215,0.14424028094903885,0
26311,0.2528337302223505,0.27655971610162566,1
26312,0.1799842351040424,0.13271170740327284,2
26316,0.0900180861294169,0.09115407948665537,1
26318,0.099560556150117,0.11821609334008035,0
26319,0.267847276296684,0.27533887984623273,1
26320,0.1290181004879411,0.13101123556173952,0
26321,0.0963737532694031,0.07862550584980993,1
26322,0.2433234777685754,0.24546778043438097,0
26325,0.0677210520683908,0.08914252952378568,0
26326,0.2595926117176558,0.220109128670043,0
26327,0.4628190371429484,0.4645495964521813,1
26330,0.228491865072943,0.1975512298260017,0
26332,0.0993357731594879,0.07850273917410298,1
26334,0.0465890765955755,0.0454735365633775,1
26336,0.069780005671726,0.054407158621665126,1
26339,0.0733560834314711,0.0668871957479675,1
26340,0.0712982677760261,0.0617156099401389,1
26341,0.0898082134798958,0.11213283184358115,2
26344,0.1683501633290751,0.1299148929878621,1
26345,0.1263200054651979,0.12207716651952707,1
26346,0.0991241680006007,0.13701046415817905,0
26349,0.1224358831489045,0.10597841888888254,1
26351,0.0750651955264341,0.07491655427821028,0
26352,0.1524523631335063,0.1624973946772142,1
26355,0.2125026721538394,0.21451327870170722,0
26356,0.1494039128915886,0.1424958583072035,2
26357,0.0943097813505001,0.06417709852013664,2
26359,0.6299489470771638,0.6664097500863932,2
26361,0.0699722953121578,0.07345820457830847,2
26369,0.1038507247304298,0.0758758422538882,0
26371,0.3582480817358828,0.44078728142179063,0
26372,0.1216891807425674,0.1251323265192445,0
26374,0.2353715310105498,0.21316019372577652,1
26375,0.4049776875591109,0.3907119298376322,2
26376,0.3424425238131296,0.3637474402107995,1
26377,0.1658841093629511,0.2071983545420233,1
26378,0.0395918348248597,0.026549800138848275,0
26379,0.7299504056392884,0.788171927710122,2
26380,0.339406657749654,0.36979098941366223,1
26381,0.061364574145812,0.04128101876605457,2
26382,0.453507491898677,0.5196772072849135,0
26384,0.0679224265740342,0.05250623678960313,0
26386,0.1084429734484456,0.10468615034909448,1
26387,0.2647117523434324,0.2819999590727997,1
26389,0.1225972336947395,0.16153375771650166,2
26390,0.2730961381673663,0.18105801961779933,2
26391,0.7258613776010492,0.6849350966033665,1
26393,0.051659298955484,0.048817117839336246,0
26394,0.1566525931440869,0.15583588650768218,1
26396,0.0462688586683899,0.037974587193998,1
26397,0.0830958036089767,0.12117413804923675,1
26398,0.0726163895362449,0.07330268438786207,2
26399,0.1234592807531086,0.11650651131221162,2
26400,0.0662628967124838,0.061308975866123404,2
26401,0.028100706370121,0.021996862682231826,1
26405,0.2730626190371776,0.3068733473603308,2
26407,0.1391674476574398,0.15839822685365984,1
26408,0.1942031040785826,0.2151213178283397,0
26409,0.1975733688138503,0.17747580178287964,0
26410,0.1858578954040811,0.15984026345914526,0
26411,0.094769211403062,0.09259819813457436,0
26412,0.1004727422991003,0.11801949084255167,2
26413,0.5570653350088561,0.501736905788779,1
26414,0.0647934889280121,0.049700322136882275,2
26417,0.1380411286585449,0.1659695500175471,1
26418,0.0435036165532311,0.05819097122226838,0
26420,0.1387353402785137,0.20641876955359534,2
26421,0.172496499610514,0.11744953777985002,1
26422,0.1802097421363345,0.17494939449410524,1
26424,0.0529634850309122,0.0459494757553321,0
26426,0.0800755695653737,0.06602340534944647,0
26427,0.2122423175061145,0.1751494128681706,2
26431,0.1079353193458657,0.09617205598447187,1
26432,0.1121756180944884,0.11530098884863677,1
26435,0.0494241835091647,0.0391864158203032,0
26438,0.1493850568438378,0.14804346202909802,1
26443,0.1162619226875569,0.09795554070632675,1
26444,0.1699066717796227,0.1519445856626646,1
26446,0.3500898918373388,0.2772232601362902,2
26447,0.5149834947979203,0.49783751004248855,1
26450,0.1227058966703456,0.1170041624207469,1
26451,0.0742293579824548,0.055183676707222226,1
26452,0.2219586064959883,0.24312671403166797,0
26453,0.0787058698663372,0.07048385224399953,1
26455,0.74732128636273,0.7969075418616643,1
26457,0.1719179074891156,0.18477393175446893,1
26459,0.1236221134215917,0.11269339672527237,0
26462,0.1265624979263577,0.0922584455955138,1
26464,0.2653729061598872,0.2500536016397148,1
26465,0.109472348679598,0.09591711269865294,2
26466,0.0845945624650064,0.09846624765200887,1
26467,0.1343798982643738,0.12606444141348425,1
26468,0.0982955740264283,0.0728912697759063,2
26469,0.1513795232887933,0.17597341706644934,1
26472,0.1549062790568612,0.1380583624402763,0
26476,0.3851735089235742,0.3512857298139224,0
26477,0.0378368022680901,0.0354544720005741,1
26478,0.0921144284241626,0.09534184687606105,1
26479,0.1977946082168166,0.18021711109881527,0
26481,0.1402537156736351,0.12454524080237588,0
26482,0.313458037073924,0.2561569672186096,0
26488,0.2195342421999431,0.17628022666461263,0
26489,0.0687868242069585,0.07382018674859603,2
26491,0.3582377038076521,0.3467524250294707,0
26492,0.1204445689426119,0.1375396029826716,0
26495,0.5586761098684534,0.5626784796870323,1
26501,0.860006795933859,0.8703069382628037,0
26502,0.1073485431464758,0.08860452222282558,0
26503,0.5067691153894878,0.4469212512745856,2
26505,0.1102428137861909,0.09926019575972968,1
26508,0.0999466673128521,0.12951922362184518,2
26510,0.1365708437468736,0.13845266251088806,2
26511,0.3919973695853773,0.44602223845898153,1
26512,0.8137701698930863,0.7262078165666134,0
26513,0.1559405594179549,0.12630285912006078,0
26515,0.1610204732925784,0.16042580225182104,0
26517,0.5188106154274521,0.5730515592195445,2
26518,0.3545596413416528,0.2979335933804148,2
26519,0.4650873969243952,0.500410135405976,1
26522,0.1689843071144527,0.1283187526908831,2
26523,0.0871844851019037,0.0568784289053745,0
26526,0.1294383433430399,0.20753050953130014,2
26527,0.283245397209443,0.26633440711714296,2
26528,0.0975555045368428,0.1540006376797497,2
26529,0.0410545709061214,0.03831001122239662,2
26531,0.6347428019763713,0.5540609061315966,2
26532,0.1461999480600431,0.13587556337552437,0
26533,0.1311456895497842,0.10711186019098726,0
26534,0.2180549858513769,0.28679891427487236,1
26537,0.1765585500603874,0.19419845965437682,0
26540,0.3280739048169564,0.27405867529599737,2
26544,0.1212805491003758,0.14773669528437436,1
26545,0.0936738656961218,0.07510334631873952,0
26547,0.0437933612753542,0.048962466675028724,2
26548,0.1610730417485616,0.1270652740375737,0
26549,0.1685397863839419,0.13825642259021256,2
26553,0.1386738263276246,0.1877071810772003,0
26556,0.0865877763541612,0.07699258777498612,0
26558,0.0928706598090576,0.14658186454302885,0
26559,0.0955481867053965,0.0927583070458371,2
26560,0.2411129100816472,0.28061889577628396,0
26562,0.2573131709630344,0.2375250955905205,0
26563,0.111305144452918,0.09203971442002151,1
26565,0.8244377815615636,0.7831632912864511,0
26567,0.1698181349679804,0.14596647629650464,0
26568,0.2946894444095002,0.3097723744619216,0
26569,0.0870437342305232,0.05844725468041175,1
26570,0.5738216098469733,0.6146082467077236,1
26571,0.1668288824191528,0.15974854483620415,0
26574,0.2739799184904622,0.21209284319706387,2
26575,0.1630152285612999,0.13201940378738528,1
26577,0.1257864200929201,0.10516363333843004,1
26578,0.1336922674629606,0.1136155591534962,1
26585,0.2727529118753713,0.17797673963458738,1
26586,0.1128545263377482,0.15390549103076853,2
26589,0.6150606972574304,0.7317088860290779,2
26591,0.1032458784245595,0.09247911348056588,1
26592,0.1634662984944698,0.1496216545996689,0
26594,0.1556671540267977,0.24936423896753895,0
26595,0.1703345014415974,0.16047614520451112,0
26597,0.1786286475818334,0.20176662808466284,0
26599,0.3741460673976804,0.3389133686851246,2
26602,0.1824693756841456,0.16674362532107048,2
26603,0.3302116800441355,0.30920535147416683,2
26604,0.1352657866663172,0.10469616103914046,2
26606,0.8039260767861257,0.8644130911302381,0
26608,0.0747032688786016,0.11385574143829802,0
26610,0.3526963029615477,0.3609014976997599,0
26614,0.2956090408947951,0.2596920961945496,0
26617,0.1668214517415003,0.17115029521411224,1
26618,0.2449104180098944,0.3091479195439543,2
26619,0.1049001176388516,0.1521179872908402,2
26623,0.159366068897407,0.12252007416804318,2
26624,0.1378374285817331,0.11952437750506485,1
26625,0.1310711823441854,0.13151716715538259,2
26626,0.0751907703079784,0.06877675847644446,2
26628,0.51713279713481,0.49312560798512195,2
26630,0.0782300025655726,0.0523272961049025,2
26631,0.1517406441092683,0.11066841370649991,0
26632,0.3688461383635332,0.31275947701123064,2
26634,0.2767688375350046,0.33284489034348935,0
26638,0.0813644801569323,0.0674332937823546,2
26639,0.1797896378415978,0.16545395316874456,1
26640,0.1529781193876355,0.1318042072099189,0
26641,0.8134709738355177,0.7911402389030024,2
26642,0.2037171819853567,0.1724363765235036,1
26646,0.1473799485403212,0.13807396235262998,1
26649,0.0930405243721567,0.07468306177902417,0
26654,0.1425827952058855,0.1180041539036311,2
26655,0.1500672480923475,0.16684799385358812,2
26659,0.4572175476109652,0.559752301512022,2
26662,0.1759916185179088,0.09804021642105046,2
26663,0.1404201328758383,0.15632571540584364,0
26667,0.2037404487319843,0.19125824218517512,1
26668,0.182363066684299,0.12216552785065193,0
26670,0.0581059320816413,0.03955280518295573,0
26671,0.1180203602119764,0.18434470220286464,2
26672,0.2161045662396284,0.272990640597258,2
26673,0.2423708881911158,0.23946834590730667,2
26674,0.3238988088537424,0.32838378072779306,2
26675,0.1482431699191398,0.10740206016446285,2
26676,0.134123959791575,0.12639623363119515,1
26677,0.0559905934242246,0.05303125453643083,1
26679,0.1445521593681452,0.14395022490395742,1
26680,0.1807196700352252,0.11623255494832689,0
26682,0.1540905014375791,0.145010055178553,1
26683,0.1574203376988064,0.15648772058908833,1
26684,0.2043486780299871,0.23623662582911603,1
26685,0.3373611994684539,0.371052267267422,0
26686,0.7027498817072052,0.6793776472091437,0
26687,0.6032011234491536,0.5614944583123984,1
26688,0.6744343124627256,0.714820013050644,2
26689,0.168526241976512,0.1631300650794476,1
26690,0.4245489067505192,0.6034594310846202,1
26691,0.1063281754027755,0.09394830588763274,2
26694,0.0755988910576113,0.0657895703614595,0
26695,0.2918500844737834,0.27407110125921263,0
26696,0.1298063731717722,0.11459371533321383,2
26697,0.2147706926549128,0.2899709754427318,0
26699,0.097119839042747,0.09622404179754178,2
26700,0.1131233119625896,0.1286883490838027,2
26701,0.12647364864263,0.1007522008006322,0
26702,0.2190168841490098,0.21643443822096914,0
26704,0.1044130514208907,0.08492587203772738,0
26707,0.7364020612659037,0.7577428785044857,1
26709,0.0944872638643258,0.08325644316429234,1
26711,0.6447978898124307,0.5148705531863018,0
26713,0.7638042171422766,0.7489532038428562,0
26714,0.0514835437960108,0.0488501976531821,0
26715,0.1390283926637584,0.12461702566723168,0
26716,0.5432384361388664,0.5322281033229656,1
26717,0.0772587269588478,0.07059530242997734,2
26718,0.253599675670359,0.29864782569073217,0
26719,0.1110573860043294,0.12092882360637869,2
26720,0.5647293400642368,0.5753124260530764,0
26721,0.1395509989544932,0.1380647128306885,2
26722,0.0633735094737176,0.04699744909287007,0
26723,0.1170978016424462,0.08015042867052316,2
26724,0.1695290312816705,0.22051273132031854,1
26725,0.1243947435908235,0.11534215912484994,2
26728,0.0942970395778094,0.06993062645531382,0
26731,0.1413347567213763,0.1305413095833487,0
26732,0.1235612222881795,0.07442311549006934,1
26733,0.0358092959183465,0.04535660240495123,0
26736,0.0768604694997161,0.075460399640405,0
26737,0.5947620961340564,0.5991224824024804,2
26739,0.5071841291803914,0.5978636180636043,0
26740,0.2160811375517577,0.22513007805233531,1
26742,0.4855658332898235,0.5611293802291184,0
26743,0.0796690058890014,0.06861670508707088,0
26745,0.1450187705896035,0.1577774478005232,2
26748,0.0999102043603466,0.09222686846593323,1
26749,0.0981470264864722,0.0862271670676912,0
26751,0.3267514949717331,0.21717042675551587,2
26752,0.0548730893572756,0.12699656925794395,2
26753,0.0727534239672859,0.05484445342242845,2
26754,0.0438125729850315,0.03206296891047595,2
26757,0.0665867966244682,0.05025055615062237,1
26758,0.3740698374089918,0.36917999634973847,2
26759,0.139759458189033,0.1287002779392325,0
26760,0.1417168355479663,0.16171429949037552,1
26761,0.0411666287965671,0.0265739960473482,1
26762,0.2436880129290131,0.2685153509200404,0
26764,0.0696393070041829,0.0593052326658406,0
26765,0.7085958176043441,0.6804979319659193,2
26766,0.1583326280487436,0.15549445292050326,0
26768,0.1277889013040939,0.11296271761084403,0
26770,0.0755232216000377,0.08177109372200864,2
26771,0.1041550728845098,0.0944027425257313,0
26772,0.2548767647926612,0.19956818354692593,2
26773,0.0719006982213182,0.10411613281811305,2
26777,0.1155586171950568,0.2170837981224804,0
26778,0.1252697636289589,0.15540653850052719,1
26780,0.4950483318823538,0.5013407570412014,2
26781,0.0364271217237075,0.029691407532843776,1
26782,0.4802115990171316,0.4108680552876226,1
26783,0.0479955028098702,0.04229588257550175,2
26784,0.072573461359946,0.07167914129595902,2
26785,0.7346541387291751,0.751865502814498,1
26788,0.0974834841604553,0.09452196505895667,0
26789,0.1487534496403257,0.16689430518589266,0
26790,0.254220238788914,0.2238758690341826,1
26791,0.1665519411569453,0.18310033669672665,2
26792,0.1007100024409905,0.06736114370157063,0
26794,0.0406432313637555,0.02629763369148168,1
26795,0.0492392576168604,0.0823920490608301,1
26796,0.1107002343921738,0.1028588001276757,0
26797,0.0818086367209077,0.090214103883398,0
26799,0.0797446974195223,0.07948204203719442,1
26800,0.1471696513811805,0.148583803991963,2
26801,0.0994966073380211,0.07792779978683816,0
26803,0.2341302010391648,0.2630890883782019,2
26805,0.097904002445882,0.09179753837634586,0
26807,0.0239586280984187,0.022761018934814248,1
26808,0.0319910138852316,0.0381673599729175,1
26809,0.1399746552126438,0.1476883155908711,0
26810,0.0454896247766656,0.03969201265786425,2
26811,0.1021123817986,0.11304703042395607,2
26815,0.1716690104544122,0.16146368227341862,0
26817,0.1394120181372916,0.11152106600899403,1
26819,0.289613726457728,0.3171147064396835,1
26820,0.1186335692242077,0.10453421472255642,0
26821,0.0749970332858201,0.05122001145658647,1
26822,0.1006410947181363,0.06983480091779588,1
26823,0.2842109004028994,0.2748561464456856,1
26824,0.1008808443763948,0.09143406793360503,1
26829,0.079428809982741,0.07020685931054405,2
26831,0.3062926528916259,0.36316750565382205,2
26835,0.0254225922101339,0.011879786574878325,0
26836,0.1759424861386712,0.17047107788665083,1
26837,0.0644345446444423,0.0612579109462804,0
26838,0.4145751003135112,0.3181409641401687,2
26840,0.1335220093512079,0.1961279329891515,1
26843,0.0434371708819946,0.052473130098833705,2
26844,0.1802229101515355,0.15366350416546115,2
26845,0.3256241339531684,0.3177866906349669,2
26846,0.7173049953922738,0.7369988012589502,0
26847,0.7095459595714863,0.6381648217819823,1
26848,0.1775269369131323,0.16913542099356454,1
26850,0.7575781878594919,0.7284061602952829,1
26851,0.0201791604848817,0.019957089080889775,2
26854,0.356989341064641,0.381177012775869,0
26855,0.3193174179695957,0.27041033840861417,0
26857,0.2578414706895282,0.3490554517017884,1
26861,0.1692167565761694,0.13851929149241357,2
26863,0.0996770942026782,0.10374713361536034,2
26864,0.1138357976009866,0.0844265820196898,2
26868,0.1731794743107898,0.21083752237482095,2
26876,0.059011054563676,0.0474813730429918,0
26879,0.0475485684640718,0.03307511360678825,2
26880,0.4491490919869257,0.4470323722371094,0
26881,0.7161674058519402,0.7855828827521678,2
26882,0.0367343295860958,0.0486429648617511,1
26884,0.1718905216789347,0.2294918002314654,2
26886,0.046988294321498,0.0367591150036605,1
26887,0.0861969843965205,0.10487492815321245,0
26893,0.4184620898931441,0.3481942751620416,0
26896,0.1812564124398444,0.22025679838537088,1
26898,0.1836141884437913,0.19200913258047428,0
26900,0.4154815644263567,0.4703610540446566,0
26903,0.1347625352119803,0.12473361094929632,1
26904,0.1662987497754841,0.07269524126952955,2
26905,0.029321080573029,0.02245863513807785,2
26906,0.0962509991231589,0.07521586001173297,1
26908,0.1701077237471369,0.16547241438366891,1
26909,0.1401169681236207,0.15401666050086998,1
26910,0.068594228559744,0.05685561833035102,2
26911,0.6777403296487349,0.65347306938849,0
26912,0.0732486522692244,0.06773998589810148,2
26914,0.1626174036099201,0.1254164606167123,1
26915,0.7499704606453295,0.6663403397953791,0
26917,0.7185245931493484,0.7207019203672125,2
26920,0.202361065077194,0.21159187750378577,2
26922,0.0380485697256918,0.045927792928911325,0
26923,0.3457948453296099,0.42345776759536136,1
26926,0.6685018064316797,0.6786027780543686,0
26927,0.0279671550397957,0.015929365651977553,0
26931,0.140329231924824,0.17282962945353667,1
26932,0.1256362285463118,0.09080561271308335,2
26935,0.7304040342636695,0.7239835205011937,2
26937,0.3875795523889684,0.40581982997367905,1
26939,0.0803191275211909,0.12390818996971815,2
26940,0.0265936462960434,0.023372382325343673,0
26942,0.0570479878615109,0.0609558608179852,1
26943,0.5979857735691995,0.6768732127747659,2
26945,0.0678024205022528,0.052776434687254355,2
26946,0.0935758786237793,0.07445249359524261,0
26947,0.3371983727178158,0.25016080571416266,2
26948,0.7602279820357732,0.7687658067411983,2
26949,0.140721481290557,0.1876018032377926,0
26950,0.1517898729474664,0.06297790027787414,1
26951,0.041468157565172,0.025889631282861675,1
26952,0.3789526884358417,0.3853657577970565,0
26953,0.2539611917034032,0.3816606501275206,1
26959,0.0957364914023207,0.07665418287210986,0
26961,0.1839790558678143,0.21106066777551158,0
26962,0.0770640345042104,0.07465277365571388,2
26965,0.2318203932052667,0.22665354627520462,1
26968,0.0511708273675966,0.04638824897958027,0
26970,0.0341235353841261,0.029954729408513823,1
26971,0.4125444587897497,0.5562428093462934,0
26972,0.0887423559283634,0.07331078036400658,2
26973,0.0315438443356805,0.02620149561732485,1
26975,0.2060563454517338,0.21619714057918205,1
26976,0.0790436502379368,0.1472981071483772,0
26977,0.0473626372564533,0.0433857988788712,0
26983,0.1186811136613228,0.1293381127277515,0
26985,0.1610965703522157,0.19563842229787332,0
26986,0.2769711576431705,0.2516178174593796,1
26987,0.0913509138619427,0.07526618528145892,0
26988,0.1340193229668034,0.1292796923121552,1
26989,0.0612603033127578,0.0454139011200435,1
26991,0.3330939832772954,0.3041942018400766,2
26992,0.1191418207231625,0.09683984245261047,0
26993,0.0708995751538561,0.03703128567935597,1
26994,0.3787527121144459,0.41596047334521113,2
26996,0.1081431751611479,0.0938761974489875,1
26998,0.0559843448524722,0.06606524986914565,1
26999,0.2232680019623339,0.149776168361486,0
27001,0.2331590118603124,0.23647860989980157,0
27002,0.1470576941330642,0.1666610342302831,1
27003,0.1805577984647699,0.11089814349040675,2
27005,0.1213383509583827,0.10081882500162814,0
27007,0.1946491075488092,0.2696173309248485,1
27009,0.2148528238842534,0.2477981328377212,0
27011,0.5861354473267656,0.6203806554220925,2
27012,0.1533552359105207,0.23237345327647335,1
27013,0.0666078037809975,0.044054519968886874,1
27016,0.127943180998432,0.07920113420112267,2
27022,0.2495217688319128,0.2323160549319447,2
27023,0.069789253583257,0.0770104603965756,0
27026,0.0746038182985885,0.061976733687861274,0
27029,0.1682178967103504,0.15063749287226422,1
27030,0.1081854942676157,0.09435893365814524,2
27032,0.1618033266508551,0.16376879476225778,0
27034,0.0620624923469524,0.09034153008136198,0
27038,0.1691781547269328,0.2771218328037246,0
27039,0.0507817821267981,0.037180335697925754,1
27042,0.1158738422531657,0.13101427161599838,1
27043,0.123339086951342,0.10186248620020463,1
27044,0.2249127838334421,0.2102743254373436,0
27046,0.0238203156779207,0.03400054833499555,2
27048,0.5611122744504901,0.6006467038666479,1
27050,0.2778503159849283,0.2601978011132626,0
27051,0.0861445821268699,0.09339970126633515,1
27053,0.1846034262749465,0.14327954838210982,2
27057,0.4262249094954779,0.3426809247269319,1
27060,0.1846578583515392,0.13358354847682358,2
27062,0.2909969306593753,0.26425990307554614,2
27064,0.1422016163961897,0.14079177613726881,2
27066,0.0331234781425515,0.0353600098913102,0
27067,0.383010624798405,0.448444729228505,2
27071,0.0780181516439502,0.04320146353906217,2
27076,0.073807470736865,0.057854365739796576,0
27077,0.0665597215395609,0.09292635310873976,2
27080,0.1058120688458414,0.12303264074974289,1
27084,0.036638807075526,0.03238944969981496,2
27086,0.1543255407316962,0.2069843742845045,0
27087,0.0289129844355498,0.027912535425891873,0
27088,0.421261246728523,0.4506940408812711,0
27090,0.0694311910192417,0.0513911721975013,0
27092,0.5529373591436882,0.5618497555840163,1
27094,0.1425329263372096,0.13146777701558648,2
27095,0.0721625550953278,0.06558644272784946,1
27096,0.0600792250955526,0.0343508114475707,1
27097,0.0624596805437243,0.053360827972835624,2
27099,0.2515801181266798,0.1913517887059819,0
27102,0.1924024831732663,0.152109736388545,0
27104,0.1380256966627038,0.11077788105567653,1
27105,0.3243728486996504,0.30580871507646157,1
27106,0.1813557404239085,0.306378210308646,2
27107,0.2260371770530334,0.17219960656373348,0
27108,0.1008725717316416,0.1006662281259077,1
27109,0.0726014453848888,0.07574731195668352,1
27111,0.3683023105321606,0.3760169760608505,2
27116,0.3411599370850152,0.3184415162130921,1
27117,0.3454847816518971,0.262685242194597,1
27120,0.1032481645593286,0.07405839408522491,2
27121,0.0929733792676137,0.10395951063934233,1
27125,0.1525697536847183,0.18217980552140545,1
27126,0.2796867680867645,0.21624757453769505,0
27127,0.2287421387100972,0.19881580645923258,0
27129,0.1069623189388908,0.0957239613593858,1
27130,0.2696756854806679,0.2598821776938581,1
27132,0.2170338191592933,0.26559775084298154,1
27133,0.0603654322965243,0.052853053752392874,1
27134,0.1179573703367542,0.11307941361680793,2
27135,0.0527574064122872,0.04730935555974253,2
27139,0.1944342804031059,0.222364505719683,2
27140,0.7615608866311319,0.8217221547811934,0
27141,0.139265873975563,0.10574131181150608,1
27142,0.1097057374081648,0.1438024376309395,2
27143,0.1289190732111798,0.1206191651280417,1
27144,0.3951773598741288,0.2862321119232285,2
27145,0.039963225841786,0.04496187109111366,0
27146,0.0548556353138565,0.03720880033572365,1
27149,0.0846193125885721,0.07357818056661783,2
27151,0.339191649559624,0.4309126309849328,2
27153,0.052935199609027,0.04385934646334495,1
27154,0.1216935842372563,0.08087193772927691,1
27155,0.9075773699851272,0.8539915939015286,2
27156,0.0982292069693331,0.10650116383121536,0
27158,0.7876069636494875,0.7989064936384075,1
27159,0.2616593049592506,0.2824027503904843,1
27161,0.8024555654531067,0.8942690837222412,0
27162,0.0650086456144165,0.05909252896006158,1
27163,0.1657448184672789,0.141492312076569,0
27164,0.7234968425695213,0.7584297398798665,1
27166,0.2881112348150437,0.2737813820315513,0
27170,0.0607247809158467,0.053922452716598804,2
27173,0.1984326246368513,0.20857782374851946,1
27176,0.0664739611346238,0.05256461296573513,1
27177,0.2452772782152831,0.3302542145956528,0
27178,0.0590162156963784,0.0658192122134679,2
27181,0.0983105146763863,0.09340214472617592,2
27183,0.0390568771387422,0.0387119232929814,0
27184,0.0499345448131566,0.04775326277750463,0
27186,0.1330507988487547,0.15556672708532973,2
27188,0.0436399772960069,0.043143736652201156,1
27192,0.185468362092678,0.19536774973053767,2
27193,0.8074783845678526,0.8594101826365393,0
27194,0.1198908838521812,0.11432791697083919,0
27195,0.0568781356173032,0.034270185343702825,1
27197,0.3452584778480714,0.305825561974305,0
27198,0.1026773358311362,0.0868251277967308,0
27199,0.3144263395857294,0.36865677085102305,0
27200,0.1237874211387778,0.19366992796228719,0
27202,0.1774048093816815,0.16930040482605496,2
27203,0.1253820411066264,0.16219797625922178,2
27206,0.2870708793319861,0.27292624008784105,1
27211,0.165050390510496,0.18236431623321578,1
27213,0.0652846195583386,0.06341727812339193,0
27221,0.0747288313828888,0.05669257345324502,0
27222,0.8235396899664118,0.809683560669064,1
27225,0.1420880741204716,0.16962294623517948,0
27226,0.1550089535012352,0.24610553443468552,2
27227,0.0710251763404894,0.06887009484073678,1
27228,0.061392650703822,0.06241147140791897,2
27229,0.7332107815913294,0.6944832619351297,1
27233,0.2180482108680653,0.19749258118240104,1
27235,0.0558281273456851,0.08993917469560622,0
27237,0.181884287996361,0.2058470612217252,1
27240,0.0803937054029535,0.09367266507867522,1
27241,0.1062653835120547,0.1445787184015967,1
27242,0.6746721835172877,0.6864646349762838,0
27245,0.1053745723440634,0.1276650613922275,2
27246,0.0926730758973288,0.08191303896080332,1
27248,0.0222285835031784,0.021631822427531148,0
27255,0.8332829711841041,0.8030211491872221,1
27256,0.1189185797477681,0.11470825718524383,2
27258,0.1607897027404491,0.18755809732297352,0
27260,0.7517297091861916,0.640930700060367,0
27261,0.091008358836531,0.07184507489369674,1
27262,0.6175427315517414,0.5006338361218159,0
27264,0.6975868560680991,0.722416442279328,2
27265,0.1963558101614144,0.21563674512087896,0
27266,0.2041969268368393,0.14986467271491505,2
27268,0.7791674038702786,0.7303001790834704,0
27269,0.0441382580872386,0.060335100835558125,2
27271,0.066539541472652,0.0670247339514749,1
27273,0.0510559555507454,0.02269392713476075,0
27274,0.3404892590715022,0.23312010953682216,2
27276,0.0865296751195888,0.09896675501508857,2
27278,0.4416548005150644,0.47318717612276473,0
27280,0.2356675229040909,0.25073598238780703,2
27281,0.0701454370214159,0.06368017428301101,0
27282,0.4882182321044328,0.5214021977282096,2
27283,0.1738549857682506,0.16729702033370566,0
27288,0.0713087233941778,0.0793988595849822,1
27289,0.1979206103574609,0.2556319365299047,1
27293,0.0182922749719884,0.027923597303896774,0
27294,0.1644547008004969,0.13593085499833268,1
27296,0.3787527121144459,0.41596047334521113,2
27300,0.0230824147766086,0.026224720937503276,1
27301,0.1007281143720627,0.1284641549656412,2
27306,0.0617550809096485,0.04509804504736541,0
27308,0.177900313314783,0.14913551821562507,1
27311,0.174674712138647,0.15991736784428617,1
27312,0.3345624450582204,0.32623900017123997,0
27313,0.080909474804259,0.12400495025510533,2
27314,0.1079927979611122,0.11756231590528926,1
27316,0.0841937665110168,0.08072462184008217,2
27322,0.0825349401532517,0.07119377692369348,2
27327,0.1068207129945412,0.07502895954587607,0
27328,0.2274268465876321,0.30733758934731403,1
27329,0.1257213933333681,0.10434182531457066,0
27330,0.1704737569126161,0.22902801645195942,0
27333,0.1036672586053755,0.11703552719177629,1
27335,0.0704154747384684,0.06092341046322882,2
27336,0.1224931453672747,0.1346937148485814,1
27338,0.1206476990092685,0.15131745712130712,2
27340,0.3011804932237061,0.3294492391211752,0
27341,0.136726001277595,0.1103289122572647,1
27342,0.0866401086347282,0.11403255294455192,2
27345,0.0573306196594411,0.050071935568027075,2
27347,0.1427005202992713,0.07390745021116137,0
27348,0.1933394687773851,0.18778618540237862,2
27349,0.0863793687197668,0.08826716467409862,0
27350,0.2274288249135632,0.22020209919996508,2
27351,0.2427871560371702,0.20819197375924484,1
27352,0.1680345574123889,0.17520797889248302,2
27354,0.7399240915125137,0.6676970475796279,2
27356,0.2050601535313876,0.2092803345989369,2
27360,0.1144207448322802,0.049668881898300106,2
27361,0.4997211045549561,0.5856380094998345,2
27362,0.1203218588702054,0.09452868841275557,0
27363,0.1334985630097189,0.11783237521982451,2
27366,0.2900623183696876,0.3709464178214221,1
27367,0.0428083578267948,0.04026065393912527,2
27368,0.763036313628709,0.7244447316726299,1
27370,0.0305644208729876,0.018918525650461898,0
27372,0.0156875479420333,0.017821982668094826,0
27374,0.1021833681862264,0.13436495111430924,1
27378,0.0817681656453508,0.0807552657993407,1
27379,0.1566297856588618,0.1334355367079832,1
27383,0.0610335613552658,0.04530620855045442,2
27384,0.0834688856053627,0.06358679801613243,1
27387,0.7072355102853553,0.8246044099008147,0
27389,0.3175850256940791,0.29004475418835757,2
27393,0.1029173171321037,0.10714581272815332,2
27394,0.7159435031943213,0.7914409387831011,0
27396,0.0411274867469075,0.028937295204018325,1
27397,0.2003167461583694,0.22235310492071061,2
27399,0.2373674028548665,0.21136122048821082,1
27400,0.1835125353201152,0.1988474204299701,0
27403,0.1409437992347974,0.12801338268518503,1
27405,0.1335600349036037,0.08789603870238807,1
27406,0.5641551759192811,0.6370651945895818,1
27409,0.1843260309668707,0.1731522959997522,2
27410,0.0867026048574695,0.06020293613651787,0
27413,0.088278952615148,0.05386466990427983,2
27415,0.1444217497189327,0.1203560585799597,1
27416,0.2914595784176115,0.3503875188128981,1
27418,0.1050247545975484,0.09701921656843913,2
27419,0.107216178113935,0.14826289128319034,0
27420,0.3053867715952715,0.3222937940087552,1
27422,0.1950455521375146,0.2317919166354162,0
27424,0.1138520288224999,0.1099713435613399,2
27425,0.2170880095306152,0.2686693839251376,0
27429,0.1254925641683528,0.16160171478834232,1
27430,0.0884423677155953,0.06283294976558915,0
27431,0.1306591726095742,0.22824350917031444,2
27433,0.344280224852344,0.43122591968072516,0
27434,0.2151148892425806,0.17506669566494315,0
27435,0.1616826470744643,0.12758191637273478,0
27436,0.132742820777128,0.1199268037428506,0
27438,0.0445758997902124,0.041106785986328276,2
27439,0.0535060029573502,0.058325383810784774,1
27440,0.7011522297755413,0.6112440079969239,1
27441,0.6881394273027994,0.6900389939461813,0
27442,0.4810232616059879,0.46849040886381943,2
27443,0.3741220235571607,0.4079046522872755,1
27445,0.0407450093319398,0.03974943565609375,2
27446,0.1173771045495862,0.11322820366322195,0
27447,0.0993272184742453,0.07742808827191916,1
27449,0.6732998159299918,0.5698550303729957,1
27450,0.1621397966055499,0.0973481636408995,1
27454,0.6939634767603002,0.6390866023866599,2
27456,0.1262139076589959,0.13303022620540203,0
27458,0.3689165885432126,0.3259517753464484,0
27459,0.8044810207335751,0.7693075224440241,1
27460,0.0429339491883467,0.04533762960790818,2
27462,0.1064871897183985,0.10016634445386136,0
27463,0.0565643211844692,0.04227848500554815,1
27465,0.1732046873601516,0.21205973573564457,0
27467,0.1373807066668205,0.19312672286426677,2
27471,0.675348972652728,0.6413069067052202,1
27472,0.1025268565933656,0.08793662077606171,0
27473,0.1180076135799283,0.09572248058578259,2
27474,0.7587714554736432,0.7666721877541034,1
27475,0.0654064044984476,0.0531039200089509,0
27477,0.4953226715534164,0.4064997584888171,1
27479,0.0971313790760162,0.10440341279222415,1
27480,0.1910248771482406,0.14061588417072424,2
27483,0.6114646277834047,0.5202717759813555,2
27484,0.5113032733935073,0.5021508503651375,2
27485,0.8295421332438624,0.7329078466949889,2
27486,0.8524251322778831,0.8656336107082936,0
27487,0.1706329051346085,0.15750792132516273,1
27491,0.1628984789445402,0.24125596982510417,2
27495,0.2865818694903137,0.30243661040246694,2
27496,0.2341512753520295,0.16384566160715547,1
27497,0.1791633205862966,0.15369511025668758,2
27500,0.8321200638357656,0.7769681421130482,1
27503,0.2743049493549442,0.22539711966403903,1
27505,0.0859854535687388,0.05517691225795733,1
27507,0.1513646538938711,0.1352356034952862,0
27508,0.1409205421482684,0.15549987749261307,2
27509,0.1467148224438391,0.13827931196788132,1
27511,0.5263501054936202,0.5673128119130171,2
27512,0.4132350534118386,0.5021860241797427,1
27515,0.0622687361043296,0.05592326883052147,2
27516,0.1722989908863019,0.15380227812317407,2
27519,0.2788558990542834,0.25679105226403853,0
27521,0.1685586119156739,0.21836522152143276,0
27526,0.1170208908888102,0.12343359825485595,0
27528,0.0829526293934494,0.08483581304756148,2
27529,0.0680900508283657,0.04543263182461425,1
27531,0.1229278782749399,0.10980669796646314,1
27532,0.0723872489657025,0.04800012892209812,1
27538,0.1627935306011439,0.1434251177086081,1
27540,0.1530408669592692,0.1349493729249649,2
27541,0.1562912357049381,0.27624935880450824,0
27543,0.2877692075052044,0.3312803387984454,2
27545,0.5643832979464534,0.4958055092671019,0
27547,0.2577480681943865,0.21594608906174895,1
27548,0.3016484186510733,0.349642151061851,2
27549,0.785076098461566,0.6519310350708759,0
27550,0.6605487066693173,0.6178118448659169,1
27551,0.4147483741382246,0.4559072091868397,2
27554,0.5890684181661813,0.6659937285151495,2
27555,0.3840795979796842,0.496024769858159,1
27557,0.8131100856831172,0.7941938304896003,0
27560,0.1950007149524665,0.19441183550587288,1
27561,0.1927391894179529,0.1909275723987225,1
27562,0.0714471830183841,0.038384611897461396,2
27563,0.1848872131931867,0.10376154892162776,1
27565,0.1068751798534603,0.14866597417294947,2
27566,0.4794290735054348,0.35892746851699836,1
27568,0.1674153109961128,0.2634365936648799,1
27569,0.1401232794486676,0.19412962829934943,2
27570,0.1589049743852138,0.21863242864336865,2
27574,0.0743864050361938,0.0627651284083088,2
27577,0.1309798064327797,0.14197187763973362,0
27582,0.6610335255809966,0.5213320612047853,2
27583,0.3334232157768424,0.3820840896869704,0
27584,0.0886153234573686,0.06838252480131027,0
27585,0.1167476626481551,0.0850483943740555,0
27586,0.466586708067342,0.5321017843565973,2
27588,0.2469260225135831,0.2198986195749981,1
27589,0.0810984589237975,0.0559492951954633,1
27593,0.1636330678003949,0.14387313078602373,1
27594,0.1610345986912282,0.17503743180433626,2
27595,0.1879167064927327,0.16920157635283534,1
27596,0.1696984848731948,0.15307767564155364,1
27601,0.08136310130334,0.06331682264420865,1
27603,0.0222072483783626,0.032608770598788576,2
27605,0.2652557853059745,0.37665836286951127,1
27606,0.1557017076586926,0.10183371649856132,2
27607,0.165661315424992,0.16106241994431353,0
27609,0.0558253691219331,0.04554986393347937,0
27610,0.0829928570667011,0.08361466449343405,2
27611,0.0895965103035537,0.09086488000327506,2
27612,0.1111919755625767,0.10484438728460943,0
27615,0.054040623922748,0.05701456037096228,2
27616,0.7391583190828973,0.7463717455193108,2
27619,0.6595318770306211,0.690925984217149,0
27620,0.1336576404835577,0.12894492140362734,0
27622,0.204343823485173,0.15395504680503963,0
27623,0.1046194354176984,0.0814729160136657,0
27624,0.6720974158632709,0.7630273732876868,2
27626,0.1241237434273955,0.07736079510840889,2
27627,0.0817502170967229,0.07125289370847784,1
27628,0.5420696974781047,0.6139954873334701,1
27629,0.1069944859641345,0.0996564618780181,2
27632,0.6590120616916847,0.6230300938151664,0
27634,0.1352658660641726,0.11503149319405084,0
27637,0.2715003880039358,0.30211261099706804,1
27638,0.2028672546141403,0.16884828736847263,1
27639,0.2514107664212042,0.2596371942286226,1
27643,0.135413742608797,0.1228946952639879,2
27646,0.0408438801875352,0.043525800802515356,0
27648,0.1675285428947633,0.15763051883275717,0
27650,0.0830379920589601,0.09437571681388233,1
27651,0.8712235930595617,0.8343527249507185,0
27652,0.210471797251044,0.21276100395617603,0
27654,0.6631820019736441,0.6467032401236872,0
27655,0.603647613739097,0.5201040546440086,2
27656,0.1144538383088897,0.10448474512822802,2
27657,0.1333293580937927,0.13126456522916452,2
27659,0.3600226688560034,0.3805071892820226,1
27660,0.6979681939680256,0.7374750758626515,2
27661,0.2231633917065652,0.251160144534232,0
27662,0.0870074081319709,0.11070431286779715,2
27663,0.5479272640803959,0.5637229260803128,1
27665,0.7592687191229279,0.8255381896445146,0
27666,0.1576566656242609,0.10041113871934984,0
27667,0.0888607638920727,0.07611136890289313,2
27670,0.331265322515036,0.2665939292485907,0
27671,0.5609834794315565,0.46101156251343645,0
27675,0.0928485239867559,0.09471018398107918,2
27676,0.6282172732856484,0.8082574820203113,2
27678,0.1723944031238173,0.1663173745980463,2
27681,0.1244854267095531,0.08118707250556258,0
27682,0.2690089332316216,0.3588044237336868,1
27683,0.1910393619664815,0.20576295993971516,2
27684,0.6150439795274844,0.6905135875176335,1
27685,0.074695093039271,0.0512316558697339,0
27686,0.2486072093133485,0.3454830372898199,0
27687,0.1794316111759251,0.22390118833020922,1
27688,0.1189505969367179,0.14380604832317034,0
27689,0.107723053439277,0.1258598273574888,1
27690,0.1726256572952555,0.18377391088125453,1
27692,0.0745251665939533,0.05303914839617608,1
27693,0.0389848366671003,0.04819584515315148,1
27694,0.2447720855563007,0.30798705094106715,2
27695,0.0904320379827719,0.07846711799413347,2
27696,0.0553603572965402,0.04922461635065508,2
27698,0.085794607880946,0.07781596625026867,2
27700,0.2635436880324431,0.2504633082720539,0
27702,0.7763890566668118,0.7267443990811331,2
27703,0.2220387772253195,0.1878408084186421,0
27704,0.4619075368977581,0.5059968389682468,1
27705,0.5035131924013475,0.44202599723167996,0
27706,0.124143203150872,0.1663442370828442,1
27707,0.1266010938231985,0.12698898792048852,2
27713,0.0999718002762926,0.10707743885691495,1
27715,0.0588414299923977,0.0320616103618698,0
27716,0.2958380135489143,0.20860202730264005,0
27717,0.1305347818033283,0.12805829845609792,1
27718,0.0864491337482036,0.07591814254690812,1
27720,0.2356340685350392,0.21277905397898977,2
27722,0.18890701244565,0.17343117849635792,1
27723,0.4678083551689501,0.42366567099044805,2
27725,0.2132058188589663,0.21315779177185204,2
27726,0.1700120192858117,0.19769279158256897,0
27727,0.22281907518855,0.25239273707167986,2
27728,0.2760661520900729,0.2974400975810557,1
27729,0.1097663419679262,0.10020356051291625,2
27730,0.0950839296094542,0.10626357509113132,2
27731,0.8595655150474172,0.8690197765396132,0
27732,0.197038802869562,0.1750797436923406,2
27735,0.0576565837324797,0.043422643561312646,1
27736,0.1255758368052175,0.12033685332329964,1
27738,0.2049260364409649,0.2610879209949568,1
27740,0.1172174346511126,0.12730518577123368,2
27742,0.131118880172274,0.1035666543612595,2
27743,0.7799729957916341,0.836890774390916,2
27744,0.1522000977629319,0.16473031453574616,1
27746,0.1008998724297963,0.09091562352444278,2
27747,0.08715945877695,0.06693692320802609,2
27748,0.7637409225950331,0.742576132949575,2
27749,0.7156925950794312,0.7354616820345752,0
27750,0.1709806330909531,0.16022475229155286,1
27751,0.2979660268392845,0.19385540269044635,2
27752,0.0812781137698151,0.0765195808282957,1
27753,0.0918621111495361,0.04337379095020672,0
27758,0.1162016496438421,0.13891974104816843,2
27759,0.2594529242188158,0.34529967914257054,1
27760,0.6761327799021458,0.706767512126946,1
27765,0.1523135066152472,0.13231598127256256,2
27766,0.2420677748534312,0.25440196754780564,2
27767,0.2619020838898052,0.30907811198866536,0
27768,0.200230166393142,0.17755413431484593,1
27769,0.0836810306710187,0.05491576727611587,1
27772,0.0815043930440696,0.07234698442612578,2
27776,0.2954589235035686,0.3458579612733502,1
27778,0.1084293505880208,0.1294132533501216,1
27780,0.0999066674119142,0.1287670193590441,0
27781,0.1136596397002764,0.1499085730494253,1
27785,0.0626650842311336,0.04083366935800085,1
27786,0.0391049908238277,0.0273553426292303,2
27788,0.1462461224693781,0.18191289704597519,0
27790,0.1243124247201159,0.09661355022059219,2
27791,0.7150073525590719,0.7067726363740168,2
27794,0.6326716812793468,0.7404889465690226,0
27795,0.1261933555470843,0.1847803196725312,1
27797,0.068204908080059,0.07206170362410139,0
27799,0.1110489267406551,0.08694491290113672,2
27802,0.2811453444899037,0.2545232908173048,1
27804,0.2005260908491082,0.21250341596491587,0
27805,0.2137770717201797,0.24962733839521556,2
27807,0.0960810084295157,0.07194337482693847,0
27809,0.0522021071256894,0.0295121453027633,2
27811,0.1288829023687081,0.15368061387351478,0
27812,0.1486771158123137,0.14791003163865002,1
27813,0.3672475949372356,0.4089818208629302,1
27814,0.3306084351391202,0.35592621508430783,1
27815,0.0924616245948722,0.09081828653856427,1
27816,0.0324589118755088,0.04361677972457145,0
27819,0.0484844758479173,0.07283495458722515,2
27820,0.1135893505825665,0.09014246601340682,2
27821,0.3206651744755414,0.39322916790986007,2
27822,0.049493816846714,0.043223635701706745,2
27825,0.0412730982861873,0.0406123231984479,1
27826,0.1298874659035664,0.1269421573471497,1
27828,0.1118081708960223,0.11838190930035986,0
27831,0.0467825594028995,0.0544928812967334,1
27832,0.0440063000189355,0.03744274127403735,2
27833,0.0731169437208417,0.08293491106697512,2
27834,0.2741777888533145,0.2623880517730439,0
27835,0.0524185029756341,0.057898584569949355,0
27836,0.0730585695411824,0.09227472216197677,2
27837,0.1021260598005636,0.1123127283156588,1
27842,0.7129313227914921,0.6782141753986253,1
27843,0.3748825975992194,0.5076102052584026,0
27844,0.3299031532164069,0.2900416130783197,0
27845,0.0301526691582454,0.04398403264963567,1
27849,0.1211620896880885,0.09730947017391567,2
27850,0.6368300349117572,0.6422758734955615,0
27852,0.640149468652802,0.7421865739453977,2
27858,0.788981023871198,0.7999890089919428,1
27859,0.6553616606347049,0.6928201161851495,1
27860,0.133994571989768,0.11109482400553966,0
27861,0.1507243510336785,0.11676532441617686,1
27862,0.0555117153494614,0.049996480347633945,2
27863,0.0670989576421535,0.07138851958938353,0
27865,0.1320043431438417,0.184497272461655,0
27867,0.076613004418359,0.07576263314411077,0
27869,0.0799341628906194,0.08604581933895095,0
27870,0.1363725928070873,0.19545984788019927,0
27876,0.2161819400226085,0.24873361103985736,2
27878,0.0880103847321113,0.06497042767853498,1
27879,0.4908760431370303,0.48522090756267844,0
27881,0.3037559044590817,0.33200820519494506,1
27882,0.0352829006414121,0.03192094708115817,0
27883,0.0657087293675627,0.04639143019371673,2
27884,0.7252502135271887,0.7436503012595488,2
27885,0.0483431476058009,0.06666789726124113,0
27886,0.0529407057501378,0.043926587491703424,2
27888,0.1298017160545105,0.08998802872369484,2
27889,0.3588857575250902,0.3467628133168629,2
27893,0.0899443162549026,0.07992152092518875,1
27894,0.0811530452108642,0.05172203402832485,1
27895,0.0560357625794821,0.07367986787655972,2
27897,0.0726609904640517,0.11518872109437431,0
27899,0.1636489500913966,0.14907110005002697,2
27903,0.1433791182677455,0.1388480661142566,2
27904,0.1254433722899716,0.1115175377404784,1
27905,0.2174196484415245,0.2109724197666329,0
27906,0.1092371730812279,0.08298942292649805,2
27907,0.0836380106743748,0.09597898613334088,0
27910,0.2951792687183145,0.3356071145827659,1
27911,0.222952907429781,0.2512985545238362,0
27912,0.1134836879907617,0.14044274406651175,1
27913,0.1116088914281979,0.1604336754051075,1
27914,0.8577284872217958,0.864412610667168,0
27917,0.0422892994784911,0.034768603016159104,2
27919,0.0796311624127162,0.07991951534726535,1
27921,0.3972398570544311,0.49476300235743487,0
27922,0.1279465578453434,0.1417753805930444,2
27923,0.4278053319632025,0.4455255408004667,0
27924,0.114163423279893,0.10351896793012147,2
27926,0.7286018312966789,0.7764780095554789,1
27927,0.074235021852288,0.0836832569407194,0
27928,0.1686982693124756,0.17122391343072915,1
27929,0.2964217928759419,0.3306926179837198,1
27931,0.6308270624805823,0.6951312413075891,2
27936,0.2066449289147884,0.2083484041097843,0
27937,0.1541335105859471,0.13474168928029231,1
27939,0.0457786837698766,0.037598290128517474,1
27940,0.1608472807919461,0.15230633189140058,0
27944,0.2271749846579699,0.20247112551167198,0
27947,0.1271462208133494,0.09832740865658197,2
27949,0.0385368151267208,0.028516955461355378,2
27950,0.0338403872126982,0.0243180738299509,2
27952,0.2248038876005186,0.26454129125792186,1
27953,0.0951711117563376,0.09303461674847566,2
27954,0.081193360233512,0.10703658706758053,2
27956,0.5409011484896511,0.5603897548954343,0
27957,0.0941833658123484,0.09260876770225092,2
27959,0.8898713314004683,0.860663341182553,0
27961,0.1644528736454096,0.1437635493207698,2
27962,0.3087186002224338,0.26598041269324013,1
27966,0.2945979671964943,0.35200307650604035,0
27968,0.0439920133006302,0.05493826758590752,2
27970,0.0914684372663178,0.09478071273608431,1
27971,0.0551464771318903,0.042889841124831976,0
27973,0.0542171467427779,0.06249893765368511,1
27974,0.1708955927537002,0.15325993169260357,2
27976,0.1056808858353685,0.10367384114186093,1
27977,0.077140008106146,0.08062672829106961,0
27979,0.1128415837525188,0.12014844706236386,2
27982,0.1282546899708316,0.09038761218834758,1
27984,0.1978146174731966,0.2497897870084438,1
27985,0.0806262612292633,0.07866661703710047,0
27986,0.0979597430118123,0.07357017990045805,0
27987,0.0363576547936553,0.0318407860018382,2
27988,0.1373166089430397,0.14201189866714056,1
27989,0.0856293207333136,0.07118787910277193,1
27994,0.2221955437697272,0.23732746805339017,1
27997,0.1186411978286385,0.1091241729738251,1
27998,0.1348267307798467,0.1743900965899714,0
28002,0.1039064867006409,0.08800843789438574,1
28004,0.0538315079759151,0.06340647761030785,2
28006,0.0219349240906062,0.014227963746665526,0
28009,0.3018584879357625,0.35774319121717457,2
28010,0.2006900244689801,0.1963083459892178,0
28011,0.0452450772263229,0.057559338115955205,2
28013,0.0759590127027443,0.08220475251754303,1
28014,0.0778655783862623,0.0608470184862627,1
28015,0.089234065768944,0.08986324179396407,1
28017,0.1757241328590787,0.14341200492318243,0
28018,0.0573487040611802,0.08325482647443436,0
28021,0.6843805324760738,0.6481536286440668,1
28022,0.0371470141530333,0.06554325759154403,0
28023,0.0770325155775119,0.08742350729300224,2
28024,0.0730495836070821,0.0565938980739236,0
28026,0.1070293621112252,0.09630463022563059,2
28027,0.1795653033525956,0.17926417283642554,0
28029,0.1100737621544322,0.1367784566164567,1
28030,0.1338534615621156,0.1480899086375775,1
28032,0.0915913726032509,0.0865615850490318,0
28034,0.1832839345958774,0.2005502516942579,0
28039,0.1437920763602991,0.17022626169416993,1
28040,0.2280240762739014,0.30004199782742713,1
28043,0.2071373982334198,0.23860825930148966,1
28044,0.4620758875052218,0.6510811556843552,1
28046,0.1134645699071887,0.09938804492534582,1
28047,0.0911001277550229,0.10488369474331724,2
28049,0.2135246745412451,0.19990443665579088,2
28050,0.0982535577620377,0.12434372481974176,2
28051,0.0183126326714309,0.014638213355095875,1
28053,0.1855039635201689,0.204751957806404,0
28054,0.0360058130067352,0.029862725244832973,0
28056,0.289618559733526,0.23646363951169383,0
28057,0.3409653286401976,0.3928575632836331,0
28065,0.1221646335058762,0.13625961019848493,0
28066,0.5504510485959827,0.702874599022786,0
28067,0.09826787179181,0.08697960119455783,2
28068,0.0707160463815286,0.0604017497379184,2
28070,0.0523732805757015,0.0513747958694215,2
28071,0.0718076902000648,0.057989041019405024,0
28072,0.2758991164866615,0.35270809236045597,0
28073,0.1383202955996951,0.1731425007298184,2
28074,0.3037951806201736,0.25514171725505547,1
28075,0.1505690399925527,0.1014123919774811,0
28076,0.0728954581077393,0.12273026401416705,0
28077,0.698142127709876,0.6773208149130799,0
28080,0.1352479155232048,0.11538841944345456,2
28081,0.1950606086488804,0.25296996036353886,2
28082,0.6311140219319249,0.7448774492942957,0
28083,0.0719335161987234,0.06780063983227103,0
28085,0.0920466309578485,0.08433012360805472,2
28087,0.0788666119300642,0.09211731010585639,0
28089,0.0373587839919264,0.053417449644881904,2
28091,0.1880711979621192,0.23693474728666364,1
28094,0.1282523436081822,0.144615079020449,0
28096,0.2378366197229384,0.2035257168371935,1
28097,0.4926570236956679,0.607905422491098,0
28098,0.0176176113378281,0.0269709682491021,2
28100,0.6228695091198617,0.5838156325720039,0
28102,0.1117134380569018,0.10903104926651377,0
28104,0.3632350203552262,0.330844937285203,0
28105,0.3290520169754559,0.3460960689025808,1
28108,0.2450297936264872,0.19810185565263635,0
28109,0.7019046909703259,0.6487913060677425,2
28110,0.2149947003043146,0.19378349793824828,2
28111,0.0620650548813755,0.051530410175744154,0
28112,0.1033686987590607,0.08075358972915697,0
28113,0.0303121234506832,0.036534150757079054,2
28119,0.1139711215541631,0.12809509261026888,0
28121,0.0912862098043145,0.08052957093043837,2
28127,0.3672415987813926,0.40070413519869363,0
28128,0.2024441830278613,0.20998986390099125,2
28129,0.0212812319314914,0.018251826444405525,1
28131,0.1031954745911981,0.08559248426590821,1
28133,0.2851272532576352,0.21170189695207156,0
28137,0.1445514948195745,0.23040515769339417,1
28141,0.1107555315921711,0.10238859873801592,0
28144,0.8372520577855359,0.7065321555318477,2
28146,0.0236537088570255,0.013981080872112276,1
28147,0.0680723430693676,0.071717383088951,2
28150,0.7350804525907118,0.710691536896399,0
28151,0.4306039933702975,0.3867704008909013,0
28152,0.035041361287016,0.0468882824807304,0
28156,0.0916699514464867,0.11379705718909114,1
28157,0.140595430240543,0.1383975868177944,0
28158,0.0484697284771242,0.04685737725673113,0
28161,0.0342779742524419,0.0309469719695642,1
28165,0.0983200586794021,0.12657090181968417,2
28166,0.2272042426044022,0.18057193077942235,1
28169,0.0487992573012048,0.05638658489838695,0
28171,0.5060930596366647,0.5140067482927887,1
28172,0.16591489824431,0.1462875952685752,0
28174,0.2508421452637885,0.27369251610250184,0
28177,0.6556827605630372,0.6999389799174774,1
28178,0.2246323770549617,0.26561060188793995,2
28180,0.0997648933650112,0.118738052343513,0
28190,0.1418177353011894,0.12308774299720524,0
28191,0.1267250521990637,0.124460582833331,0
28193,0.0887978398731144,0.09992966651784173,2
28194,0.0878617744276476,0.07339757026300628,2
28196,0.0615192166851691,0.04786026526610562,0
28198,0.0900657704860429,0.07873693649439852,0
28199,0.0443246906840837,0.037930706818266144,2
28200,0.0669417207940448,0.07142374577216358,2
28201,0.0655812942205437,0.0631052532283127,1
28202,0.5255950506644577,0.52776552087179,0
28204,0.1494586022268786,0.1657555894298262,0
28205,0.2571340271180403,0.2496587362349475,2
28206,0.1496204199950395,0.11608161038897058,1
28207,0.3170352744835094,0.3762678295344314,0
28208,0.2856706276499641,0.2410937022671537,0
28210,0.1175004164706806,0.11178340786326854,0
28212,0.0865397574567026,0.09840681409777247,2
28216,0.1621347024860542,0.17256799495547392,0
28218,0.094944685395743,0.07697467075235151,1
28222,0.0912394109254225,0.08478080516251105,2
28223,0.1983914927697201,0.20283654000332715,1
28224,0.0663222424903568,0.0831023444266682,2
28225,0.3189829457623485,0.35624794754660505,0
28226,0.0598544434395445,0.045799824273511175,2
28228,0.1165674519542946,0.11996527212071299,1
28229,0.2937718401339689,0.31540342925352727,2
28231,0.2270741633479451,0.18652788766923556,1
28235,0.1355660051739607,0.08726282134632628,0
28237,0.0437872233181596,0.0489587031113071,2
28238,0.0362276793753763,0.03651599970416659,1
28239,0.1638543515031542,0.16227689392340144,2
28240,0.2312856276732257,0.13785387490592427,0
28243,0.7146151535458823,0.7556400197914661,0
28245,0.2041875096741352,0.1985607781986973,1
28246,0.3499615984571426,0.23758823400716725,0
28248,0.1610689823663222,0.14335294381691505,1
28249,0.0542352511629305,0.07419781225794164,2
28252,0.0922870275750458,0.09538369101779075,2
28255,0.1003512384031811,0.07363052722730823,0
28257,0.054142817000065,0.07016233884035339,0
28259,0.1632700563187946,0.1563871028692963,0
28260,0.3145499337426051,0.472770548902231,1
28262,0.8210648057822282,0.7672371974197384,1
28263,0.1797735473591835,0.1408015452241364,1
28265,0.1434563046699537,0.2096034501960326,0
28269,0.2818932162852107,0.32511856459144084,0
28271,0.3265394231089082,0.31616534351327,2
28272,0.0729678118278126,0.05408242771869677,0
28274,0.1706810725887175,0.12060608544335737,0
28275,0.0583504758300176,0.0406411722514495,0
28276,0.1845595781119411,0.12619779086572838,2
28277,0.0544264005865554,0.057188479981246695,0
28278,0.0116738053640026,0.04269948471385037,2
28285,0.0794160174992755,0.07372630822764059,2
28288,0.6619922177990848,0.6023895992398478,1
28289,0.1183716223188539,0.11672912206674707,2
28292,0.0626859910806137,0.0670532012202256,1
28293,0.0336095628288483,0.05617053669029895,2
28295,0.1437483739056846,0.1346523555387091,0
28296,0.0661821774209089,0.08630265143126363,1
28297,0.0653998007409943,0.08916495576227546,0
28298,0.790157883338537,0.7715352100929626,1
28300,0.1351316049087277,0.17035272012799102,2
28303,0.0993820926673176,0.08520791434386157,1
28304,0.0892967191943456,0.07964478636337893,0
28305,0.5524189568016055,0.5824110480960187,2
28306,0.4311756650994188,0.4861147310328574,2
28310,0.0464071046057327,0.042469402273702904,2
28312,0.150112298225175,0.15407637547218533,1
28313,0.0571117368674471,0.04510189189926183,0
28314,0.2095860842017423,0.16727888353516954,0
28315,0.1477898512894349,0.13141666133334556,0
28317,0.0659537689167891,0.022107123935564573,0
28319,0.0318716741821585,0.0374930707077638,0
28321,0.0309714627264876,0.05074568695105052,2
28322,0.1008190035289589,0.06512551708366163,2
28324,0.7224910786697311,0.7532122323508081,2
28325,0.1560502222772954,0.1433333286933192,1
28327,0.0543481679948627,0.04184250157171425,2
28328,0.2450508198435603,0.2787106600986856,0
28332,0.1256816976303925,0.13901518999636722,0
28333,0.0375403812961042,0.04039910414602718,2
28334,0.0428117036087299,0.07567335037870965,0
28335,0.2221824448592427,0.23810936349361278,1
28336,0.1360721594544415,0.18885471787163727,0
28337,0.1848847707016125,0.1874000240162888,0
28338,0.0861076060179116,0.07048557779768602,0
28341,0.3545971141522753,0.3436678031779804,0
28342,0.2997538148759243,0.29180967508100947,2
28346,0.1770185081246648,0.2071996086221146,1
28347,0.1736981797235586,0.19750622671699197,1
28348,0.0596791094515225,0.08101144914299897,0
28350,0.7616177895282898,0.7137900925426139,1
28351,0.0828890983654887,0.06589247841054242,0
28353,0.058796696270066,0.03855095824236245,0
28355,0.2825729538690904,0.2503486387043119,2
28356,0.0326039729077248,0.039577223600048395,0
28357,0.0741871095033963,0.043991014748518895,0
28359,0.0315747615565944,0.02897078275863155,2
28361,0.0952890217990857,0.10486458986585898,2
28362,0.0886234241809428,0.06593125788077142,2
28363,0.0551028768217474,0.0744380505405198,1
28366,0.2585029766938219,0.29163487815292993,2
28367,0.6818536670444594,0.6102520929017958,2
28371,0.3688753406947586,0.365650242019247,0
28372,0.3072643949653149,0.30080512290171285,2
28375,0.4627293634546458,0.46030571741851667,1
28376,0.0759545684605385,0.08032539383896692,1
28377,0.6991309936955012,0.7098015520052152,2
28379,0.0340777437835928,0.03308551377523272,2
28380,0.125554704532361,0.10635548862037893,2
28382,0.0760775533840117,0.0641612517667288,1
28383,0.1789916178702127,0.24744869969140493,2
28384,0.1951417018862965,0.1553191068482482,1
28386,0.2987884287298766,0.2385384136520102,2
28387,0.0986226842538244,0.08975582849242095,0
28388,0.1053728257008804,0.117647809382642,2
28389,0.0669467943482199,0.0736994656233856,2
28390,0.0593544948978943,0.05455735228900857,0
28392,0.1999529611446144,0.2372889575638547,2
28393,0.2552586420817552,0.38835613052953094,1
28395,0.0679554496241225,0.048251628674665,2
28396,0.1350421362508118,0.17208855336020534,1
28397,0.0697700732342019,0.06649881530382702,0
28398,0.4664894372205485,0.49062921908201224,2
28399,0.098615004598412,0.10602609370465307,0
28400,0.0354663637854556,0.05267797670188905,2
28407,0.3025286780505282,0.30900644830131835,2
28408,0.329231058463898,0.338768581138023,0
28409,0.0409565367194699,0.03265528404808651,0
28410,0.1215293622729483,0.09448089225555988,0
28413,0.0356552259283018,0.03967841495247422,0
28414,0.0887727650346807,0.09903268522684427,1
28416,0.0804648584011569,0.07618585973769801,2
28417,0.0608065632474473,0.0520951253561586,0
28418,0.2714143786808258,0.3032507142676791,0
28420,0.1425559888642728,0.1608395286436117,2
28423,0.0805155600766474,0.057629333820592946,2
28424,0.0849335742863622,0.06703593347442116,1
28425,0.0378009553544316,0.020851128275563374,2
28426,0.0724294253307168,0.10749608275760662,0
28429,0.0473101456698269,0.03777546704610625,1
28430,0.2162863729091967,0.1576560966804064,0
28432,0.1762615859327853,0.1332928477368457,2
28433,0.0604659876435921,0.0540980704144591,1
28435,0.1391434263368969,0.11056557831334465,2
28436,0.5135929051483435,0.2330719039515437,2
28437,0.1230116040977088,0.10976311721120144,0
28438,0.1732856100034537,0.15683264100334882,1
28439,0.1582509125055554,0.15283031200590627,0
28440,0.1197815699413744,0.12424159161605995,1
28441,0.1331036860146858,0.13230717714758042,2
28444,0.0720851546204946,0.04914283328234155,2
28446,0.0994003884186315,0.09218172946299577,2
28448,0.0823645546744031,0.05404740211867382,0
28449,0.0361992897951222,0.028328312701746676,1
28451,0.0399630813704383,0.0510811252291739,2
28452,0.0753859788590528,0.05906850112069045,0
28453,0.1745597733384151,0.14939005669738517,2
28454,0.6868656862485855,0.696316430869132,0
28455,0.1286678830816555,0.09807103128779063,2
28457,0.1479549030434055,0.12920470405367965,2
28458,0.1657313187872167,0.24134395422661203,2
28459,0.2223649080286054,0.22070156313573266,1
28463,0.330597187334016,0.3839351854966321,2
28467,0.2697550286239931,0.22824541456484154,1
28470,0.1177528773033896,0.17794058220018683,2
28473,0.1112444407745553,0.12372610200589107,1
28475,0.1053713466463068,0.09974540286158322,1
28476,0.1157212624475068,0.12988585947952908,1
28477,0.3462146697743316,0.27098313716590816,0
28478,0.1388740211988833,0.16501902388364523,1
28479,0.2181971126761926,0.192895107779834,1
28480,0.1015606624320585,0.0983477884328655,1
28481,0.2009917441781128,0.1515972800215241,0
28482,0.7349103431333222,0.5983553216992463,2
28489,0.5008676699450308,0.44828019168215516,2
28492,0.3375935566307887,0.4078751691224193,1
28494,0.2215940150996191,0.21990876868655498,0
28495,0.1045588863551858,0.08559760584979492,2
28496,0.2514173337418572,0.1769152620980836,2
28497,0.1678450290171915,0.17547950908168172,0
28500,0.0659344677522514,0.05944732119580431,1
28502,0.5576276225359961,0.5387948843238339,2
28505,0.1965254039185011,0.18647168286830956,0
28509,0.0601598818333416,0.046410155282335476,0
28510,0.0581229718527211,0.04456519008755237,2
28511,0.048174136000044,0.051874720716530126,1
28512,0.1295730497939832,0.08271195857060573,0
28519,0.1268726862596293,0.14882367536446264,2
28521,0.4652236191018563,0.49360336420845474,0
28522,0.7026600633263705,0.7589217770875571,1
28524,0.072385358653638,0.057822918078507674,2
28526,0.0760669921908002,0.07025494593997195,2
28527,0.2074691714718686,0.2421768347268327,2
28528,0.0539867626624775,0.0577378503930401,2
28531,0.205771500184277,0.21062961377568218,0
28532,0.8100688096319071,0.7972692304221058,0
28533,0.7429863957960057,0.6787270308601838,2
28536,0.0954841115416791,0.09415159010779985,1
28537,0.1677951617551406,0.16971471509431815,2
28538,0.6126218412066173,0.5893533621153706,0
28539,0.0958298763201734,0.08897218287131614,1
28540,0.0904937656155383,0.1018542752530471,0
28541,0.0513238378041827,0.04026449916692883,1
28542,0.0795742722701851,0.11128194084710527,1
28546,0.0881507764371702,0.08105972665035416,0
28548,0.0437174514381696,0.043022224842727746,2
28550,0.0397372663277166,0.03315684129185665,0
28552,0.2083857526810874,0.16119895667170409,0
28553,0.2925821359496635,0.30860072576139846,2
28554,0.3083103277521103,0.3189994389965649,0
28555,0.3726778952274758,0.4046508481781693,0
28556,0.0449250578896363,0.04072264551513233,0
28557,0.3043760914643225,0.281596175311423,0
28560,0.1554482589196896,0.12607593892956753,2
28561,0.1756866285311324,0.16740374462616128,1
28564,0.1302120139222398,0.08320851185635142,0
28567,0.0583848430894799,0.04826619302388464,2
28568,0.1393535871093221,0.16144863127128506,2
28569,0.0896600331235398,0.11791893606612289,0
28572,0.0967519324012579,0.08618064441182668,0
28574,0.0229100293016883,0.03382277532830178,2
28579,0.0257241395409226,0.018969420745015973,2
28580,0.3360273557357344,0.3765908907842812,1
28581,0.1533544698896447,0.11079668655067951,2
28582,0.8259084542464878,0.7889932267042264,0
28583,0.0636029184989104,0.08495713706732755,0
28584,0.0608332041935113,0.05938985961322912,2
28585,0.2243550333578922,0.26151918000008323,0
28588,0.3149422687043136,0.33064295375088915,0
28589,0.3392667137838529,0.38456104551600845,2
28590,0.0599337746801642,0.058679487771199475,0
28593,0.152601525620417,0.13821684415173321,1
28595,0.3313243810168401,0.292883630455821,1
28596,0.1377173999471175,0.16387075750563135,1
28599,0.2854253091073767,0.23690099281043764,2
28600,0.273575760565877,0.2584272755880643,0
28602,0.1435096964025659,0.1342977185874974,0
28603,0.1093469267802396,0.09387348062810535,0
28604,0.5411425447056493,0.6919157687526127,2
28606,0.1964306977703772,0.1658721711745353,1
28609,0.1525282877397954,0.17853791426333906,2
28610,0.1046903668864903,0.08604757451144895,1
28612,0.5845231284641862,0.6307977658010409,2
28616,0.0938531512969623,0.06800638443358385,2
28617,0.2063562174683319,0.1556180324521341,0
28618,0.1593876619733749,0.16424931549280536,2
28620,0.1165459343608858,0.09263980641657235,2
28622,0.1192367195156161,0.09549687253053854,0
28624,0.1901210320012297,0.20895621425521183,2
28627,0.0768399719983886,0.058766787524881174,2
28628,0.2091132013813937,0.18620215594004497,2
28630,0.0321278925235838,0.04318018705460418,2
28632,0.1188724160380583,0.06881376469944972,2
28634,0.7714797763476708,0.7300795578007597,1
28636,0.7640767695654013,0.6680730097825867,1
28637,0.1419480306772746,0.13287140797894031,2
28638,0.3890630623632324,0.3778505941841813,1
28639,0.153940391447588,0.13742542521617654,2
28642,0.5911174147594795,0.5163515564058729,0
28643,0.0737190524345778,0.0766285648237216,0
28644,0.0803273374369161,0.09212916404924597,0
28645,0.7533009505135527,0.6422940105186914,1
28646,0.0697562650940974,0.0456034119498916,0
28648,0.2348785329947816,0.21272215661281862,0
28650,0.0968889909334285,0.10292951011973232,0
28651,0.1999349581703794,0.23729178887815155,2
28652,0.2131783715285302,0.2429200795054327,0
28654,0.0265134642484243,0.0206016267328516,1
28655,0.217426058372927,0.2525863745945156,0
28657,0.1303740334303539,0.1494625296595254,1
28659,0.0514363522456832,0.0423294955097099,0
28660,0.0381108647536522,0.04105582328915908,1
28661,0.1097182664166306,0.11659837671906516,1
28664,0.3000078609504343,0.34102205243690364,0
28669,0.1009570386840786,0.09228415016411133,1
28670,0.2101195450007471,0.18948534935405842,1
28672,0.0341436927479262,0.030418932377378277,1
28674,0.0666102244966703,0.05464354016789615,1
28676,0.413727171785451,0.34479611425087603,1
28678,0.0283201096111913,0.023472885998234,1
28680,0.0954779275733354,0.0915857137935415,1
28681,0.0878689257165555,0.0857412210308232,0
28682,0.1108125995827397,0.09990300128302361,2
28683,0.0509428337454891,0.035079121208358204,0
28685,0.0988774261278695,0.0829678953016019,0
28686,0.1314949877241977,0.12905967915306385,1
28687,0.0576570311623958,0.05578782741387297,2
28689,0.17122249112731,0.12592364513985854,1
28690,0.2505420251275899,0.237533057937462,1
28692,0.0258324002763196,0.020759876248003926,0
28693,0.1089051660098948,0.11376611232436165,1
28695,0.083347887487848,0.055896543398806404,0
28696,0.0278635197847589,0.035840808448404725,0
28697,0.3189641942922722,0.3889140153767482,2
28699,0.0443518806125963,0.04817520902131097,0
28701,0.1130414202298534,0.11387377537335165,2
28702,0.0830239461111829,0.06124323129852008,2
28703,0.4211378993593074,0.4363429773710925,1
28705,0.2221724784002526,0.2435367093992849,2
28708,0.0708780178271554,0.08686707463706307,0
28709,0.0411775938984097,0.048098943696115656,0
28711,0.0946081249674547,0.06707538375713133,0
28712,0.4099719537597892,0.37197679068105227,1
28716,0.0208453185629534,0.015561258166648925,0
28718,0.0189338531268741,0.0265193761773092,0
28719,0.3185573929669203,0.32903585455054657,2
28720,0.3250988264995299,0.12901160521899385,2
28721,0.1494842710654531,0.15604794241087955,1
28722,0.0502798801299761,0.052048013321749825,2
28723,0.1313013762087777,0.15924279148355894,1
28725,0.0467236054974206,0.04545069443327082,0
28726,0.0555220289412408,0.05990727006118055,1
28730,0.1335616033418643,0.11247692479871829,1
28737,0.1864362027851792,0.1851048143831968,2
28738,0.0561892354567622,0.0507587212148961,2
28741,0.2010438734864583,0.22819206079979992,1
28742,0.1143174076645474,0.08062912810695495,1
28743,0.0117073155506784,0.013912869770381225,0
28746,0.1883844133116386,0.1385563609932294,0
28747,0.1332658058650237,0.1438357312356178,0
28748,0.7201507249785914,0.8482217355724371,0
28750,0.2206140441980129,0.1967734234929239,0
28751,0.1218242842822942,0.14927434694313288,2
28752,0.1614411765223413,0.16506040500467495,0
28754,0.1202655439462764,0.14892338099282068,1
28756,0.083496606754729,0.06604172023000826,2
28757,0.0309565748222289,0.020046653145278703,1
28758,0.0451952870942895,0.03110797700698925,2
28760,0.0753756461612791,0.06247237174584185,1
28762,0.3498941968031863,0.36264453114685674,0
28763,0.2547398000499238,0.2910822959182624,2
28765,0.2167736231167545,0.19692502078555119,1
28766,0.0656593346126301,0.06790083147336905,2
28767,0.7568242845180693,0.6543971712291047,1
28768,0.1095493333707277,0.0803925234667417,2
28769,0.0414070801674829,0.0306145090762719,1
28770,0.1351037825425646,0.11950013864415374,1
28772,0.0577131209779409,0.04394120569324115,0
28773,0.1674151839799573,0.156308509555682,1
28774,0.2314015382856855,0.22245435795690444,0
28779,0.1581461977502287,0.1493647647085878,2
28780,0.3263981842002224,0.34540174817370495,0
28783,0.0714600929218073,0.08568094563135384,0
28785,0.1367982473641535,0.14249278123211584,1
28788,0.0943718052805632,0.08888383559682805,2
28790,0.0724359702690634,0.0815370958177173,2
28792,0.3377118185286919,0.3972137399829132,0
28793,0.0993570585973167,0.09638647362157046,2
28794,0.1361406712217738,0.13410605219710262,2
28795,0.1467019454067096,0.23486541201090416,2
28797,0.3040372595046747,0.3096144625765582,2
28799,0.1057556623482214,0.11388705585345088,0
28802,0.0660162152889535,0.05706328020606785,0
28803,0.125445737543414,0.09623469963075096,2
28805,0.2690350623037902,0.29651177239084425,0
28806,0.0515100676452006,0.050811437602808075,1
28809,0.0677623002731326,0.060742464467523793,0
28812,0.1012919387737006,0.1071023381508985,1
28813,0.0783488489491697,0.05002232305908105,0
28816,0.5224609626534279,0.6850292195826758,0
28818,0.0842138916577835,0.06623838381361408,1
28821,0.1704010033254961,0.18816756467931095,1
28822,0.0470423637936209,0.12892032025708447,0
28823,0.0376880910466029,0.03187782939427542,0
28824,0.1648799348548244,0.14008551555908255,2
28829,0.0938279515073896,0.06592153467415376,1
28830,0.0841191894229121,0.07094084440818339,1
28831,0.148775717055148,0.1430772759891943,1
28832,0.0906170218871146,0.05383760506703333,1
28833,0.0838920578942905,0.0720621012286756,1
28834,0.3072664798343689,0.27280573202637975,2
28835,0.0887599594307779,0.0933120233153207,1
28837,0.1204364881372243,0.1558716730806644,1
28838,0.0516122942536729,0.038903782581423,1
28839,0.1918055802171077,0.2652881494842777,0
28840,0.5943903402580981,0.5870892601731681,1
28842,0.2934390738026514,0.33239781417849223,2
28843,0.0462361179616044,0.046594690257061554,1
28845,0.0590023660434721,0.049308014132025305,1
28846,0.1477351179094637,0.12548166724129978,0
28847,0.1844605277031262,0.13927436548761518,0
28848,0.1196946699735176,0.13122529529631133,1
28850,0.0620296338841301,0.047631552984557,2
28852,0.8356792224995974,0.8886249699196418,0
28853,0.0732992607760504,0.0763588796844855,0
28857,0.1689716394093594,0.16050670713850937,0
28862,0.023835624459942,0.025332822562893275,0
28868,0.0686608940721816,0.0408163260565961,2
28871,0.138800792984394,0.17066215278627794,0
28872,0.1278791000723101,0.12752947706657902,1
28873,0.0830604304615323,0.08171367855801612,2
28875,0.304767007980202,0.23113833871982356,1
28877,0.1045784031909372,0.10012649357292809,1
28878,0.0781536017709195,0.061003988357067274,1
28880,0.8454125494783097,0.7512231708040806,2
28883,0.0821261450534961,0.06864952151871048,2
28884,0.3343409602786814,0.29210044560091364,1
28885,0.0816242184154406,0.06667553543907136,0
28888,0.1069174264852547,0.06822248063049212,0
28889,0.109531113236985,0.07625841002859257,0
28891,0.309070779070961,0.3304703789320061,1
28892,0.1344958582398545,0.14267695161563126,0
28893,0.2261097934459336,0.2082789546896684,1
28895,0.1607444992213257,0.1841582359346708,1
28899,0.0999966338586835,0.07880448501075547,2
28900,0.7642743490403802,0.6518411066954911,2
28901,0.0383050043445079,0.02697617335524525,0
28902,0.0688187727696713,0.07393625407386162,0
28904,0.0267404699586799,0.023158642804461952,0
28905,0.0778061582412682,0.05595770234361465,1
28906,0.0677798140082257,0.06994617988990262,2
28907,0.3032300821213504,0.2530479760025162,2
28908,0.1389055833579556,0.19305122391796087,2
28909,0.1080784170467234,0.10613709696067873,1
28910,0.058527676617159,0.04522201966881648,0
28912,0.0500787142723639,0.0407262344344207,0
28914,0.0711977926628999,0.0526100546323051,1
28918,0.0675221837640921,0.0884157470898758,1
28919,0.3473138306926438,0.4198703160475916,2
28922,0.0767868364615356,0.06570887034531085,2
28923,0.2492190955325471,0.2005961419993074,0
28924,0.0741706659718437,0.04785074062114217,1
28925,0.711907189548559,0.7540650937066338,0
28927,0.2658335418456184,0.33443562741779975,1
28930,0.1450621054906764,0.1317572921408789,0
28934,0.3310226937646918,0.34973155235845443,0
28939,0.1177180769869488,0.0838713093278352,0
28941,0.6224624168606486,0.657238213494192,2
28943,0.0292409087956607,0.02541529038439095,1
28944,0.0873440761351011,0.07879125125657337,2
28945,0.2894889856172403,0.3039194080952098,2
28947,0.067075576831418,0.08191379119511405,2
28951,0.2590982869827444,0.1892766152612958,1
28952,0.1746806123010285,0.1843691908553277,1
28957,0.1127654345764009,0.09745532632545045,2
28958,0.1438307129421269,0.10795020129101875,2
28961,0.1019445372000123,0.12090873234848735,1
28963,0.1566163371027298,0.1408728850268409,2
28966,0.105483265769939,0.13878797838294835,1
28968,0.0279344456556223,0.0421224839674547,0
28971,0.2007517291575912,0.2565249060450549,0
28973,0.1135478677873237,0.10709384690352772,1
28975,0.7941903384420077,0.7103981306880767,1
28976,0.0732172637974117,0.06081995001452145,1
28978,0.1436970966872588,0.14667523482402586,0
28980,0.6268373589462984,0.6000725197210148,0
28984,0.2837272804696325,0.3120054315873294,2
28986,0.2812307079921576,0.2198730201438541,2
28987,0.0138667044731518,0.03795479657787315,2
28988,0.1309889467097212,0.15504374567862708,1
28989,0.3364098307315803,0.45327088233860624,0
28992,0.1932590758841105,0.2053410031879482,0
28993,0.1107956398679711,0.0974771082127836,2
28994,0.0195063783476473,0.0171481897281688,0
28998,0.0212404348482172,0.0377344203313384,1
29002,0.1686657114355544,0.19160894164394557,0
29004,0.0290743202532891,0.03353934472838732,0
29005,0.6031256177993745,0.6896202863399348,2
29006,0.2231398140628674,0.18177481064918047,0
29007,0.3019408795933974,0.2717494577074558,1
29009,0.090443577436682,0.07168763163744477,1
29011,0.0783535709978409,0.19381343280544844,0
29014,0.1326490091916317,0.1224128204997288,0
29015,0.0265429592256103,0.028970034610684925,2
29016,0.6473165934668832,0.7283729585915064,1
29018,0.305468085219986,0.23157712086257648,0
29019,0.1771065204901878,0.13630263284319438,2
29020,0.222697020074103,0.25037291255370087,1
29022,0.2017869694174446,0.16941574362752643,1
29024,0.0743692867159927,0.06276850930948025,1
29025,0.1363860700372222,0.1514004527312944,1
29027,0.0983526164667178,0.09398709787072727,0
29028,0.1270393060111325,0.16218627057742768,1
29029,0.7410659339480349,0.6812877234242052,1
29031,0.1168468420858375,0.18484573695561876,1
29032,0.1738692472394989,0.13660699336957766,0
29033,0.1031663672541716,0.08798908848213127,2
29034,0.3287280114787181,0.31166016099748084,1
29036,0.2006780570850069,0.2339822150833504,0
29037,0.1011824583945373,0.08614658291114564,1
29039,0.2906351854085438,0.28685839950045977,0
29040,0.1128237273944711,0.12500693154168455,2
29041,0.0533156697115871,0.04287447379497197,2
29042,0.3101108999956602,0.20420982247964203,1
29043,0.4077464102464521,0.4030045079549939,2
29044,0.123307986047874,0.11954850703418488,1
29047,0.1848742931845224,0.1607692598195038,0
29048,0.1009178085516925,0.07858476776479857,0
29049,0.1917698139275846,0.19563407692501297,1
29050,0.4369170544514857,0.5036640239253665,0
29052,0.4133572278312227,0.44361137257907735,0
29053,0.5673453766867127,0.6222037122013485,1
29055,0.0905259137771766,0.0788116509110465,2
29056,0.119318105793784,0.12746428797554885,1
29058,0.0533642371317259,0.04634638102226692,2
29059,0.1328445662570282,0.12733041065411532,1
29060,0.111940730240574,0.10498028763298185,0
29061,0.0989610098425282,0.059155336224975055,1
29062,0.0578794714853294,0.06584655512767887,2
29064,0.0620822310704379,0.06494563699812067,2
29065,0.7143416238127259,0.7162636025775253,2
29069,0.107213535465876,0.1323020119133345,1
29072,0.0487076301235412,0.03415544149392315,2
29075,0.3250203959415505,0.3792289062181063,2
29077,0.1855080751493531,0.161480179551082,2
29079,0.6228848722797293,0.5504678006702292,0
29082,0.4259820908323884,0.39640403195500173,2
29084,0.0870624404632501,0.06238122096072861,0
29085,0.5028104946635822,0.4873121822031723,2
29087,0.0841053203894802,0.10325380091809357,1
29088,0.3771538557413676,0.48568851618445785,2
29089,0.1218442951353743,0.12519027748941858,1
29091,0.1904073456323382,0.22231412450532673,2
29092,0.3435826326211047,0.3454771920755437,2
29093,0.2077948224826357,0.235353955989473,1
29095,0.1654510297147485,0.15396414231122652,0
29096,0.1142530460040089,0.11035804181488665,2
29100,0.1593495263002064,0.14028495369548083,1
29103,0.1879375268101751,0.13536566527896038,1
29104,0.0990770682635728,0.06949293228041298,0
29106,0.5499784102497934,0.473211150641904,2
29111,0.1295807584962976,0.09077211154217603,0
29115,0.2285460464279664,0.20187591905638816,2
29117,0.1893783569596923,0.17870831284213698,1
29118,0.0838408552253992,0.10239605509644165,1
29120,0.3095030337676066,0.3148325155337068,2
29122,0.5580535981769396,0.684828678058693,2
29123,0.1334222010733931,0.12389962284952524,2
29124,0.1103714344405004,0.13909542733134148,2
29125,0.2193998680790701,0.3119099473470749,2
29126,0.1686445371937083,0.14485192883328518,0
29129,0.1835970272727621,0.07454774876833554,2
29131,0.0307427916487767,0.028068461908639247,2
29134,0.3682024337117722,0.25657166347569177,1
29135,0.1360214434772311,0.10756903799945,2
29138,0.0955530090760117,0.09466054267582408,1
29140,0.1607976146440947,0.2082992520451722,0
29142,0.0120630695139798,0.009043999743143575,2
29144,0.1557013169210148,0.15274637699450397,2
29145,0.1968549622129181,0.25287899041020223,2
29146,0.0563291274685779,0.06338873796160167,2
29148,0.0395487219757273,0.031157531744299798,1
29151,0.7248348771096267,0.7265471193617767,1
29153,0.2977785238655127,0.2639436943152045,2
29156,0.3181628424910199,0.3668734097503101,1
29157,0.0912932846586239,0.11417750982313599,2
29158,0.4731825319483188,0.5349362336797779,1
29159,0.0797000848026643,0.07973994225815557,2
29162,0.7040098348858295,0.5486303088738609,1
29167,0.1536929047847317,0.1515077984248481,2
29169,0.0902540491489568,0.08566120192929422,2
29171,0.4417575700806495,0.4204325703307276,2
29174,0.2239639328163452,0.1281654669233995,0
29177,0.8468483365280393,0.8663576188353939,1
29178,0.7958735830708947,0.798667294645199,0
29181,0.7022222933547626,0.7238666045954529,1
29182,0.0954124242401762,0.07660997450937668,1
29183,0.048338883972808,0.045878315308160694,2
29184,0.1131716305146949,0.13111235876139016,1
29186,0.6090369878317219,0.5931710965375893,1
29187,0.193252395734722,0.18862937196102036,0
29189,0.1229950332876142,0.10180610397705482,1
29190,0.3662689147110433,0.45263422019128363,1
29191,0.1174982436872208,0.0725785769429173,0
29192,0.0256262638984808,0.0322333230788739,2
29193,0.2319005165169994,0.1803998045912395,1
29194,0.1458669149871054,0.1194258825544707,2
29195,0.1273454882427449,0.13851590864966704,2
29197,0.1048587798433619,0.0874386465493574,2
29199,0.1170886334824863,0.10211713321594332,2
29200,0.157493801115973,0.1494574212101057,0
29201,0.2369573999746135,0.3335175499224636,2
29202,0.6069588693908584,0.541771571336503,1
29204,0.1185098806747412,0.14089563251365667,2
29205,0.1740705231125043,0.17411898846221618,0
29206,0.3117204575973291,0.27767754974234427,1
29208,0.0796861134397738,0.09631054672336631,0
29209,0.1322980606241949,0.1330141148624169,1
29210,0.2001634910458862,0.17951270021125343,2
29211,0.424372077810885,0.47769926433236254,2
29212,0.1587851328466428,0.22016481499852267,0
29213,0.0828853590001238,0.06842796051642566,0
29215,0.46531743598935,0.42941293685517046,0
29216,0.184350280664761,0.21397749686795886,0
29217,0.2019509065094713,0.2538618521436127,0
29218,0.0808345732669097,0.08327057242201405,1
29219,0.1393370682167048,0.10392238680517936,1
29222,0.1269019114447908,0.10024061256285725,0
29223,0.4036875349350098,0.412024192794731,0
29224,0.1958920951188766,0.18359377162924656,2
29225,0.6219957167121888,0.6393367743523259,0
29226,0.1085470065478808,0.07598627371472395,1
29228,0.1957592163374891,0.18512184451577543,0
29230,0.1371585861230425,0.12604213558355296,0
29231,0.1716057283703169,0.14293040007889177,1
29232,0.1771785569350961,0.14395169769526553,1
29233,0.1316975592148692,0.1691875730762828,1
29234,0.1829456229087737,0.24073600096098957,1
29235,0.327571434953747,0.26646169714319434,2
29236,0.156587975431488,0.19198409606239591,2
29239,0.3979581815086978,0.5159020511100199,0
29242,0.3297497188256533,0.3327970909289898,2
29243,0.2712940573404385,0.22280438628160215,1
29244,0.1576937648617385,0.1456739044282338,2
29245,0.142139804896617,0.17428535245827967,1
29247,0.3729046490780546,0.43324487862639705,0
29248,0.3505333291265404,0.3010894396347311,2
29250,0.8661003932069203,0.862174661526208,2
29252,0.1738524126042141,0.15526463125658369,2
29257,0.1484414584967462,0.11805063926701052,0
29258,0.1520239995341213,0.1425387624147969,0
29260,0.0692301872601858,0.048233316570108355,2
29264,0.2640538208131603,0.32852086319313306,0
29265,0.1461880478930231,0.1266381241817714,2
29267,0.0746924490245524,0.10170349305418792,2
29268,0.1619439537591959,0.17662698629320048,1
29269,0.7345542296197344,0.6963940025170144,0
29270,0.120744569284837,0.10993605804687749,1
29272,0.1624852428075739,0.2066782931929786,0
29273,0.200626183998419,0.19463175134648855,0
29276,0.6365642198988323,0.5756729620067902,1
29280,0.1030757312333143,0.10308799895692546,2
29281,0.0367135984650408,0.03742658599790245,1
29282,0.4510789352541392,0.4284493603532169,1
29285,0.0752832679552408,0.05814637994705975,0
29287,0.4437935711034982,0.4732923209393482,0
29288,0.2280743440506312,0.26632652365103276,0
29289,0.0926382875463773,0.08526612055204383,2
29291,0.6293634074821761,0.4832271048617921,2
29292,0.0947150634119734,0.10065764256848139,0
29293,0.7141917830431933,0.6960317790989344,0
29294,0.0379372899055644,0.0224813666276805,0
29298,0.1358137486094529,0.09469986585000557,2
29299,0.1637598744353257,0.24151219448671307,0
29301,0.789158672600654,0.786893508937889,0
29302,0.2402740361117416,0.2830933200094836,0
29305,0.0583324965010114,0.0428305266936167,2
29306,0.1154866206073436,0.11187220291045305,2
29307,0.2159756041141101,0.2120375472550349,1
29308,0.0381727287246904,0.034729706856339276,1
29309,0.1089670155327491,0.1345753673575412,1
29311,0.1106893295826854,0.11043833984545046,0
29312,0.2978246919151452,0.21482709770647496,1
29314,0.1526486356888013,0.11800110700591393,2
29315,0.1155695722884196,0.1701811471433674,1
29317,0.286396468473049,0.33460240792149265,0
29319,0.0987455585235892,0.11691417056146262,2
29320,0.0524358586426726,0.0790478460931838,0
29321,0.0778113404240799,0.11036282150700602,0
29323,0.5787150676156075,0.6225288831623805,2
29326,0.139097904350794,0.11456293668031192,0
29328,0.0822471670274911,0.061416938901725275,2
29329,0.1142804138731432,0.1235304969626562,1
29330,0.0808727411957875,0.075503625698112,1
29331,0.1219266706769592,0.12182841729164258,0
29332,0.101904556321907,0.0812396643888699,0
29333,0.0650314444221326,0.08049766089361503,0
29335,0.1192407594977603,0.1386532015919779,1
29336,0.079728072505374,0.0692262374528879,1
29338,0.0906920746698666,0.07663441256376377,1
29339,0.6277354600760537,0.4142669041917951,0
29340,0.2991530271541147,0.3197123628615572,1
29341,0.1621301102818525,0.17464320407420886,2
29343,0.5958393899698776,0.526398457566269,2
29344,0.0774296276695082,0.11455676972746981,0
29346,0.58084184441306,0.5397585980481469,2
29347,0.0657656581097848,0.08674456174568895,0
29350,0.137188959720094,0.1342147333619052,0
29351,0.0352724285580039,0.023883901518194098,1
29352,0.2303381198808968,0.24353356851289581,1
29353,0.2109901664571786,0.19189873683167258,1
29356,0.1982758950355716,0.25388369599810173,2
29364,0.1188077553047978,0.12020173629648276,2
29365,0.2164464475029602,0.1613323087221879,0
29367,0.8119268563827597,0.8642927585388046,2
29370,0.1117219141146121,0.1311483270528555,2
29375,0.3713693064203122,0.4095430181536739,2
29376,0.0966840973632355,0.09830952751217993,2
29381,0.486787729264679,0.4739128926310784,1
29382,0.1507247475386393,0.10505215523852962,2
29384,0.0511744200929004,0.04385376457628337,2
29385,0.1108899677414583,0.1298163739200275,0
29387,0.0990189308542074,0.06701965021618563,1
29388,0.1458067473380067,0.1362483676609038,2
29391,0.0269659548245243,0.020910580060428324,0
29393,0.0479522709579451,0.038909043501218446,2
29396,0.1693395612304322,0.17518925517758582,0
29397,0.0673659148674024,0.09793114588985205,2
29399,0.2467826337593442,0.2627691451458093,2
29401,0.161664023438047,0.12007767794806695,2
29402,0.1129081391923329,0.14185100067142667,0
29403,0.1335576573104559,0.1360586994667991,0
29405,0.0510436905657479,0.09117252978960136,0
29406,0.1446648930642121,0.18386735594466957,2
29409,0.4617145885273747,0.4942157044021977,0
29411,0.1168677953034971,0.09753624459476053,1
29419,0.8464225279774937,0.9043751307744745,1
29420,0.062770643338076,0.04402663755911152,0
29421,0.2021521865309643,0.23513115240455684,0
29424,0.0215067723763087,0.016545622849528225,1
29425,0.1088518422324205,0.09415123218371214,2
29426,0.1779043643374554,0.163681476951585,2
29428,0.3411208338671385,0.37441372770011855,0
29430,0.1244021504787309,0.09080038119475842,0
29433,0.450462399911121,0.5060102928274447,1
29438,0.2269681791590145,0.1837573384204504,1
29440,0.1864366203455103,0.19220051419891016,0
29441,0.0616372469438715,0.04189303253991555,2
29442,0.0877863624856661,0.06689553182301522,0
29443,0.1074638118764664,0.1004352807760244,0
29447,0.0731932835292846,0.07625466694303956,0
29449,0.3166997271850568,0.33605008994283836,2
29450,0.1833184164156542,0.1703241238726317,1
29451,0.2429096346701666,0.23990743623074598,1
29452,0.8659933506585137,0.7620285400409946,0
29453,0.2168544254755247,0.40225191306433783,2
29457,0.1424444111348643,0.12905139348252062,0
29458,0.0717861155283112,0.06556939315339504,1
29461,0.1248209604743891,0.18981240490911866,2
29462,0.0394226695349981,0.048621650250656324,0
29466,0.0634302191722416,0.058090772765021725,1
29467,0.5542229615208943,0.5777525926338569,0
29473,0.1719140334729796,0.12371723571440846,2
29474,0.2863685439383959,0.267828281202072,1
29475,0.1037974262288039,0.11640372642472513,1
29477,0.0485131822164529,0.04121495177330414,2
29478,0.7483884641295144,0.7176379411246263,0
29479,0.4001987689165975,0.515725879466237,0
29481,0.3160069097843988,0.3211175834538106,1
29482,0.0484737868638828,0.04546407709953682,2
29484,0.0769695768586737,0.043453868532641056,0
29485,0.1220279469320886,0.08031323214556442,1
29489,0.0985916301183391,0.11593224088433768,1
29490,0.1530986335398204,0.12831286097438782,2
29492,0.1804978348268594,0.28056025568400583,0
29493,0.2172103834826416,0.2708644064232902,1
29494,0.8391097783405804,0.7707470866896178,1
29496,0.0676881501897015,0.05319515757084677,0
29499,0.2606780633090041,0.3037291730581163,0
29500,0.1614158970625931,0.17277911722993938,1
29501,0.8193500354818972,0.7015911856011353,1
29505,0.6292438477643214,0.5537614082120763,1
29508,0.1743877033951728,0.15227688433339587,2
29510,0.3490123875318263,0.47534802158182493,2
29511,0.1552779667256902,0.13159288418524467,2
29513,0.2708755511769866,0.2525482671032966,1
29522,0.0672982257731465,0.047664519792985575,0
29523,0.2400975759737315,0.2727639951162818,1
29526,0.1815393431599562,0.14350321289749274,0
29528,0.0770682985254822,0.09028756434225747,1
29530,0.1657580287543723,0.1619361867860472,0
29531,0.2198452336769958,0.19232336538775424,0
29532,0.3400387679187281,0.36452080249611923,1
29533,0.0813319911815393,0.07891220352300068,0
29539,0.7963047635714735,0.7630840635934151,2
29540,0.113897526564028,0.10263931165738027,0
29541,0.1621466544830166,0.1612301619703591,2
29542,0.5462056856885478,0.48585495522499056,0
29543,0.1470008984611641,0.10096898650995528,2
29545,0.1352059280167047,0.16081407627750657,2
29546,0.1416515434815069,0.14213513797455377,2
29550,0.0584835110604546,0.08338089005766364,1
29551,0.7050572803607656,0.6519862527311077,2
29552,0.1639096330326429,0.180950691336546,2
29553,0.0752863117735477,0.07817325627471819,2
29556,0.0745265903177858,0.058516672190264366,0
29557,0.6252238725543754,0.6247918394498726,0
29558,0.2846763298479801,0.31113160151837904,0
29560,0.1612613374395076,0.21468732506536115,1
29567,0.168307887114132,0.2302504041312048,1
29568,0.117776530084221,0.13310106876973657,0
29571,0.8168960033958801,0.7759359153743222,1
29572,0.101433241797615,0.09442513722357479,1
29575,0.1437862186055178,0.12165495337521426,2
29576,0.6367832502752984,0.6491451142024744,2
29577,0.5795019490955851,0.5669524215901545,1
29578,0.2431703960012746,0.2845830281956086,1
29579,0.0710870647266706,0.08211231407468375,1
29580,0.7985737969809896,0.8976840821900214,0
29581,0.0731612965789373,0.05428170818119765,2
29583,0.2157818458879301,0.23095888985010832,0
29584,0.1764376477106775,0.20044708489686447,0
29585,0.0552104865928443,0.05700182681538575,0
29589,0.0694642778807911,0.08040471722960411,0
29592,0.1839511957101101,0.22153411950386248,0
29593,0.1730779570706111,0.21827897788818817,2
29594,0.1780813065682401,0.17490559653225765,2
29595,0.2592879237560672,0.23064107726803015,0
29596,0.0490713973033018,0.033805047181018455,2
29597,0.0719203391841862,0.06817865733124898,2
29598,0.0864852279158024,0.0881527710325247,2
29600,0.129863744520529,0.11723715643058313,1
29602,0.0767833552816953,0.06617971598010758,1
29603,0.1164051001637912,0.09999354666103141,0
29604,0.5999963734036003,0.6551768706137482,2
29606,0.2394957868674831,0.2363989720209102,1
29609,0.3931085164116278,0.4426066865967001,0
29610,0.1441770588230624,0.1902727924757075,0
29611,0.0875490665253171,0.07875305739404712,1
29612,0.4405394783785857,0.4732572069513014,0
29613,0.4003852784109765,0.3675548617798073,2
29615,0.7089515132662795,0.69537407430122,2
29616,0.2750215279723064,0.3034253709671536,0
29617,0.0904201095439985,0.09363860524994647,0
29618,0.1581769777292981,0.23268986890446466,0
29620,0.5554498192476472,0.597196079473423,2
29621,0.4588033176142813,0.45644263871396684,0
29622,0.191929285091884,0.21241946464527428,1
29623,0.8757542066572602,0.808285013651563,2
29624,0.0830216503127262,0.07208313975615195,1
29625,0.1135023801619871,0.08154228463886948,0
29627,0.1521492744624838,0.151096613103136,2
29628,0.1636871407738977,0.17955730666150846,0
29631,0.0980733839170603,0.08210806831698285,0
29633,0.1519897165489921,0.10295094367906135,2
29634,0.1152219409120684,0.09733568930845579,0
29636,0.1334752825108066,0.12439695555237704,2
29637,0.3604567968757521,0.33275394442752215,0
29638,0.1645221068161185,0.10915897027124848,2
29640,0.0702776930591371,0.08160353031488285,2
29641,0.1815386996197236,0.16704301750967274,0
29646,0.0693222064932224,0.0467961040380234,1
29650,0.024416283634817,0.060417339805047696,0
29653,0.0584833992526398,0.045986242932004956,2
29654,0.1127893579501933,0.09401501147864685,2
29656,0.0189858664742597,0.017303681238509675,0
29657,0.1836482556043688,0.1621979474805342,0
29661,0.274908310607679,0.28056473426084,2
29662,0.0218236063952594,0.0305552285073598,0
29664,0.1079715759292948,0.11635888137311808,1
29669,0.6245228286876335,0.6642426581647916,2
29671,0.7073395786710327,0.7574105734897556,1
29672,0.154099512384267,0.16661122975147047,1
29673,0.3326090950238662,0.26721848812688054,2
29674,0.0525756309199637,0.0543692288495858,2
29678,0.1585406100681171,0.11063049045054454,0
29679,0.6141303994757648,0.6649741995342371,0
29680,0.2276866710689227,0.31333040116658506,1
29681,0.5610667078579529,0.5574949511190409,1
29682,0.4375583853689887,0.43144869482228115,2
29684,0.2071107017195941,0.13716755691312094,0
29685,0.0547342215841958,0.040317121998503576,1
29686,0.1227499005218107,0.06594283033017292,2
29689,0.6656122123321796,0.6619887188378714,0
29691,0.0686222826994838,0.08663441886247124,1
29693,0.1015645231995405,0.1145208474667552,1
29695,0.1714414422044786,0.12726800531141805,1
29696,0.2712605402400805,0.23426375954579823,1
29699,0.1131945344251459,0.07682907769158623,2
29702,0.6065156153428677,0.604951153359196,0
29703,0.1507722504365699,0.1371764928038905,1
29705,0.1867824090707817,0.1285583681858882,2
29706,0.3766880322859646,0.3899693499095187,2
29707,0.0390306858872194,0.029512419707604525,2
29708,0.5052754254255514,0.4479243506324351,1
29709,0.5625827425627001,0.5697551067569462,1
29711,0.1184839735946162,0.0923479360074347,0
29712,0.33248436620773,0.30523978199821017,1
29717,0.658337393066339,0.6383046133717165,2
29718,0.1029356936963965,0.1218203110027288,1
29719,0.1561467707689633,0.13534785463410248,0
29721,0.0839976509976316,0.06928829877881967,1
29723,0.1406287061568367,0.11907710335998883,0
29726,0.119572627498164,0.1140359367551275,1
29727,0.6860253224010215,0.7826442806815331,1
29728,0.1141341205645645,0.09983338621305321,0
29729,0.2970627072564871,0.34895839873907847,2
29731,0.1827365151271274,0.2005945966882981,2
29732,0.2098658196714216,0.13439006571137466,2
29733,0.5221392736222903,0.5582116372021322,1
29734,0.0528587114073194,0.0518170739717424,2
29735,0.2220141811248411,0.20045413134738,2
29736,0.7477509898460117,0.7930571796629043,0
29737,0.0832666768754336,0.0741790874336371,1
29739,0.1568661450803454,0.15477911221896107,0
29744,0.2221854648876974,0.20394322611053167,2
29745,0.664750656820551,0.7654689218771924,0
29747,0.3385341697134083,0.3019600779471272,0
29750,0.1543966095172922,0.15379571253834481,1
29753,0.3468214788893421,0.38449359632667907,0
29754,0.0606428607341262,0.05257889681511865,0
29759,0.180310742641516,0.15164521330067593,1
29760,0.3565744896627058,0.3324736718888366,1
29765,0.2506936335683341,0.17168721139751658,2
29766,0.176542518247927,0.1338541332456733,1
29767,0.4031997600076016,0.4177613007076981,0
29768,0.4126642095411956,0.40608951470425764,2
29770,0.1765294465955053,0.16331021713739474,1
29773,0.0986411649895314,0.0826256312384934,0
29774,0.1121125885685603,0.12782396253879208,2
29775,0.0966141198299537,0.07471751834055425,2
29776,0.502546670569879,0.5498004654846441,1
29777,0.0912094958993104,0.11780987089667155,0
29779,0.6369195321020404,0.7521799235732359,2
29780,0.0404278804497227,0.05422497473280278,2
29781,0.1788411679708557,0.20055568387123657,2
29782,0.1730340342174018,0.18420478255433403,0
29783,0.1270964073286519,0.15332444532504885,0
29784,0.3679263252892519,0.4021400372178965,0
29787,0.2004847906805644,0.19321737838470238,2
29788,0.368785042905971,0.4311095928528351,0
29789,0.1690315110121671,0.18090752669237242,0
29790,0.0794145502192954,0.08633677907897289,1
29791,0.0863396806920355,0.09368170317750539,2
29792,0.0371221307489301,0.0472289138343197,2
29794,0.1410155327966596,0.16108228663795182,0
29799,0.2425932675431289,0.21692731740308838,0
29801,0.0925585858430209,0.09918376169601982,0
29803,0.1692965141594412,0.3199509937063072,0
29804,0.1875189329782669,0.11252911225957567,2
29807,0.1663957973209287,0.15991308067326987,0
29808,0.1739778044955389,0.27139960356404924,0
29811,0.0915881332536485,0.08838457746836995,0
29812,0.1018955679442198,0.09469114909770157,2
29815,0.5260922501879486,0.423075692212935,2
29817,0.3980430746543134,0.33702615643267103,0
29820,0.1927971784248854,0.1492901019993424,2
29822,0.0404968055231102,0.051938022992065146,0
29824,0.3635946515187615,0.3896144484447207,1
29825,0.8503972799269502,0.8295368312533739,1
29827,0.2064101178852711,0.20612753169832548,0
29829,0.3573315481855971,0.36041815719583165,1
29830,0.1120223614574573,0.14248631668293024,0
29832,0.0765528711028546,0.06639173528362813,2
29835,0.1394798723554037,0.10172709135303351,0
29837,0.2086319857011209,0.23961326116229825,1
29838,0.1741337734935668,0.17161721268538427,1
29840,0.069690347919973,0.07349540943312033,0
29850,0.1385405919357412,0.1155203910774614,1
29851,0.1808736571903044,0.1451909525117252,1
29852,0.2124692094240934,0.1734364704524866,1
29853,0.1124445126458126,0.1515184266291429,2
29854,0.2427253982570043,0.30732373804410323,1
29855,0.0413722111015934,0.05146831168589135,0
29856,0.4628720130058155,0.6063066017543737,0
29857,0.0632186486329978,0.044943697099042876,2
29859,0.1916281799926935,0.3293384611822986,0
29860,0.1638554521895416,0.12401102304052275,0
29861,0.0455833707016984,0.03462925940850582,0
29863,0.2049503236459976,0.29243648782138776,2
29865,0.062741872525086,0.05156669073301407,2
29866,0.4557312211286377,0.5017002425975756,2
29873,0.1697751353329084,0.09188821152518742,0
29875,0.1428995305325464,0.11381736740098101,1
29876,0.0649513220649214,0.060773355322841796,0
29879,0.128505626445135,0.17475918616206373,1
29881,0.1787410761384158,0.22500257536635512,2
29882,0.047430686028937,0.056688319022896796,2
29883,0.2393182965514786,0.27292814988144387,1
29884,0.0812839687973228,0.09063632116163818,0
29886,0.1680458185091173,0.25637592117197644,1
29887,0.082007744249531,0.0655642883976955,1
29889,0.0566079061971468,0.1058585227913144,0
29890,0.0625426695136091,0.04940648294387585,2
29892,0.1219128817310863,0.19331309554403234,0
29893,0.1769323307570851,0.14613542779135566,0
29895,0.1998565607909449,0.19019439677780553,2
29897,0.795304474338802,0.7578424195316695,0
29898,0.1116301935006303,0.08831562942317425,2
29899,0.4236786158872223,0.5456482379695274,0
29900,0.1323719583202168,0.30224539587589744,0
29901,0.2321584911268051,0.2191075941170252,0
29903,0.0582562959921348,0.04009297214589075,1
29904,0.0372093784453754,0.0370292293193889,0
29906,0.3793129515710816,0.3900543109431764,0
29907,0.0705627250505147,0.030094242304061374,2
29909,0.2356358730798316,0.273627183703657,0
29910,0.246616720459875,0.33056568762740784,1
29911,0.2130749783255041,0.18632835135099599,1
29916,0.688596920439468,0.6706963270189619,2
29918,0.2146888348567694,0.39804805771642665,0
29919,0.0752016614267217,0.054959719768238074,1
29920,0.397739486657911,0.374807720283305,0
29925,0.1796528998272925,0.20547865914771501,2
29928,0.0753623272265507,0.06128789654262917,1
29929,0.3403446177595254,0.46869720255866754,0
29930,0.1572021582705352,0.14658277403516423,0
29933,0.5823737230462558,0.6580411954284846,2
29934,0.4465363748704056,0.3870892412630352,0
29937,0.1314855242243126,0.13544612240688306,0
29941,0.4135328336412291,0.512455832721628,0
29942,0.2124441551451319,0.16825885201950805,0
29944,0.0591131164170758,0.07527632575157307,2
29946,0.1644148060220603,0.22580434022908813,0
29947,0.0927971802822255,0.10365896362582692,2
29948,0.2849396503498725,0.39487619334060553,2
29949,0.0865997236788926,0.09166275778950458,1
29950,0.0968271007277178,0.09752656743998099,1
29951,0.4130320275002789,0.46960217683058425,2
29952,0.0835238355436024,0.07937287335665236,0
29953,0.1322284725662015,0.14173219754998567,2
29955,0.1007940843144554,0.10840865800712833,1
29956,0.3422301987844626,0.3697161120632595,2
29958,0.0188089910648919,0.0179578264169461,0
29959,0.0949920059031574,0.10957293837467114,1
29960,0.0344364281381948,0.0416636232748489,1
29962,0.1320260461191157,0.1068142851875209,1
29963,0.2219529335297407,0.23336037935360346,0
29964,0.0335441813983772,0.06394584483540997,0
29967,0.490942491954357,0.6334988304089703,1
29969,0.1370194564228244,0.2266891395518245,1
29970,0.0766882261901166,0.0669056651334888,0
29971,0.0219931900270755,0.030998695486559997,2
29972,0.1353023482614329,0.12746567093215563,2
29974,0.431790153706953,0.46959024670299454,2
29975,0.5418720406591011,0.4923036897487072,2
29976,0.0526181318886303,0.05399736068737017,2
29979,0.0952614894773982,0.10068525548641674,2
29982,0.491972225876587,0.4813348334609101,2
29984,0.0974223906301653,0.1248526149275532,2
29985,0.2519564807573631,0.21927130760808827,2
29986,0.292630573399033,0.3361817938005384,2
29988,0.0803867234430414,0.07178387900237677,0
29990,0.1689622343330791,0.17679055930690354,0
29991,0.217384619470154,0.22937833089992954,0
29994,0.1219710967487106,0.11089077941504008,2
29995,0.8143429918790458,0.8041344942502116,1
29996,0.054712666002429,0.06374495755791461,2
29997,0.1802481527659901,0.2023485553835248,0
29998,0.7847841250513998,0.5350409566038565,0
29999,0.0431183454367687,0.1408135046941098,2
30000,0.1602440734451726,0.16007218979093157,1
